alertId,type,tA,tB,tC,latencyMap_ms,latencyAudio_ms,totalLatency_ms
demo-1781204628643-1999,AGN,57723.300,57723.300,57723.500,0.000,0.200,0.200
demo-1781204628626-1998,AGN,57706.000,57706.000,57706.200,0.000,0.200,0.200
demo-1781204628609-1997,AGN,57689.200,57689.200,57689.400,0.000,0.200,0.200
demo-1781204628592-1996,RR Lyrae,57672.200,57672.300,57672.400,0.100,0.100,0.200
demo-1781204628559-1995,LPV,57639.100,57639.100,57639.200,0.000,0.100,0.100
demo-1781204628543-1994,RR Lyrae,57622.600,57622.600,57622.600,0.000,0.000,0.000
demo-1781204628526-1993,RR Lyrae,57606.100,57606.100,57606.200,0.000,0.100,0.100
demo-1781204628509-1992,RR Lyrae,57589.100,57589.100,57589.300,0.000,0.200,0.200
demo-1781204628492-1991,SN II,57572.100,57572.200,57572.300,0.100,0.100,0.200
demo-1781204628459-1990,AGN,57539.200,57539.300,57539.300,0.100,0.000,0.100
demo-1781204628442-1989,SN II,57522.200,57522.300,57522.400,0.100,0.100,0.200
demo-1781204628427-1988,RR Lyrae,57506.900,57506.900,57507.000,0.000,0.100,0.100
demo-1781204628424-1987,RR Lyrae,57503.700,57503.700,57503.700,0.000,0.000,0.000
demo-1781204628392-1986,Unknown,57471.600,57471.600,57471.900,0.000,0.300,0.300
demo-1781204628360-1985,RR Lyrae,57440.300,57440.300,57440.400,0.000,0.100,0.100
demo-1781204628343-1984,AGN,57422.800,57422.800,57422.900,0.000,0.100,0.100
demo-1781204628326-1983,Unknown,57405.800,57405.800,57405.800,0.000,0.000,0.000
demo-1781204628309-1982,SN Ia,57389.100,57389.100,57389.200,0.000,0.100,0.100
demo-1781204628292-1981,AGN,57372.000,57372.000,57372.100,0.000,0.100,0.100
demo-1781204628259-1980,Unknown,57338.800,57338.800,57338.800,0.000,0.000,0.000
demo-1781204628242-1979,RR Lyrae,57322.000,57322.000,57322.000,0.000,0.000,0.000
demo-1781204628225-1978,RR Lyrae,57305.000,57305.000,57305.100,0.000,0.100,0.100
demo-1781204628209-1977,RR Lyrae,57288.900,57289.000,57289.100,0.100,0.100,0.200
demo-1781204628194-1976,Unknown,57273.600,57273.600,57273.800,0.000,0.200,0.200
demo-1781204628185-1975,SN II,57265.400,57265.400,57265.400,0.000,0.000,0.000
demo-1781204628143-1974,LPV,57223.500,57223.600,57223.700,0.100,0.100,0.200
demo-1781204628126-1973,QSO,57206.000,57206.000,57206.200,0.000,0.200,0.200
demo-1781204628109-1972,LPV,57189.500,57189.500,57189.700,0.000,0.200,0.200
demo-1781204628092-1971,TDE,57171.700,57171.800,57172.100,0.100,0.300,0.400
demo-1781204628060-1970,Mira,57140.100,57140.100,57140.400,0.000,0.300,0.300
demo-1781204628043-1969,SN Ia,57123.400,57123.500,57123.600,0.100,0.100,0.200
demo-1781204628026-1968,RR Lyrae,57106.600,57106.600,57106.800,0.000,0.200,0.200
demo-1781204628010-1967,Mira,57089.700,57089.800,57089.900,0.100,0.100,0.200
demo-1781204627992-1966,SN II,57072.100,57072.200,57072.300,0.100,0.100,0.200
demo-1781204627959-1965,LPV,57039.000,57039.000,57039.100,0.000,0.100,0.100
demo-1781204627942-1964,SN Ic,57022.100,57022.100,57022.300,0.000,0.200,0.200
demo-1781204627926-1963,RR Lyrae,57006.100,57006.100,57006.200,0.000,0.100,0.100
demo-1781204627923-1962,RR Lyrae,57002.700,57002.700,57002.800,0.000,0.100,0.100
demo-1781204627892-1961,RR Lyrae,56971.700,56971.900,56972.000,0.200,0.100,0.300
demo-1781204627860-1960,Unknown,56939.800,56939.800,56940.000,0.000,0.200,0.200
demo-1781204627843-1959,AGN,56923.300,56923.400,56923.600,0.100,0.200,0.300
demo-1781204627826-1958,LPV,56905.700,56905.700,56905.800,0.000,0.100,0.100
demo-1781204627809-1957,Mira,56889.100,56889.100,56889.300,0.000,0.200,0.200
demo-1781204627792-1956,Mira,56872.200,56872.200,56872.400,0.000,0.200,0.200
demo-1781204627759-1955,AGN,56839.200,56839.200,56839.300,0.000,0.100,0.100
demo-1781204627742-1954,RR Lyrae,56822.300,56822.300,56822.400,0.000,0.100,0.100
demo-1781204627725-1953,QSO,56804.600,56804.600,56804.800,0.000,0.200,0.200
demo-1781204627709-1952,RR Lyrae,56788.800,56788.900,56789.000,0.100,0.100,0.200
demo-1781204627692-1951,Unknown,56772.100,56772.100,56772.200,0.000,0.100,0.100
demo-1781204627672-1950,Mira,56752.400,56752.400,56752.600,0.000,0.200,0.200
demo-1781204627643-1949,Mira,56722.700,56722.700,56722.800,0.000,0.100,0.100
demo-1781204627626-1948,RR Lyrae,56706.000,56706.000,56706.200,0.000,0.200,0.200
demo-1781204627610-1947,SN II,56690.100,56690.200,56690.400,0.100,0.200,0.300
demo-1781204627593-1946,Unknown,56673.400,56673.500,56673.700,0.100,0.200,0.300
demo-1781204627576-1945,AGN,56656.200,56656.200,56656.500,0.000,0.300,0.300
demo-1781204627543-1944,RR Lyrae,56623.500,56623.500,56623.800,0.000,0.300,0.300
demo-1781204627525-1943,RR Lyrae,56604.900,56604.900,56604.900,0.000,0.000,0.000
demo-1781204627509-1942,Mira,56589.100,56589.100,56589.200,0.000,0.100,0.100
demo-1781204627492-1941,RR Lyrae,56572.100,56572.100,56572.300,0.000,0.200,0.200
demo-1781204627459-1940,SN Ia,56538.900,56538.900,56539.000,0.000,0.100,0.100
demo-1781204627442-1939,RR Lyrae,56522.000,56522.000,56522.100,0.000,0.100,0.100
demo-1781204627426-1938,SN Ic,56506.400,56506.400,56506.500,0.000,0.100,0.100
demo-1781204627423-1937,SN Ia,56502.700,56502.800,56502.900,0.100,0.100,0.200
demo-1781204627392-1936,RR Lyrae,56471.600,56471.600,56471.900,0.000,0.300,0.300
demo-1781204627360-1935,Mira,56440.000,56440.000,56440.200,0.000,0.200,0.200
demo-1781204627343-1934,Unknown,56423.400,56423.500,56423.600,0.100,0.100,0.200
demo-1781204627327-1933,RR Lyrae,56406.600,56406.600,56406.800,0.000,0.200,0.200
demo-1781204627309-1932,QSO,56388.900,56388.900,56389.000,0.000,0.100,0.100
demo-1781204627292-1931,Mira,56372.100,56372.100,56372.300,0.000,0.200,0.200
demo-1781204627259-1930,Cepheid,56339.000,56339.000,56339.200,0.000,0.200,0.200
demo-1781204627242-1929,RR Lyrae,56322.100,56322.100,56322.200,0.000,0.100,0.100
demo-1781204627225-1928,AGN,56305.400,56305.400,56305.500,0.000,0.100,0.100
demo-1781204627209-1927,RR Lyrae,56288.700,56288.800,56288.900,0.100,0.100,0.200
demo-1781204627192-1926,LPV,56271.800,56271.800,56271.900,0.000,0.100,0.100
demo-1781204627174-1925,SN Ib,56254.300,56254.300,56254.500,0.000,0.200,0.200
demo-1781204627143-1924,SN Ic,56223.000,56223.000,56223.200,0.000,0.200,0.200
demo-1781204627127-1923,RR Lyrae,56207.000,56207.000,56207.200,0.000,0.200,0.200
demo-1781204627110-1922,SN Ia,56190.300,56190.300,56190.500,0.000,0.200,0.200
demo-1781204627093-1921,LPV,56172.700,56172.700,56172.900,0.000,0.200,0.200
demo-1781204627060-1920,RR Lyrae,56139.900,56139.900,56140.100,0.000,0.200,0.200
demo-1781204627043-1919,Cepheid,56123.300,56123.300,56123.500,0.000,0.200,0.200
demo-1781204627026-1918,AGN,56105.700,56105.800,56105.900,0.100,0.100,0.200
demo-1781204627009-1917,AGN,56089.300,56089.300,56089.400,0.000,0.100,0.100
demo-1781204626992-1916,Mira,56072.300,56072.300,56072.400,0.000,0.100,0.100
demo-1781204626959-1915,SN Ia,56039.000,56039.000,56039.100,0.000,0.100,0.100
demo-1781204626942-1914,RR Lyrae,56022.400,56022.400,56022.500,0.000,0.100,0.100
demo-1781204626926-1913,Mira,56006.500,56006.500,56006.500,0.000,0.000,0.000
demo-1781204626923-1912,RR Lyrae,56003.100,56003.100,56003.200,0.000,0.100,0.100
demo-1781204626892-1911,AGN,55972.200,55972.200,55972.300,0.000,0.100,0.100
demo-1781204626859-1910,AGN,55939.300,55939.300,55939.400,0.000,0.100,0.100
demo-1781204626842-1909,AGN,55922.400,55922.400,55922.400,0.000,0.000,0.000
demo-1781204626826-1908,RR Lyrae,55905.800,55905.800,55905.800,0.000,0.000,0.000
demo-1781204626809-1907,SN Ia,55888.900,55888.900,55889.000,0.000,0.100,0.100
demo-1781204626792-1906,RR Lyrae,55872.000,55872.000,55872.100,0.000,0.100,0.100
demo-1781204626759-1905,AGN,55838.900,55838.900,55839.000,0.000,0.100,0.100
demo-1781204626742-1904,Unknown,55822.200,55822.200,55822.200,0.000,0.000,0.000
demo-1781204626726-1903,Mira,55806.300,55806.300,55806.500,0.000,0.200,0.200
demo-1781204626709-1902,SN Ib,55788.800,55788.800,55788.900,0.000,0.100,0.100
demo-1781204626692-1901,RR Lyrae,55772.300,55772.300,55772.300,0.000,0.000,0.000
demo-1781204626677-1900,RR Lyrae,55756.700,55756.700,55756.800,0.000,0.100,0.100
demo-1781204626643-1899,RR Lyrae,55723.400,55723.400,55723.500,0.000,0.100,0.100
demo-1781204626626-1898,RR Lyrae,55706.200,55706.200,55706.400,0.000,0.200,0.200
demo-1781204626610-1897,RR Lyrae,55690.000,55690.000,55690.200,0.000,0.200,0.200
demo-1781204626593-1896,RR Lyrae,55672.800,55672.800,55673.200,0.000,0.400,0.400
demo-1781204626560-1895,SN II,55639.600,55639.700,55639.900,0.100,0.200,0.300
demo-1781204626543-1894,RR Lyrae,55623.200,55623.200,55623.400,0.000,0.200,0.200
demo-1781204626526-1893,SN Ia,55606.500,55606.600,55606.700,0.100,0.100,0.200
demo-1781204626509-1892,Cepheid,55588.900,55589.000,55589.100,0.100,0.100,0.200
demo-1781204626492-1891,AGN,55572.200,55572.200,55572.300,0.000,0.100,0.100
demo-1781204626459-1890,RR Lyrae,55539.000,55539.000,55539.100,0.000,0.100,0.100
demo-1781204626442-1889,Unknown,55522.200,55522.200,55522.200,0.000,0.000,0.000
demo-1781204626428-1888,LPV,55508.300,55508.300,55508.500,0.000,0.200,0.200
demo-1781204626425-1887,AGN,55504.800,55504.900,55505.000,0.100,0.100,0.200
demo-1781204626393-1886,Mira,55472.600,55472.700,55472.900,0.100,0.200,0.300
demo-1781204626360-1885,QSO,55439.800,55439.900,55440.100,0.100,0.200,0.300
demo-1781204626343-1884,LPV,55422.700,55422.700,55422.900,0.000,0.200,0.200
demo-1781204626326-1883,RR Lyrae,55406.500,55406.600,55406.800,0.100,0.200,0.300
demo-1781204626309-1882,Mira,55389.500,55389.500,55389.600,0.000,0.100,0.100
demo-1781204626292-1881,Cepheid,55372.100,55372.200,55372.300,0.100,0.100,0.200
demo-1781204626259-1880,RR Lyrae,55339.100,55339.100,55339.200,0.000,0.100,0.100
demo-1781204626242-1879,Mira,55322.200,55322.200,55322.300,0.000,0.100,0.100
demo-1781204626225-1878,Unknown,55305.600,55305.600,55305.600,0.000,0.000,0.000
demo-1781204626209-1877,RR Lyrae,55288.700,55288.700,55288.800,0.000,0.100,0.100
demo-1781204626192-1876,Mira,55271.900,55271.900,55272.000,0.000,0.100,0.100
demo-1781204626172-1875,Cepheid,55252.400,55252.400,55252.500,0.000,0.100,0.100
demo-1781204626143-1874,RR Lyrae,55222.700,55222.700,55222.800,0.000,0.100,0.100
demo-1781204626126-1873,RR Lyrae,55205.700,55205.700,55205.800,0.000,0.100,0.100
demo-1781204626108-1872,RR Lyrae,55188.300,55188.300,55188.400,0.000,0.100,0.100
demo-1781204626092-1871,Mira,55172.100,55172.100,55172.200,0.000,0.100,0.100
demo-1781204626059-1870,RR Lyrae,55138.700,55138.800,55138.800,0.100,0.000,0.100
demo-1781204626042-1869,SN Ia,55122.000,55122.000,55122.100,0.000,0.100,0.100
demo-1781204626026-1868,RR Lyrae,55105.600,55105.600,55105.700,0.000,0.100,0.100
demo-1781204626009-1867,SN Ia,55088.900,55088.900,55088.900,0.000,0.000,0.000
demo-1781204625992-1866,Mira,55072.000,55072.000,55072.100,0.000,0.100,0.100
demo-1781204625959-1865,RR Lyrae,55038.800,55038.800,55038.900,0.000,0.100,0.100
demo-1781204625942-1864,AGN,55022.200,55022.300,55022.400,0.100,0.100,0.200
demo-1781204625927-1863,Mira,55006.600,55006.600,55006.700,0.000,0.100,0.100
demo-1781204625923-1862,RR Lyrae,55003.300,55003.300,55003.500,0.000,0.200,0.200
demo-1781204625892-1861,RR Lyrae,54972.500,54972.500,54972.700,0.000,0.200,0.200
demo-1781204625860-1860,Mira,54939.900,54939.900,54940.100,0.000,0.200,0.200
demo-1781204625843-1859,RR Lyrae,54922.600,54922.600,54922.800,0.000,0.200,0.200
demo-1781204625826-1858,AGN,54906.600,54906.600,54906.600,0.000,0.000,0.000
demo-1781204625810-1857,QSO,54890.100,54890.100,54890.300,0.000,0.200,0.200
demo-1781204625792-1856,SN II,54872.400,54872.400,54872.500,0.000,0.100,0.100
demo-1781204625759-1855,AGN,54839.200,54839.200,54839.300,0.000,0.100,0.100
demo-1781204625742-1854,RR Lyrae,54822.200,54822.300,54822.500,0.100,0.200,0.300
demo-1781204625726-1853,Unknown,54805.800,54805.800,54805.900,0.000,0.100,0.100
demo-1781204625708-1852,Mira,54788.000,54788.000,54788.200,0.000,0.200,0.200
demo-1781204625691-1851,RR Lyrae,54771.200,54771.200,54771.300,0.000,0.100,0.100
demo-1781204625674-1850,Mira,54754.300,54754.300,54754.300,0.000,0.000,0.000
demo-1781204625643-1849,RR Lyrae,54723.300,54723.300,54723.500,0.000,0.200,0.200
demo-1781204625627-1848,SN II,54706.800,54706.800,54707.100,0.000,0.300,0.300
demo-1781204625609-1847,Mira,54689.200,54689.200,54689.400,0.000,0.200,0.200
demo-1781204625593-1846,Mira,54672.700,54672.700,54672.900,0.000,0.200,0.200
demo-1781204625560-1845,RR Lyrae,54639.900,54639.900,54640.000,0.000,0.100,0.100
demo-1781204625542-1844,AGN,54622.400,54622.400,54622.500,0.000,0.100,0.100
demo-1781204625526-1843,RR Lyrae,54606.000,54606.000,54606.200,0.000,0.200,0.200
demo-1781204625509-1842,Unknown,54588.800,54588.800,54589.000,0.000,0.200,0.200
demo-1781204625492-1841,Mira,54572.000,54572.000,54572.200,0.000,0.200,0.200
demo-1781204625459-1840,Mira,54538.800,54538.800,54539.100,0.000,0.300,0.300
demo-1781204625442-1839,Cepheid,54522.100,54522.100,54522.300,0.000,0.200,0.200
demo-1781204625424-1838,Mira,54504.300,54504.300,54504.300,0.000,0.000,0.000
demo-1781204625418-1837,SN Ia,54498.200,54498.200,54498.400,0.000,0.200,0.200
demo-1781204625392-1836,RR Lyrae,54472.300,54472.300,54472.500,0.000,0.200,0.200
demo-1781204625359-1835,QSO,54439.300,54439.400,54439.500,0.100,0.100,0.200
demo-1781204625342-1834,AGN,54422.300,54422.300,54422.500,0.000,0.200,0.200
demo-1781204625326-1833,Unknown,54406.500,54406.600,54406.700,0.100,0.100,0.200
demo-1781204625310-1832,QSO,54389.700,54389.700,54390.000,0.000,0.300,0.300
demo-1781204625292-1831,Mira,54372.100,54372.100,54372.200,0.000,0.100,0.100
demo-1781204625259-1830,Cepheid,54339.100,54339.100,54339.200,0.000,0.100,0.100
demo-1781204625242-1829,Unknown,54322.000,54322.000,54322.100,0.000,0.100,0.100
demo-1781204625225-1828,AGN,54305.400,54305.400,54305.500,0.000,0.100,0.100
demo-1781204625208-1827,AGN,54288.600,54288.600,54288.600,0.000,0.000,0.000
demo-1781204625192-1826,RR Lyrae,54271.800,54271.800,54271.800,0.000,0.000,0.000
demo-1781204625173-1825,Mira,54253.000,54253.000,54253.200,0.000,0.200,0.200
demo-1781204625143-1824,RR Lyrae,54223.400,54223.400,54223.700,0.000,0.300,0.300
demo-1781204625127-1823,AGN,54206.600,54206.600,54206.700,0.000,0.100,0.100
demo-1781204625110-1822,RR Lyrae,54190.200,54190.200,54190.400,0.000,0.200,0.200
demo-1781204625091-1821,RR Lyrae,54171.600,54171.600,54171.700,0.000,0.100,0.100
demo-1781204625060-1820,RR Lyrae,54139.800,54139.800,54139.900,0.000,0.100,0.100
demo-1781204625043-1819,RR Lyrae,54123.000,54123.000,54123.100,0.000,0.100,0.100
demo-1781204625026-1818,Cepheid,54105.700,54105.700,54105.900,0.000,0.200,0.200
demo-1781204625009-1817,LPV,54089.000,54089.000,54089.100,0.000,0.100,0.100
demo-1781204624992-1816,RR Lyrae,54072.100,54072.100,54072.200,0.000,0.100,0.100
demo-1781204624959-1815,AGN,54038.800,54038.800,54038.900,0.000,0.100,0.100
demo-1781204624942-1814,RR Lyrae,54022.100,54022.100,54022.200,0.000,0.100,0.100
demo-1781204624925-1813,Cepheid,54005.400,54005.400,54005.500,0.000,0.100,0.100
demo-1781204624917-1812,RR Lyrae,53997.100,53997.100,53997.100,0.000,0.000,0.000
demo-1781204624892-1811,Unknown,53972.300,53972.300,53972.400,0.000,0.100,0.100
demo-1781204624859-1810,Cepheid,53938.900,53938.900,53939.000,0.000,0.100,0.100
demo-1781204624842-1809,Mira,53922.100,53922.100,53922.200,0.000,0.100,0.100
demo-1781204624825-1808,AGN,53905.600,53905.600,53905.700,0.000,0.100,0.100
demo-1781204624809-1807,AGN,53888.900,53888.900,53889.000,0.000,0.100,0.100
demo-1781204624792-1806,AGN,53871.900,53871.900,53872.100,0.000,0.200,0.200
demo-1781204624759-1805,QSO,53839.000,53839.000,53839.200,0.000,0.200,0.200
demo-1781204624742-1804,LPV,53822.300,53822.300,53822.500,0.000,0.200,0.200
demo-1781204624726-1803,RR Lyrae,53805.700,53805.700,53805.800,0.000,0.100,0.100
demo-1781204624709-1802,Unknown,53788.900,53788.900,53789.000,0.000,0.100,0.100
demo-1781204624692-1801,LPV,53772.000,53772.000,53772.100,0.000,0.100,0.100
demo-1781204624674-1800,AGN,53753.700,53753.700,53753.800,0.000,0.100,0.100
demo-1781204624643-1799,RR Lyrae,53723.100,53723.100,53723.300,0.000,0.200,0.200
demo-1781204624627-1798,RR Lyrae,53706.900,53706.900,53707.200,0.000,0.300,0.300
demo-1781204624610-1797,AGN,53690.400,53690.400,53690.600,0.000,0.200,0.200
demo-1781204624592-1796,RR Lyrae,53672.000,53672.000,53672.300,0.000,0.300,0.300
demo-1781204624560-1795,Unknown,53639.600,53639.700,53639.800,0.100,0.100,0.200
demo-1781204624543-1794,RR Lyrae,53623.000,53623.000,53623.200,0.000,0.200,0.200
demo-1781204624526-1793,QSO,53606.400,53606.500,53606.600,0.100,0.100,0.200
demo-1781204624509-1792,Unknown,53588.900,53588.900,53588.900,0.000,0.000,0.000
demo-1781204624492-1791,LPV,53572.100,53572.100,53572.200,0.000,0.100,0.100
demo-1781204624459-1790,RR Lyrae,53538.900,53538.900,53538.900,0.000,0.000,0.000
demo-1781204624442-1789,RR Lyrae,53522.100,53522.100,53522.200,0.000,0.100,0.100
demo-1781204624426-1788,QSO,53506.300,53506.300,53506.500,0.000,0.200,0.200
demo-1781204624423-1787,SN II,53503.100,53503.100,53503.200,0.000,0.100,0.100
demo-1781204624392-1786,AGN,53472.000,53472.100,53472.300,0.100,0.200,0.300
demo-1781204624360-1785,RR Lyrae,53439.900,53439.900,53440.100,0.000,0.200,0.200
demo-1781204624342-1784,QSO,53422.500,53422.600,53422.800,0.100,0.200,0.300
demo-1781204624325-1783,RR Lyrae,53404.700,53404.700,53404.800,0.000,0.100,0.100
demo-1781204624308-1782,Unknown,53387.900,53387.900,53388.100,0.000,0.200,0.200
demo-1781204624292-1781,Mira,53372.000,53372.000,53372.200,0.000,0.200,0.200
demo-1781204624259-1780,RR Lyrae,53339.000,53339.000,53339.200,0.000,0.200,0.200
demo-1781204624242-1779,RR Lyrae,53322.100,53322.100,53322.100,0.000,0.000,0.000
demo-1781204624225-1778,RR Lyrae,53305.600,53305.600,53305.700,0.000,0.100,0.100
demo-1781204624209-1777,Mira,53288.800,53288.800,53288.900,0.000,0.100,0.100
demo-1781204624192-1776,QSO,53272.100,53272.100,53272.200,0.000,0.100,0.100
demo-1781204624187-1775,Unknown,53267.400,53267.400,53267.500,0.000,0.100,0.100
demo-1781204624144-1774,RR Lyrae,53224.200,53224.200,53224.300,0.000,0.100,0.100
demo-1781204624127-1773,Mira,53207.200,53207.200,53207.400,0.000,0.200,0.200
demo-1781204624110-1772,Mira,53190.500,53190.500,53190.700,0.000,0.200,0.200
demo-1781204624093-1771,SN II,53173.100,53173.100,53173.300,0.000,0.200,0.200
demo-1781204624060-1770,QSO,53140.000,53140.000,53140.000,0.000,0.000,0.000
demo-1781204624042-1769,Mira,53122.200,53122.200,53122.300,0.000,0.100,0.100
demo-1781204624029-1768,RR Lyrae,53108.900,53108.900,53109.000,0.000,0.100,0.100
demo-1781204624009-1767,AGN,53089.200,53089.300,53089.300,0.100,0.000,0.100
demo-1781204623992-1766,SN Ia,53072.300,53072.300,53072.300,0.000,0.000,0.000
demo-1781204623959-1765,AGN,53038.800,53038.800,53038.900,0.000,0.100,0.100
demo-1781204623942-1764,Mira,53022.100,53022.100,53022.100,0.000,0.000,0.000
demo-1781204623925-1763,RR Lyrae,53005.400,53005.400,53005.400,0.000,0.000,0.000
demo-1781204623922-1762,Mira,53002.000,53002.000,53002.100,0.000,0.100,0.100
demo-1781204623893-1761,AGN,52973.300,52973.300,52973.400,0.000,0.100,0.100
demo-1781204623876-1760,AGN,52956.000,52956.000,52956.200,0.000,0.200,0.200
demo-1781204623843-1759,LPV,52923.100,52923.100,52923.400,0.000,0.300,0.300
demo-1781204623826-1758,Mira,52905.700,52905.700,52905.800,0.000,0.100,0.100
demo-1781204623809-1757,LPV,52889.300,52889.300,52889.400,0.000,0.100,0.100
demo-1781204623792-1756,SN II,52872.200,52872.300,52872.400,0.100,0.100,0.200
demo-1781204623759-1755,AGN,52839.100,52839.100,52839.200,0.000,0.100,0.100
demo-1781204623742-1754,Unknown,52822.500,52822.500,52822.600,0.000,0.100,0.100
demo-1781204623726-1753,RR Lyrae,52805.700,52805.700,52805.800,0.000,0.100,0.100
demo-1781204623709-1752,RR Lyrae,52788.900,52788.900,52789.000,0.000,0.100,0.100
demo-1781204623692-1751,RR Lyrae,52772.100,52772.100,52772.200,0.000,0.100,0.100
demo-1781204623674-1750,RR Lyrae,52753.600,52753.600,52753.800,0.000,0.200,0.200
demo-1781204623642-1749,SN Ia,52722.400,52722.400,52722.600,0.000,0.200,0.200
demo-1781204623627-1748,LPV,52706.600,52706.700,52706.800,0.100,0.100,0.200
demo-1781204623610-1747,Mira,52690.000,52690.000,52690.200,0.000,0.200,0.200
demo-1781204623592-1746,SN Ia,52672.500,52672.500,52672.700,0.000,0.200,0.200
demo-1781204623560-1745,RR Lyrae,52639.700,52639.700,52639.800,0.000,0.100,0.100
demo-1781204623543-1744,SN Ia,52623.400,52623.500,52623.600,0.100,0.100,0.200
demo-1781204623526-1743,SN Ia,52606.300,52606.300,52606.400,0.000,0.100,0.100
demo-1781204623509-1742,Mira,52589.100,52589.100,52589.200,0.000,0.100,0.100
demo-1781204623492-1741,RR Lyrae,52572.100,52572.100,52572.200,0.000,0.100,0.100
demo-1781204623459-1740,Cepheid,52539.000,52539.000,52539.000,0.000,0.000,0.000
demo-1781204623442-1739,SN Ia,52522.100,52522.100,52522.100,0.000,0.000,0.000
demo-1781204623426-1738,AGN,52505.800,52505.800,52505.800,0.000,0.000,0.000
demo-1781204623423-1737,RR Lyrae,52502.600,52502.600,52502.800,0.000,0.200,0.200
demo-1781204623393-1736,RR Lyrae,52473.200,52473.200,52473.300,0.000,0.100,0.100
demo-1781204623376-1735,Mira,52455.900,52455.900,52456.000,0.000,0.100,0.100
demo-1781204623343-1734,RR Lyrae,52422.900,52423.000,52423.200,0.100,0.200,0.300
demo-1781204623326-1733,Unknown,52406.200,52406.200,52406.300,0.000,0.100,0.100
demo-1781204623309-1732,QSO,52388.900,52388.900,52389.000,0.000,0.100,0.100
demo-1781204623292-1731,RR Lyrae,52372.000,52372.000,52372.100,0.000,0.100,0.100
demo-1781204623259-1730,AGN,52338.700,52338.700,52338.800,0.000,0.100,0.100
demo-1781204623242-1729,AGN,52321.800,52321.800,52321.900,0.000,0.100,0.100
demo-1781204623225-1728,SN Ia,52305.200,52305.200,52305.300,0.000,0.100,0.100
demo-1781204623209-1727,RR Lyrae,52288.700,52288.700,52288.800,0.000,0.100,0.100
demo-1781204623192-1726,RR Lyrae,52272.300,52272.400,52272.400,0.100,0.000,0.100
demo-1781204623184-1725,SN Ia,52263.600,52263.600,52263.700,0.000,0.100,0.100
demo-1781204623143-1724,Mira,52223.300,52223.400,52223.500,0.100,0.100,0.200
demo-1781204623126-1723,RR Lyrae,52206.300,52206.300,52206.400,0.000,0.100,0.100
demo-1781204623110-1722,AGN,52190.000,52190.100,52190.400,0.100,0.300,0.400
demo-1781204623093-1721,AGN,52173.300,52173.300,52173.500,0.000,0.200,0.200
demo-1781204623076-1720,AGN,52156.000,52156.100,52156.200,0.100,0.100,0.200
demo-1781204623043-1719,RR Lyrae,52123.300,52123.300,52123.500,0.000,0.200,0.200
demo-1781204623026-1718,Mira,52106.500,52106.600,52106.800,0.100,0.200,0.300
demo-1781204623009-1717,RR Lyrae,52089.000,52089.200,52089.300,0.200,0.100,0.300
demo-1781204622992-1716,QSO,52072.300,52072.400,52072.600,0.100,0.200,0.300
demo-1781204622975-1715,Mira,52055.300,52055.300,52055.400,0.000,0.100,0.100
demo-1781204622942-1714,RR Lyrae,52022.200,52022.200,52022.300,0.000,0.100,0.100
demo-1781204622926-1713,Unknown,52006.300,52006.300,52006.400,0.000,0.100,0.100
demo-1781204622923-1712,AGN,52003.100,52003.200,52003.300,0.100,0.100,0.200
demo-1781204622891-1711,AGN,51971.600,51971.700,51971.900,0.100,0.200,0.300
demo-1781204622860-1710,RR Lyrae,51939.900,51939.900,51940.100,0.000,0.200,0.200
demo-1781204622843-1709,RR Lyrae,51922.800,51922.800,51922.900,0.000,0.100,0.100
demo-1781204622827-1708,Mira,51906.700,51906.700,51906.900,0.000,0.200,0.200
demo-1781204622809-1707,RR Lyrae,51888.900,51888.900,51889.100,0.000,0.200,0.200
demo-1781204622792-1706,AGN,51872.600,51872.600,51873.000,0.000,0.400,0.400
demo-1781204622759-1705,RR Lyrae,51839.000,51839.000,51839.100,0.000,0.100,0.100
demo-1781204622742-1704,RR Lyrae,51822.400,51822.400,51822.500,0.000,0.100,0.100
demo-1781204622726-1703,Mira,51805.700,51805.700,51805.800,0.000,0.100,0.100
demo-1781204622709-1702,Cepheid,51789.000,51789.000,51789.100,0.000,0.100,0.100
demo-1781204622692-1701,AGN,51772.100,51772.100,51772.200,0.000,0.100,0.100
demo-1781204622676-1700,RR Lyrae,51756.300,51756.400,51756.400,0.100,0.000,0.100
demo-1781204622643-1699,Mira,51723.000,51723.000,51723.100,0.000,0.100,0.100
demo-1781204622627-1698,AGN,51706.600,51706.700,51706.900,0.100,0.200,0.300
demo-1781204622610-1697,LPV,51690.000,51690.000,51690.200,0.000,0.200,0.200
demo-1781204622592-1696,RR Lyrae,51671.900,51671.900,51672.100,0.000,0.200,0.200
demo-1781204622560-1695,AGN,51639.800,51639.800,51639.900,0.000,0.100,0.100
demo-1781204622543-1694,AGN,51623.100,51623.100,51623.300,0.000,0.200,0.200
demo-1781204622526-1693,QSO,51606.300,51606.400,51606.600,0.100,0.200,0.300
demo-1781204622509-1692,Mira,51589.500,51589.500,51589.600,0.000,0.100,0.100
demo-1781204622492-1691,SN Ia,51572.100,51572.100,51572.200,0.000,0.100,0.100
demo-1781204622459-1690,RR Lyrae,51538.800,51538.900,51539.000,0.100,0.100,0.200
demo-1781204622442-1689,Mira,51522.200,51522.200,51522.200,0.000,0.000,0.000
demo-1781204622427-1688,AGN,51506.900,51506.900,51507.000,0.000,0.100,0.100
demo-1781204622424-1687,RR Lyrae,51503.700,51503.700,51503.800,0.000,0.100,0.100
demo-1781204622392-1686,RR Lyrae,51472.600,51472.700,51472.900,0.100,0.200,0.300
demo-1781204622360-1685,RR Lyrae,51439.600,51439.600,51439.900,0.000,0.300,0.300
demo-1781204622342-1684,Mira,51422.400,51422.400,51422.600,0.000,0.200,0.200
demo-1781204622325-1683,SN Ia,51405.600,51405.600,51405.700,0.000,0.100,0.100
demo-1781204622309-1682,LPV,51388.900,51388.900,51389.000,0.000,0.100,0.100
demo-1781204622292-1681,RR Lyrae,51371.900,51371.900,51371.900,0.000,0.000,0.000
demo-1781204622259-1680,AGN,51338.800,51338.800,51338.900,0.000,0.100,0.100
demo-1781204622242-1679,LPV,51321.900,51321.900,51322.000,0.000,0.100,0.100
demo-1781204622225-1678,RR Lyrae,51305.300,51305.300,51305.400,0.000,0.100,0.100
demo-1781204622209-1677,QSO,51288.700,51288.700,51288.900,0.000,0.200,0.200
demo-1781204622198-1676,RR Lyrae,51278.300,51278.300,51278.400,0.000,0.100,0.100
demo-1781204622176-1675,Unknown,51256.400,51256.400,51256.600,0.000,0.200,0.200
demo-1781204622143-1674,QSO,51223.200,51223.200,51223.400,0.000,0.200,0.200
demo-1781204622125-1673,RR Lyrae,51205.500,51205.500,51205.800,0.000,0.300,0.300
demo-1781204622109-1672,RR Lyrae,51189.200,51189.200,51189.400,0.000,0.200,0.200
demo-1781204622092-1671,Cepheid,51172.600,51172.600,51172.800,0.000,0.200,0.200
demo-1781204622060-1670,RR Lyrae,51139.800,51139.900,51140.000,0.100,0.100,0.200
demo-1781204622043-1669,AGN,51122.700,51122.700,51122.900,0.000,0.200,0.200
demo-1781204622026-1668,RR Lyrae,51106.300,51106.300,51106.600,0.000,0.300,0.300
demo-1781204622010-1667,Unknown,51089.800,51089.800,51090.000,0.000,0.200,0.200
demo-1781204621992-1666,SN Ia,51072.200,51072.200,51072.400,0.000,0.200,0.200
demo-1781204621959-1665,AGN,51038.900,51038.900,51039.000,0.000,0.100,0.100
demo-1781204621942-1664,LPV,51022.300,51022.300,51022.300,0.000,0.000,0.000
demo-1781204621927-1663,RR Lyrae,51006.900,51006.900,51007.100,0.000,0.200,0.200
demo-1781204621923-1662,Unknown,51003.500,51003.500,51003.600,0.000,0.100,0.100
demo-1781204621893-1661,SN II,50973.100,50973.100,50973.400,0.000,0.300,0.300
demo-1781204621876-1660,SN Ia,50955.900,50955.900,50956.300,0.000,0.400,0.400
demo-1781204621843-1659,SN II,50923.200,50923.300,50923.400,0.100,0.100,0.200
demo-1781204621827-1658,AGN,50906.700,50906.800,50906.900,0.100,0.100,0.200
demo-1781204621810-1657,RR Lyrae,50890.000,50890.000,50890.200,0.000,0.200,0.200
demo-1781204621793-1656,Cepheid,50872.700,50872.700,50872.900,0.000,0.200,0.200
demo-1781204621759-1655,RR Lyrae,50838.900,50838.900,50839.100,0.000,0.200,0.200
demo-1781204621742-1654,AGN,50822.300,50822.300,50822.400,0.000,0.100,0.100
demo-1781204621725-1653,SN II,50805.400,50805.400,50805.500,0.000,0.100,0.100
demo-1781204621709-1652,Mira,50788.600,50788.600,50788.700,0.000,0.100,0.100
demo-1781204621692-1651,RR Lyrae,50771.900,50771.900,50772.000,0.000,0.100,0.100
demo-1781204621674-1650,Mira,50754.100,50754.100,50754.200,0.000,0.100,0.100
demo-1781204621643-1649,AGN,50723.300,50723.300,50723.500,0.000,0.200,0.200
demo-1781204621627-1648,RR Lyrae,50706.700,50706.800,50706.900,0.100,0.100,0.200
demo-1781204621610-1647,Mira,50690.300,50690.400,50690.600,0.100,0.200,0.300
demo-1781204621592-1646,Cepheid,50672.500,50672.500,50672.700,0.000,0.200,0.200
demo-1781204621560-1645,Mira,50639.900,50640.000,50640.200,0.100,0.200,0.300
demo-1781204621543-1644,AGN,50623.200,50623.300,50623.300,0.100,0.000,0.100
demo-1781204621526-1643,Cepheid,50606.000,50606.000,50606.200,0.000,0.200,0.200
demo-1781204621509-1642,Unknown,50589.200,50589.200,50589.300,0.000,0.100,0.100
demo-1781204621492-1641,RR Lyrae,50572.100,50572.100,50572.300,0.000,0.200,0.200
demo-1781204621459-1640,SN Ib,50538.800,50538.900,50539.000,0.100,0.100,0.200
demo-1781204621442-1639,RR Lyrae,50522.100,50522.100,50522.200,0.000,0.100,0.100
demo-1781204621426-1638,Mira,50505.600,50505.600,50505.700,0.000,0.100,0.100
demo-1781204621422-1637,AGN,50501.500,50501.500,50501.700,0.000,0.200,0.200
demo-1781204621392-1636,Unknown,50472.100,50472.200,50472.300,0.100,0.100,0.200
demo-1781204621375-1635,AGN,50454.900,50454.900,50455.100,0.000,0.200,0.200
demo-1781204621343-1634,SN Ib,50423.100,50423.100,50423.300,0.000,0.200,0.200
demo-1781204621326-1633,AGN,50406.400,50406.500,50406.600,0.100,0.100,0.200
demo-1781204621309-1632,AGN,50389.000,50389.000,50389.200,0.000,0.200,0.200
demo-1781204621292-1631,AGN,50372.100,50372.100,50372.200,0.000,0.100,0.100
demo-1781204621259-1630,SN Ia,50339.000,50339.000,50339.100,0.000,0.100,0.100
demo-1781204621242-1629,RR Lyrae,50322.000,50322.000,50322.200,0.000,0.200,0.200
demo-1781204621225-1628,AGN,50305.300,50305.300,50305.300,0.000,0.000,0.000
demo-1781204621209-1627,RR Lyrae,50288.600,50288.600,50288.600,0.000,0.000,0.000
demo-1781204621192-1626,Cepheid,50271.900,50271.900,50271.900,0.000,0.000,0.000
demo-1781204621183-1625,RR Lyrae,50262.900,50262.900,50262.900,0.000,0.000,0.000
demo-1781204621143-1624,RR Lyrae,50223.300,50223.300,50223.600,0.000,0.300,0.300
demo-1781204621126-1623,AGN,50206.400,50206.500,50206.600,0.100,0.100,0.200
demo-1781204621110-1622,Unknown,50189.700,50189.700,50189.900,0.000,0.200,0.200
demo-1781204621092-1621,SN II,50172.400,50172.400,50172.500,0.000,0.100,0.100
demo-1781204621059-1620,SN II,50139.500,50139.500,50139.600,0.000,0.100,0.100
demo-1781204621042-1619,Unknown,50122.300,50122.300,50122.500,0.000,0.200,0.200
demo-1781204621025-1618,Mira,50105.600,50105.600,50105.600,0.000,0.000,0.000
demo-1781204621009-1617,RR Lyrae,50088.700,50088.700,50088.800,0.000,0.100,0.100
demo-1781204620992-1616,RR Lyrae,50071.900,50071.900,50072.000,0.000,0.100,0.100
demo-1781204620959-1615,AGN,50038.600,50038.600,50038.700,0.000,0.100,0.100
demo-1781204620942-1614,AGN,50022.300,50022.300,50022.500,0.000,0.200,0.200
demo-1781204620927-1613,Mira,50006.700,50006.700,50006.900,0.000,0.200,0.200
demo-1781204620923-1612,SN Ia,50003.400,50003.500,50003.600,0.100,0.100,0.200
demo-1781204620892-1611,Cepheid,49972.400,49972.500,49972.700,0.100,0.200,0.300
demo-1781204620859-1610,RR Lyrae,49939.400,49939.400,49939.600,0.000,0.200,0.200
demo-1781204620843-1609,SN Ia,49923.100,49923.100,49923.400,0.000,0.300,0.300
demo-1781204620826-1608,AGN,49906.500,49906.600,49906.700,0.100,0.100,0.200
demo-1781204620810-1607,SN Ib,49889.800,49889.800,49890.000,0.000,0.200,0.200
demo-1781204620792-1606,LPV,49872.500,49872.500,49872.700,0.000,0.200,0.200
demo-1781204620759-1605,RR Lyrae,49839.000,49839.000,49839.100,0.000,0.100,0.100
demo-1781204620742-1604,AGN,49822.400,49822.400,49822.400,0.000,0.000,0.000
demo-1781204620725-1603,Cepheid,49805.000,49805.000,49805.100,0.000,0.100,0.100
demo-1781204620709-1602,QSO,49788.800,49788.800,49788.900,0.000,0.100,0.100
demo-1781204620692-1601,RR Lyrae,49771.900,49771.900,49772.000,0.000,0.100,0.100
demo-1781204620673-1600,AGN,49753.100,49753.100,49753.100,0.000,0.000,0.000
demo-1781204620643-1599,RR Lyrae,49723.400,49723.400,49723.600,0.000,0.200,0.200
demo-1781204620627-1598,RR Lyrae,49706.600,49706.600,49706.800,0.000,0.200,0.200
demo-1781204620609-1597,AGN,49689.100,49689.100,49689.200,0.000,0.100,0.100
demo-1781204620592-1596,QSO,49672.400,49672.600,49672.700,0.200,0.100,0.300
demo-1781204620560-1595,LPV,49639.700,49639.700,49640.000,0.000,0.300,0.300
demo-1781204620543-1594,Cepheid,49623.300,49623.300,49623.400,0.000,0.100,0.100
demo-1781204620526-1593,AGN,49606.500,49606.500,49606.600,0.000,0.100,0.100
demo-1781204620510-1592,SN Ia,49589.800,49589.900,49590.100,0.100,0.200,0.300
demo-1781204620492-1591,SN II,49571.900,49571.900,49572.000,0.000,0.100,0.100
demo-1781204620459-1590,Mira,49539.000,49539.000,49539.000,0.000,0.000,0.000
demo-1781204620442-1589,Mira,49522.000,49522.000,49522.100,0.000,0.100,0.100
demo-1781204620426-1588,AGN,49506.100,49506.100,49506.200,0.000,0.100,0.100
demo-1781204620423-1587,AGN,49502.900,49503.000,49503.100,0.100,0.100,0.200
demo-1781204620392-1586,SN Ia,49472.500,49472.500,49472.700,0.000,0.200,0.200
demo-1781204620360-1585,RR Lyrae,49439.900,49440.100,49440.200,0.200,0.100,0.300
demo-1781204620343-1584,Mira,49423.400,49423.400,49423.600,0.000,0.200,0.200
demo-1781204620326-1583,RR Lyrae,49406.400,49406.500,49406.700,0.100,0.200,0.300
demo-1781204620310-1582,RR Lyrae,49389.800,49389.800,49390.100,0.000,0.300,0.300
demo-1781204620292-1581,AGN,49372.400,49372.500,49372.700,0.100,0.200,0.300
demo-1781204620259-1580,RR Lyrae,49338.900,49338.900,49339.000,0.000,0.100,0.100
demo-1781204620242-1579,RR Lyrae,49322.000,49322.000,49322.100,0.000,0.100,0.100
demo-1781204620225-1578,AGN,49305.300,49305.300,49305.400,0.000,0.100,0.100
demo-1781204620209-1577,AGN,49288.600,49288.600,49288.700,0.000,0.100,0.100
demo-1781204620192-1576,AGN,49271.900,49271.900,49272.000,0.000,0.100,0.100
demo-1781204620184-1575,QSO,49263.900,49263.900,49264.000,0.000,0.100,0.100
demo-1781204620142-1574,SN Ia,49222.600,49222.600,49222.700,0.000,0.100,0.100
demo-1781204620126-1573,SN Ib,49206.500,49206.500,49206.800,0.000,0.300,0.300
demo-1781204620110-1572,RR Lyrae,49189.700,49189.800,49189.900,0.100,0.100,0.200
demo-1781204620092-1571,SN II,49172.600,49172.600,49172.900,0.000,0.300,0.300
demo-1781204620060-1570,RR Lyrae,49139.600,49139.700,49140.000,0.100,0.300,0.400
demo-1781204620043-1569,QSO,49123.300,49123.300,49123.500,0.000,0.200,0.200
demo-1781204620026-1568,RR Lyrae,49106.200,49106.200,49106.400,0.000,0.200,0.200
demo-1781204620009-1567,LPV,49089.100,49089.100,49089.200,0.000,0.100,0.100
demo-1781204619991-1566,AGN,49071.200,49071.200,49071.300,0.000,0.100,0.100
demo-1781204619959-1565,Cepheid,49038.900,49038.900,49039.100,0.000,0.200,0.200
demo-1781204619942-1564,LPV,49022.000,49022.000,49022.100,0.000,0.100,0.100
demo-1781204619927-1563,RR Lyrae,49006.900,49006.900,49007.000,0.000,0.100,0.100
demo-1781204619923-1562,AGN,49003.600,49003.600,49003.700,0.000,0.100,0.100
demo-1781204619891-1561,AGN,48971.500,48971.500,48971.800,0.000,0.300,0.300
demo-1781204619860-1560,Mira,48940.000,48940.000,48940.200,0.000,0.200,0.200
demo-1781204619843-1559,RR Lyrae,48923.300,48923.300,48923.500,0.000,0.200,0.200
demo-1781204619826-1558,Unknown,48905.800,48905.800,48906.000,0.000,0.200,0.200
demo-1781204619810-1557,Mira,48890.000,48890.100,48890.200,0.100,0.100,0.200
demo-1781204619792-1556,QSO,48872.400,48872.500,48872.700,0.100,0.200,0.300
demo-1781204619759-1555,Mira,48839.100,48839.100,48839.200,0.000,0.100,0.100
demo-1781204619742-1554,Mira,48822.400,48822.400,48822.600,0.000,0.200,0.200
demo-1781204619725-1553,Mira,48805.000,48805.000,48805.100,0.000,0.100,0.100
demo-1781204619709-1552,Mira,48788.700,48788.700,48788.800,0.000,0.100,0.100
demo-1781204619692-1551,RR Lyrae,48771.900,48771.900,48772.100,0.000,0.200,0.200
demo-1781204619673-1550,SN II,48752.800,48752.800,48753.000,0.000,0.200,0.200
demo-1781204619643-1549,LPV,48722.900,48722.900,48723.000,0.000,0.100,0.100
demo-1781204619625-1548,RR Lyrae,48705.600,48705.600,48705.600,0.000,0.000,0.000
demo-1781204619609-1547,Unknown,48688.900,48688.900,48689.000,0.000,0.100,0.100
demo-1781204619592-1546,Mira,48671.900,48671.900,48672.100,0.000,0.200,0.200
demo-1781204619559-1545,SN Ia,48638.800,48638.800,48638.900,0.000,0.100,0.100
demo-1781204619542-1544,QSO,48622.500,48622.500,48622.600,0.000,0.100,0.100
demo-1781204619525-1543,QSO,48605.500,48605.500,48605.600,0.000,0.100,0.100
demo-1781204619509-1542,SN Ic,48588.800,48588.800,48588.900,0.000,0.100,0.100
demo-1781204619492-1541,Mira,48571.900,48571.900,48572.000,0.000,0.100,0.100
demo-1781204619459-1540,RR Lyrae,48538.600,48538.600,48538.700,0.000,0.100,0.100
demo-1781204619442-1539,LPV,48522.000,48522.000,48522.000,0.000,0.000,0.000
demo-1781204619425-1538,Mira,48505.500,48505.500,48505.500,0.000,0.000,0.000
demo-1781204619422-1537,LPV,48502.300,48502.300,48502.300,0.000,0.000,0.000
demo-1781204619392-1536,Mira,48472.400,48472.500,48472.700,0.100,0.200,0.300
demo-1781204619360-1535,SN II,48439.700,48439.700,48439.900,0.000,0.200,0.200
demo-1781204619343-1534,LPV,48423.200,48423.300,48423.400,0.100,0.100,0.200
demo-1781204619326-1533,RR Lyrae,48406.500,48406.500,48406.700,0.000,0.200,0.200
demo-1781204619309-1532,SN II,48388.700,48388.700,48388.800,0.000,0.100,0.100
demo-1781204619292-1531,Mira,48372.500,48372.500,48372.700,0.000,0.200,0.200
demo-1781204619259-1530,RR Lyrae,48338.600,48338.700,48338.800,0.100,0.100,0.200
demo-1781204619242-1529,Mira,48322.000,48322.000,48322.100,0.000,0.100,0.100
demo-1781204619224-1528,RR Lyrae,48304.300,48304.300,48304.400,0.000,0.100,0.100
demo-1781204619208-1527,SN II,48288.500,48288.500,48288.500,0.000,0.000,0.000
demo-1781204619192-1526,RR Lyrae,48271.600,48271.600,48271.800,0.000,0.200,0.200
demo-1781204619174-1525,LPV,48254.400,48254.400,48254.600,0.000,0.200,0.200
demo-1781204619142-1524,RR Lyrae,48222.100,48222.100,48222.200,0.000,0.100,0.100
demo-1781204619126-1523,RR Lyrae,48206.400,48206.500,48206.600,0.100,0.100,0.200
demo-1781204619110-1522,RR Lyrae,48190.000,48190.000,48190.200,0.000,0.200,0.200
demo-1781204619093-1521,Cepheid,48172.800,48172.900,48173.100,0.100,0.200,0.300
demo-1781204619075-1520,RR Lyrae,48154.700,48154.800,48154.900,0.100,0.100,0.200
demo-1781204619043-1519,RR Lyrae,48123.100,48123.100,48123.300,0.000,0.200,0.200
demo-1781204619026-1518,RR Lyrae,48106.200,48106.300,48106.400,0.100,0.100,0.200
demo-1781204619009-1517,RR Lyrae,48088.900,48088.900,48089.100,0.000,0.200,0.200
demo-1781204618992-1516,AGN,48072.100,48072.100,48072.300,0.000,0.200,0.200
demo-1781204618959-1515,AGN,48038.800,48038.800,48038.900,0.000,0.100,0.100
demo-1781204618942-1514,RR Lyrae,48022.100,48022.100,48022.200,0.000,0.100,0.100
demo-1781204618928-1513,Cepheid,48007.700,48007.800,48007.800,0.100,0.000,0.100
demo-1781204618924-1512,Mira,48004.400,48004.400,48004.600,0.000,0.200,0.200
demo-1781204618892-1511,RR Lyrae,47972.500,47972.500,47972.800,0.000,0.300,0.300
demo-1781204618860-1510,Mira,47939.600,47939.700,47939.900,0.100,0.200,0.300
demo-1781204618843-1509,Mira,47922.700,47922.700,47922.900,0.000,0.200,0.200
demo-1781204618826-1508,Mira,47906.100,47906.100,47906.200,0.000,0.100,0.100
demo-1781204618810-1507,RR Lyrae,47889.800,47889.900,47890.000,0.100,0.100,0.200
demo-1781204618792-1506,AGN,47872.300,47872.500,47872.600,0.200,0.100,0.300
demo-1781204618759-1505,QSO,47838.900,47838.900,47839.000,0.000,0.100,0.100
demo-1781204618742-1504,RR Lyrae,47822.000,47822.000,47822.200,0.000,0.200,0.200
demo-1781204618725-1503,AGN,47805.400,47805.400,47805.500,0.000,0.100,0.100
demo-1781204618709-1502,AGN,47788.600,47788.700,47788.700,0.100,0.000,0.100
demo-1781204618692-1501,RR Lyrae,47771.800,47771.800,47771.900,0.000,0.100,0.100
demo-1781204618673-1500,Cepheid,47752.800,47752.800,47752.900,0.000,0.100,0.100
demo-1781204618643-1499,RR Lyrae,47723.000,47723.100,47723.400,0.100,0.300,0.400
demo-1781204618627-1498,Unknown,47706.600,47706.700,47707.000,0.100,0.300,0.400
demo-1781204618610-1497,Mira,47689.700,47689.700,47689.900,0.000,0.200,0.200
demo-1781204618593-1496,SN Ic,47672.700,47672.700,47672.900,0.000,0.200,0.200
demo-1781204618559-1495,Mira,47639.600,47639.600,47639.800,0.000,0.200,0.200
demo-1781204618543-1494,Mira,47623.200,47623.300,47623.400,0.100,0.100,0.200
demo-1781204618526-1493,RR Lyrae,47606.500,47606.500,47606.800,0.000,0.300,0.300
demo-1781204618509-1492,Mira,47589.500,47589.600,47589.800,0.100,0.200,0.300
demo-1781204618492-1491,RR Lyrae,47571.900,47572.000,47572.100,0.100,0.100,0.200
demo-1781204618459-1490,RR Lyrae,47538.700,47538.700,47538.900,0.000,0.200,0.200
demo-1781204618442-1489,Cepheid,47522.000,47522.000,47522.100,0.000,0.100,0.100
demo-1781204618425-1488,RR Lyrae,47505.300,47505.300,47505.400,0.000,0.100,0.100
demo-1781204618421-1487,RR Lyrae,47501.500,47501.500,47501.600,0.000,0.100,0.100
demo-1781204618392-1486,SN Ia,47471.700,47471.800,47472.000,0.100,0.200,0.300
demo-1781204618360-1485,Mira,47439.800,47439.800,47440.000,0.000,0.200,0.200
demo-1781204618341-1484,AGN,47421.300,47421.300,47421.500,0.000,0.200,0.200
demo-1781204618326-1483,RR Lyrae,47405.800,47405.800,47405.900,0.000,0.100,0.100
demo-1781204618309-1482,Cepheid,47388.800,47388.800,47389.000,0.000,0.200,0.200
demo-1781204618292-1481,RR Lyrae,47371.800,47371.800,47371.900,0.000,0.100,0.100
demo-1781204618258-1480,Mira,47338.600,47338.600,47338.700,0.000,0.100,0.100
demo-1781204618242-1479,RR Lyrae,47322.000,47322.100,47322.100,0.100,0.000,0.100
demo-1781204618225-1478,Cepheid,47305.200,47305.200,47305.300,0.000,0.100,0.100
demo-1781204618209-1477,Mira,47288.700,47288.700,47288.800,0.000,0.100,0.100
demo-1781204618194-1476,QSO,47273.800,47273.800,47274.000,0.000,0.200,0.200
demo-1781204618186-1475,AGN,47266.200,47266.200,47266.300,0.000,0.100,0.100
demo-1781204618145-1474,AGN,47225.100,47225.100,47225.300,0.000,0.200,0.200
demo-1781204618127-1473,AGN,47206.800,47206.800,47206.900,0.000,0.100,0.100
demo-1781204618109-1472,Mira,47188.900,47188.900,47189.000,0.000,0.100,0.100
demo-1781204618094-1471,Cepheid,47173.900,47174.000,47174.000,0.100,0.000,0.100
demo-1781204618060-1470,AGN,47140.400,47140.400,47140.500,0.000,0.100,0.100
demo-1781204618044-1469,RR Lyrae,47123.600,47123.600,47123.900,0.000,0.300,0.300
demo-1781204618026-1468,AGN,47106.100,47106.100,47106.200,0.000,0.100,0.100
demo-1781204618010-1467,RR Lyrae,47090.000,47090.100,47090.200,0.100,0.100,0.200
demo-1781204617992-1466,RR Lyrae,47072.000,47072.000,47072.200,0.000,0.200,0.200
demo-1781204617959-1465,RR Lyrae,47038.900,47038.900,47038.900,0.000,0.000,0.000
demo-1781204617942-1464,AGN,47022.000,47022.100,47022.100,0.100,0.000,0.100
demo-1781204617926-1463,QSO,47005.900,47005.900,47006.000,0.000,0.100,0.100
demo-1781204617923-1462,Cepheid,47002.600,47002.600,47002.800,0.000,0.200,0.200
demo-1781204617891-1461,SN Ia,46971.400,46971.500,46971.600,0.100,0.100,0.200
demo-1781204617859-1460,AGN,46939.000,46939.100,46939.200,0.100,0.100,0.200
demo-1781204617842-1459,QSO,46922.200,46922.200,46922.400,0.000,0.200,0.200
demo-1781204617826-1458,RR Lyrae,46905.600,46905.600,46905.800,0.000,0.200,0.200
demo-1781204617809-1457,Mira,46889.200,46889.200,46889.300,0.000,0.100,0.100
demo-1781204617792-1456,Unknown,46872.200,46872.300,46872.600,0.100,0.300,0.400
demo-1781204617759-1455,RR Lyrae,46839.000,46839.000,46839.100,0.000,0.100,0.100
demo-1781204617742-1454,RR Lyrae,46822.300,46822.300,46822.500,0.000,0.200,0.200
demo-1781204617725-1453,Unknown,46804.600,46804.600,46804.800,0.000,0.200,0.200
demo-1781204617709-1452,QSO,46788.600,46788.600,46788.700,0.000,0.100,0.100
demo-1781204617692-1451,RR Lyrae,46771.800,46771.800,46771.800,0.000,0.000,0.000
demo-1781204617674-1450,LPV,46754.400,46754.400,46754.500,0.000,0.100,0.100
demo-1781204617642-1449,Unknown,46722.100,46722.100,46722.300,0.000,0.200,0.200
demo-1781204617626-1448,LPV,46706.400,46706.500,46706.700,0.100,0.200,0.300
demo-1781204617610-1447,Mira,46689.900,46689.900,46690.100,0.000,0.200,0.200
demo-1781204617592-1446,SN Ia,46672.300,46672.300,46672.500,0.000,0.200,0.200
demo-1781204617560-1445,QSO,46639.800,46639.800,46640.000,0.000,0.200,0.200
demo-1781204617543-1444,RR Lyrae,46623.100,46623.200,46623.300,0.100,0.100,0.200
demo-1781204617526-1443,AGN,46605.600,46605.600,46605.800,0.000,0.200,0.200
demo-1781204617509-1442,Unknown,46588.900,46588.900,46589.000,0.000,0.100,0.100
demo-1781204617492-1441,Mira,46571.800,46571.800,46571.900,0.000,0.100,0.100
demo-1781204617459-1440,SN Ia,46538.700,46538.700,46538.800,0.000,0.100,0.100
demo-1781204617442-1439,RR Lyrae,46522.000,46522.100,46522.200,0.100,0.100,0.200
demo-1781204617426-1438,Mira,46505.900,46505.900,46505.900,0.000,0.000,0.000
demo-1781204617422-1437,AGN,46502.500,46502.500,46502.600,0.000,0.100,0.100
demo-1781204617392-1436,LPV,46472.400,46472.500,46472.600,0.100,0.100,0.200
demo-1781204617360-1435,RR Lyrae,46439.600,46439.700,46439.900,0.100,0.200,0.300
demo-1781204617342-1434,Unknown,46421.800,46421.800,46422.000,0.000,0.200,0.200
demo-1781204617326-1433,AGN,46406.300,46406.500,46406.600,0.200,0.100,0.300
demo-1781204617310-1432,RR Lyrae,46389.700,46389.700,46389.800,0.000,0.100,0.100
demo-1781204617292-1431,AGN,46371.800,46371.900,46372.000,0.100,0.100,0.200
demo-1781204617259-1430,RR Lyrae,46338.700,46338.700,46338.700,0.000,0.000,0.000
demo-1781204617242-1429,RR Lyrae,46322.100,46322.100,46322.300,0.000,0.200,0.200
demo-1781204617225-1428,AGN,46305.200,46305.200,46305.400,0.000,0.200,0.200
demo-1781204617208-1427,AGN,46288.500,46288.500,46288.500,0.000,0.000,0.000
demo-1781204617198-1426,RR Lyrae,46277.900,46277.900,46278.000,0.000,0.100,0.100
demo-1781204617177-1425,SN Ia,46257.600,46257.600,46257.600,0.000,0.000,0.000
demo-1781204617142-1424,LPV,46222.400,46222.400,46222.700,0.000,0.300,0.300
demo-1781204617125-1423,Mira,46205.500,46205.600,46205.800,0.100,0.200,0.300
demo-1781204617108-1422,Mira,46188.600,46188.600,46188.800,0.000,0.200,0.200
demo-1781204617092-1421,AGN,46172.400,46172.400,46172.600,0.000,0.200,0.200
demo-1781204617059-1420,AGN,46139.400,46139.400,46139.500,0.000,0.100,0.100
demo-1781204617043-1419,AGN,46122.900,46123.100,46123.200,0.200,0.100,0.300
demo-1781204617026-1418,AGN,46105.700,46105.800,46106.000,0.100,0.200,0.300
demo-1781204617009-1417,Mira,46089.100,46089.100,46089.200,0.000,0.100,0.100
demo-1781204616992-1416,SN Ia,46071.900,46071.900,46072.000,0.000,0.100,0.100
demo-1781204616959-1415,Unknown,46038.700,46038.700,46038.800,0.000,0.100,0.100
demo-1781204616942-1414,AGN,46022.000,46022.000,46022.100,0.000,0.100,0.100
demo-1781204616926-1413,RR Lyrae,46006.100,46006.100,46006.200,0.000,0.100,0.100
demo-1781204616923-1412,SN Ia,46003.100,46003.100,46003.200,0.000,0.100,0.100
demo-1781204616891-1411,QSO,45971.400,45971.500,45971.700,0.100,0.200,0.300
demo-1781204616859-1410,QSO,45939.500,45939.600,45939.900,0.100,0.300,0.400
demo-1781204616842-1409,Cepheid,45922.000,45922.000,45922.200,0.000,0.200,0.200
demo-1781204616826-1408,Mira,45906.400,45906.500,45906.700,0.100,0.200,0.300
demo-1781204616809-1407,Mira,45888.800,45888.900,45889.100,0.100,0.200,0.300
demo-1781204616792-1406,Unknown,45872.400,45872.400,45872.700,0.000,0.300,0.300
demo-1781204616759-1405,RR Lyrae,45838.900,45838.900,45839.000,0.000,0.100,0.100
demo-1781204616742-1404,SN II,45822.400,45822.400,45822.500,0.000,0.100,0.100
demo-1781204616725-1403,Mira,45805.500,45805.500,45805.600,0.000,0.100,0.100
demo-1781204616709-1402,QSO,45788.800,45788.800,45789.100,0.000,0.300,0.300
demo-1781204616692-1401,LPV,45771.800,45771.800,45771.900,0.000,0.100,0.100
demo-1781204616673-1400,QSO,45753.100,45753.100,45753.200,0.000,0.100,0.100
demo-1781204616643-1399,Mira,45723.300,45723.400,45723.600,0.100,0.200,0.300
demo-1781204616626-1398,RR Lyrae,45706.500,45706.500,45706.800,0.000,0.300,0.300
demo-1781204616610-1397,RR Lyrae,45690.300,45690.300,45690.600,0.000,0.300,0.300
demo-1781204616593-1396,Mira,45672.600,45672.600,45672.900,0.000,0.300,0.300
demo-1781204616559-1395,Mira,45639.500,45639.600,45639.900,0.100,0.300,0.400
demo-1781204616543-1394,AGN,45623.000,45623.000,45623.300,0.000,0.300,0.300
demo-1781204616526-1393,Mira,45606.000,45606.100,45606.300,0.100,0.200,0.300
demo-1781204616510-1392,Mira,45589.800,45589.800,45590.000,0.000,0.200,0.200
demo-1781204616492-1391,RR Lyrae,45572.100,45572.100,45572.300,0.000,0.200,0.200
demo-1781204616459-1390,Unknown,45538.800,45538.800,45539.000,0.000,0.200,0.200
demo-1781204616441-1389,AGN,45521.200,45521.200,45521.300,0.000,0.100,0.100
demo-1781204616427-1388,RR Lyrae,45507.200,45507.300,45507.300,0.100,0.000,0.100
demo-1781204616424-1387,Cepheid,45504.000,45504.000,45504.100,0.000,0.100,0.100
demo-1781204616391-1386,RR Lyrae,45471.400,45471.500,45471.700,0.100,0.200,0.300
demo-1781204616359-1385,AGN,45439.400,45439.500,45439.600,0.100,0.100,0.200
demo-1781204616343-1384,LPV,45422.800,45422.900,45423.000,0.100,0.100,0.200
demo-1781204616325-1383,Unknown,45405.500,45405.500,45405.600,0.000,0.100,0.100
demo-1781204616308-1382,SN Ia,45388.400,45388.400,45388.500,0.000,0.100,0.100
demo-1781204616292-1381,SN II,45371.800,45371.800,45372.000,0.000,0.200,0.200
demo-1781204616259-1380,QSO,45338.600,45338.600,45338.700,0.000,0.100,0.100
demo-1781204616242-1379,RR Lyrae,45322.000,45322.000,45322.100,0.000,0.100,0.100
demo-1781204616225-1378,QSO,45305.400,45305.400,45305.400,0.000,0.000,0.000
demo-1781204616208-1377,Mira,45288.300,45288.300,45288.500,0.000,0.200,0.200
demo-1781204616193-1376,Unknown,45272.700,45272.700,45272.800,0.000,0.100,0.100
demo-1781204616176-1375,RR Lyrae,45256.200,45256.200,45256.300,0.000,0.100,0.100
demo-1781204616143-1374,AGN,45223.100,45223.100,45223.200,0.000,0.100,0.100
demo-1781204616125-1373,RR Lyrae,45205.500,45205.600,45205.700,0.100,0.100,0.200
demo-1781204616109-1372,Mira,45188.800,45188.900,45189.000,0.100,0.100,0.200
demo-1781204616091-1371,SN Ib,45171.200,45171.300,45171.500,0.100,0.200,0.300
demo-1781204616060-1370,AGN,45139.700,45139.700,45140.000,0.000,0.300,0.300
demo-1781204616043-1369,RR Lyrae,45123.000,45123.100,45123.300,0.100,0.200,0.300
demo-1781204616026-1368,RR Lyrae,45105.700,45105.700,45106.000,0.000,0.300,0.300
demo-1781204616009-1367,LPV,45088.900,45088.900,45089.100,0.000,0.200,0.200
demo-1781204615992-1366,RR Lyrae,45072.000,45072.000,45072.200,0.000,0.200,0.200
demo-1781204615959-1365,SN Ia,45038.900,45038.900,45039.000,0.000,0.100,0.100
demo-1781204615941-1364,QSO,45021.100,45021.100,45021.300,0.000,0.200,0.200
demo-1781204615926-1363,SN Ia,45006.600,45006.600,45006.600,0.000,0.000,0.000
demo-1781204615923-1362,RR Lyrae,45003.200,45003.200,45003.300,0.000,0.100,0.100
demo-1781204615892-1361,RR Lyrae,44972.500,44972.500,44972.700,0.000,0.200,0.200
demo-1781204615859-1360,RR Lyrae,44939.500,44939.500,44939.900,0.000,0.400,0.400
demo-1781204615842-1359,SN II,44922.100,44922.200,44922.400,0.100,0.200,0.300
demo-1781204615826-1358,QSO,44906.400,44906.400,44906.700,0.000,0.300,0.300
demo-1781204615809-1357,RR Lyrae,44889.000,44889.100,44889.300,0.100,0.200,0.300
demo-1781204615792-1356,SN II,44872.400,44872.400,44872.600,0.000,0.200,0.200
demo-1781204615759-1355,Mira,44838.900,44838.900,44839.000,0.000,0.100,0.100
demo-1781204615742-1354,Mira,44822.200,44822.200,44822.300,0.000,0.100,0.100
demo-1781204615725-1353,AGN,44805.400,44805.500,44805.600,0.100,0.100,0.200
demo-1781204615709-1352,RR Lyrae,44788.600,44788.600,44788.800,0.000,0.200,0.200
demo-1781204615691-1351,QSO,44770.900,44770.900,44770.900,0.000,0.000,0.000
demo-1781204615673-1350,Unknown,44753.500,44753.500,44753.600,0.000,0.100,0.100
demo-1781204615643-1349,Mira,44722.900,44723.000,44723.200,0.100,0.200,0.300
demo-1781204615626-1348,Cepheid,44706.500,44706.600,44706.700,0.100,0.100,0.200
demo-1781204615610-1347,LPV,44690.000,44690.000,44690.100,0.000,0.100,0.100
demo-1781204615592-1346,RR Lyrae,44671.800,44671.900,44672.100,0.100,0.200,0.300
demo-1781204615560-1345,RR Lyrae,44639.600,44639.600,44639.900,0.000,0.300,0.300
demo-1781204615543-1344,SN Ia,44622.900,44623.000,44623.200,0.100,0.200,0.300
demo-1781204615526-1343,RR Lyrae,44606.200,44606.200,44606.300,0.000,0.100,0.100
demo-1781204615509-1342,SN II,44589.400,44589.400,44589.600,0.000,0.200,0.200
demo-1781204615492-1341,RR Lyrae,44571.800,44571.800,44572.000,0.000,0.200,0.200
demo-1781204615459-1340,QSO,44538.600,44538.700,44538.800,0.100,0.100,0.200
demo-1781204615442-1339,RR Lyrae,44521.800,44521.800,44521.900,0.000,0.100,0.100
demo-1781204615426-1338,AGN,44505.900,44505.900,44506.000,0.000,0.100,0.100
demo-1781204615423-1337,AGN,44502.700,44502.800,44502.900,0.100,0.100,0.200
demo-1781204615393-1336,AGN,44473.100,44473.100,44473.300,0.000,0.200,0.200
demo-1781204615375-1335,Mira,44455.200,44455.200,44455.400,0.000,0.200,0.200
demo-1781204615343-1334,SN Ia,44423.100,44423.100,44423.300,0.000,0.200,0.200
demo-1781204615326-1333,SN Ic,44406.200,44406.300,44406.400,0.100,0.100,0.200
demo-1781204615309-1332,QSO,44389.600,44389.600,44389.800,0.000,0.200,0.200
demo-1781204615292-1331,LPV,44371.900,44372.000,44372.000,0.100,0.000,0.100
demo-1781204615259-1330,Unknown,44338.700,44338.700,44338.800,0.000,0.100,0.100
demo-1781204615242-1329,AGN,44322.300,44322.300,44322.400,0.000,0.100,0.100
demo-1781204615225-1328,Mira,44305.200,44305.200,44305.300,0.000,0.100,0.100
demo-1781204615208-1327,Mira,44288.500,44288.500,44288.600,0.000,0.100,0.100
demo-1781204615192-1326,Mira,44271.600,44271.700,44271.700,0.100,0.000,0.100
demo-1781204615173-1325,RR Lyrae,44253.000,44253.000,44253.100,0.000,0.100,0.100
demo-1781204615142-1324,Mira,44222.200,44222.200,44222.300,0.000,0.100,0.100
demo-1781204615125-1323,Mira,44205.500,44205.500,44205.600,0.000,0.100,0.100
demo-1781204615109-1322,Unknown,44188.700,44188.700,44188.800,0.000,0.100,0.100
demo-1781204615092-1321,Mira,44171.900,44171.900,44172.000,0.000,0.100,0.100
demo-1781204615060-1320,RR Lyrae,44139.700,44139.800,44140.000,0.100,0.200,0.300
demo-1781204615043-1319,RR Lyrae,44123.000,44123.100,44123.200,0.100,0.100,0.200
demo-1781204615026-1318,LPV,44105.900,44105.900,44106.100,0.000,0.200,0.200
demo-1781204615009-1317,AGN,44089.000,44089.000,44089.200,0.000,0.200,0.200
demo-1781204614992-1316,SN II,44071.800,44071.800,44071.800,0.000,0.000,0.000
demo-1781204614958-1315,AGN,44038.600,44038.600,44038.600,0.000,0.000,0.000
demo-1781204614942-1314,QSO,44021.900,44021.900,44022.000,0.000,0.100,0.100
demo-1781204614926-1313,AGN,44006.400,44006.400,44006.500,0.000,0.100,0.100
demo-1781204614923-1312,Mira,44003.300,44003.300,44003.300,0.000,0.000,0.000
demo-1781204614894-1311,RR Lyrae,43973.900,43974.000,43974.000,0.100,0.000,0.100
demo-1781204614877-1310,SN II,43957.000,43957.000,43957.200,0.000,0.200,0.200
demo-1781204614844-1309,SN Ia,43924.300,43924.300,43924.300,0.000,0.000,0.000
demo-1781204614826-1308,RR Lyrae,43906.500,43906.600,43906.700,0.100,0.100,0.200
demo-1781204614808-1307,Cepheid,43887.800,43887.800,43887.900,0.000,0.100,0.100
demo-1781204614792-1306,RR Lyrae,43872.300,43872.300,43872.600,0.000,0.300,0.300
demo-1781204614759-1305,Mira,43839.000,43839.000,43839.100,0.000,0.100,0.100
demo-1781204614742-1304,AGN,43822.400,43822.400,43822.600,0.000,0.200,0.200
demo-1781204614725-1303,AGN,43805.500,43805.500,43805.600,0.000,0.100,0.100
demo-1781204614709-1302,RR Lyrae,43788.800,43788.800,43788.800,0.000,0.000,0.000
demo-1781204614691-1301,Mira,43771.100,43771.100,43771.100,0.000,0.000,0.000
demo-1781204614678-1300,RR Lyrae,43758.300,43758.300,43758.400,0.000,0.100,0.100
demo-1781204614643-1299,AGN,43722.600,43722.600,43722.800,0.000,0.200,0.200
demo-1781204614626-1298,AGN,43706.000,43706.000,43706.200,0.000,0.200,0.200
demo-1781204614609-1297,Unknown,43689.000,43689.100,43689.200,0.100,0.100,0.200
demo-1781204614593-1296,SN II,43672.600,43672.700,43672.900,0.100,0.200,0.300
demo-1781204614560-1295,Mira,43639.600,43639.700,43639.900,0.100,0.200,0.300
demo-1781204614541-1294,Unknown,43621.300,43621.300,43621.500,0.000,0.200,0.200
demo-1781204614527-1293,AGN,43607.000,43607.000,43607.300,0.000,0.300,0.300
demo-1781204614510-1292,AGN,43589.700,43589.700,43589.900,0.000,0.200,0.200
demo-1781204614492-1291,RR Lyrae,43572.100,43572.200,43572.300,0.100,0.100,0.200
demo-1781204614459-1290,AGN,43539.000,43539.000,43539.000,0.000,0.000,0.000
demo-1781204614442-1289,Mira,43522.200,43522.300,43522.300,0.100,0.000,0.100
demo-1781204614428-1288,Unknown,43507.700,43507.700,43507.700,0.000,0.000,0.000
demo-1781204614424-1287,Cepheid,43504.400,43504.400,43504.600,0.000,0.200,0.200
demo-1781204614391-1286,RR Lyrae,43471.500,43471.500,43471.700,0.000,0.200,0.200
demo-1781204614360-1285,AGN,43439.700,43439.700,43440.000,0.000,0.300,0.300
demo-1781204614342-1284,Unknown,43422.300,43422.400,43422.500,0.100,0.100,0.200
demo-1781204614326-1283,AGN,43406.300,43406.300,43406.500,0.000,0.200,0.200
demo-1781204614310-1282,RR Lyrae,43389.700,43389.700,43389.900,0.000,0.200,0.200
demo-1781204614292-1281,RR Lyrae,43371.800,43371.800,43371.900,0.000,0.100,0.100
demo-1781204614259-1280,SN II,43338.600,43338.600,43338.700,0.000,0.100,0.100
demo-1781204614242-1279,Mira,43322.100,43322.100,43322.200,0.000,0.100,0.100
demo-1781204614225-1278,RR Lyrae,43305.200,43305.200,43305.200,0.000,0.000,0.000
demo-1781204614208-1277,Unknown,43288.400,43288.400,43288.500,0.000,0.100,0.100
demo-1781204614192-1276,SN II,43271.600,43271.600,43271.700,0.000,0.100,0.100
demo-1781204614174-1275,SN II,43254.100,43254.100,43254.200,0.000,0.100,0.100
demo-1781204614142-1274,AGN,43221.900,43221.900,43222.200,0.000,0.300,0.300
demo-1781204614126-1273,RR Lyrae,43206.400,43206.400,43206.600,0.000,0.200,0.200
demo-1781204614110-1272,RR Lyrae,43189.700,43189.700,43190.100,0.000,0.400,0.400
demo-1781204614092-1271,AGN,43171.700,43171.700,43172.000,0.000,0.300,0.300
demo-1781204614060-1270,AGN,43139.700,43139.700,43139.800,0.000,0.100,0.100
demo-1781204614043-1269,QSO,43123.100,43123.100,43123.300,0.000,0.200,0.200
demo-1781204614026-1268,SN Ia,43105.600,43105.700,43105.800,0.100,0.100,0.200
demo-1781204614009-1267,AGN,43088.800,43088.900,43089.000,0.100,0.100,0.200
demo-1781204613992-1266,SN Ia,43072.000,43072.000,43072.200,0.000,0.200,0.200
demo-1781204613959-1265,Unknown,43038.700,43038.700,43038.900,0.000,0.200,0.200
demo-1781204613942-1264,RR Lyrae,43021.800,43021.900,43022.000,0.100,0.100,0.200
demo-1781204613926-1263,AGN,43006.100,43006.100,43006.200,0.000,0.100,0.100
demo-1781204613923-1262,Cepheid,43002.800,43002.800,43002.900,0.000,0.100,0.100
demo-1781204613892-1261,AGN,42971.700,42971.700,42971.900,0.000,0.200,0.200
demo-1781204613859-1260,RR Lyrae,42939.600,42939.600,42939.900,0.000,0.300,0.300
demo-1781204613843-1259,Mira,42922.600,42922.600,42922.800,0.000,0.200,0.200
demo-1781204613825-1258,Unknown,42905.500,42905.500,42905.600,0.000,0.100,0.100
demo-1781204613809-1257,AGN,42888.700,42888.700,42888.800,0.000,0.100,0.100
demo-1781204613792-1256,RR Lyrae,42871.800,42871.800,42871.800,0.000,0.000,0.000
demo-1781204613758-1255,Mira,42838.500,42838.500,42838.500,0.000,0.000,0.000
demo-1781204613742-1254,RR Lyrae,42821.900,42821.900,42822.000,0.000,0.100,0.100
demo-1781204613725-1253,RR Lyrae,42805.100,42805.200,42805.200,0.100,0.000,0.100
demo-1781204613709-1252,AGN,42788.600,42788.600,42788.700,0.000,0.100,0.100
demo-1781204613695-1251,SN Ia,42775.300,42775.300,42775.400,0.000,0.100,0.100
demo-1781204613677-1250,QSO,42756.800,42756.800,42756.800,0.000,0.000,0.000
demo-1781204613643-1249,RR Lyrae,42722.700,42722.700,42722.900,0.000,0.200,0.200
demo-1781204613626-1248,SN Ic,42706.500,42706.600,42706.800,0.100,0.200,0.300
demo-1781204613610-1247,RR Lyrae,42689.800,42689.800,42690.000,0.000,0.200,0.200
demo-1781204613592-1246,Mira,42672.300,42672.300,42672.600,0.000,0.300,0.300
demo-1781204613560-1245,QSO,42639.800,42639.800,42640.000,0.000,0.200,0.200
demo-1781204613543-1244,AGN,42623.200,42623.200,42623.500,0.000,0.300,0.300
demo-1781204613525-1243,RR Lyrae,42605.200,42605.200,42605.400,0.000,0.200,0.200
demo-1781204613510-1242,AGN,42589.700,42589.700,42589.800,0.000,0.100,0.100
demo-1781204613492-1241,SN Ic,42571.800,42571.800,42572.000,0.000,0.200,0.200
demo-1781204613459-1240,RR Lyrae,42538.800,42538.800,42539.100,0.000,0.300,0.300
demo-1781204613442-1239,Unknown,42521.900,42521.900,42522.000,0.000,0.100,0.100
demo-1781204613428-1238,RR Lyrae,42508.000,42508.000,42508.100,0.000,0.100,0.100
demo-1781204613425-1237,RR Lyrae,42504.800,42504.900,42504.900,0.100,0.000,0.100
demo-1781204613392-1236,QSO,42472.400,42472.500,42472.700,0.100,0.200,0.300
demo-1781204613359-1235,Mira,42439.500,42439.500,42439.700,0.000,0.200,0.200
demo-1781204613342-1234,AGN,42422.400,42422.400,42422.600,0.000,0.200,0.200
demo-1781204613325-1233,Mira,42405.300,42405.300,42405.500,0.000,0.200,0.200
demo-1781204613309-1232,Cepheid,42389.600,42389.600,42389.800,0.000,0.200,0.200
demo-1781204613292-1231,LPV,42371.800,42371.800,42372.000,0.000,0.200,0.200
demo-1781204613259-1230,SN Ia,42338.500,42338.500,42338.700,0.000,0.200,0.200
demo-1781204613242-1229,Unknown,42322.000,42322.000,42322.100,0.000,0.100,0.100
demo-1781204613225-1228,AGN,42304.900,42305.000,42305.100,0.100,0.100,0.200
demo-1781204613208-1227,RR Lyrae,42288.400,42288.400,42288.400,0.000,0.000,0.000
demo-1781204613192-1226,Mira,42271.700,42271.700,42271.900,0.000,0.200,0.200
demo-1781204613184-1225,RR Lyrae,42263.600,42263.600,42263.700,0.000,0.100,0.100
demo-1781204613143-1224,AGN,42223.200,42223.200,42223.300,0.000,0.100,0.100
demo-1781204613125-1223,RR Lyrae,42205.500,42205.600,42205.600,0.100,0.000,0.100
demo-1781204613110-1222,AGN,42189.800,42189.900,42190.100,0.100,0.200,0.300
demo-1781204613092-1221,AGN,42172.300,42172.300,42172.500,0.000,0.200,0.200
demo-1781204613060-1220,Cepheid,42139.600,42139.600,42139.900,0.000,0.300,0.300
demo-1781204613043-1219,AGN,42122.900,42122.900,42123.100,0.000,0.200,0.200
demo-1781204613025-1218,AGN,42105.400,42105.400,42105.500,0.000,0.100,0.100
demo-1781204613009-1217,Cepheid,42088.800,42088.800,42088.800,0.000,0.000,0.000
demo-1781204612992-1216,RR Lyrae,42071.600,42071.600,42071.800,0.000,0.200,0.200
demo-1781204612959-1215,RR Lyrae,42038.700,42038.700,42038.800,0.000,0.100,0.100
demo-1781204612942-1214,Cepheid,42021.900,42021.900,42022.000,0.000,0.100,0.100
demo-1781204612926-1213,RR Lyrae,42006.300,42006.400,42006.500,0.100,0.100,0.200
demo-1781204612923-1212,RR Lyrae,42003.100,42003.100,42003.200,0.000,0.100,0.100
demo-1781204612892-1211,AGN,41972.300,41972.400,41972.600,0.100,0.200,0.300
demo-1781204612859-1210,RR Lyrae,41939.100,41939.200,41939.300,0.100,0.100,0.200
demo-1781204612843-1209,AGN,41923.300,41923.400,41923.600,0.100,0.200,0.300
demo-1781204612826-1208,SN II,41906.400,41906.400,41906.700,0.000,0.300,0.300
demo-1781204612809-1207,Mira,41889.000,41889.000,41889.200,0.000,0.200,0.200
demo-1781204612792-1206,SN Ia,41872.300,41872.400,41872.600,0.100,0.200,0.300
demo-1781204612759-1205,SN Ic,41838.700,41838.700,41838.800,0.000,0.100,0.100
demo-1781204612742-1204,AGN,41821.800,41821.900,41822.000,0.100,0.100,0.200
demo-1781204612725-1203,SN Ia,41805.200,41805.300,41805.300,0.100,0.000,0.100
demo-1781204612708-1202,Cepheid,41788.500,41788.600,41788.600,0.100,0.000,0.100
demo-1781204612692-1201,Cepheid,41771.700,41771.700,41771.700,0.000,0.000,0.000
demo-1781204612673-1200,SN Ia,41753.400,41753.400,41753.500,0.000,0.100,0.100
demo-1781204612642-1199,Mira,41722.100,41722.100,41722.500,0.000,0.400,0.400
demo-1781204612627-1198,RR Lyrae,41706.600,41706.700,41706.800,0.100,0.100,0.200
demo-1781204612610-1197,SN Ic,41689.900,41689.900,41690.100,0.000,0.200,0.200
demo-1781204612592-1196,Cepheid,41672.100,41672.100,41672.300,0.000,0.200,0.200
demo-1781204612559-1195,AGN,41639.500,41639.600,41639.800,0.100,0.200,0.300
demo-1781204612543-1194,RR Lyrae,41622.700,41622.800,41622.900,0.100,0.100,0.200
demo-1781204612526-1193,Unknown,41606.200,41606.300,41606.600,0.100,0.300,0.400
demo-1781204612508-1192,RR Lyrae,41588.500,41588.500,41588.700,0.000,0.200,0.200
demo-1781204612492-1191,RR Lyrae,41571.900,41571.900,41572.100,0.000,0.200,0.200
demo-1781204612459-1190,LPV,41538.600,41538.600,41538.700,0.000,0.100,0.100
demo-1781204612442-1189,RR Lyrae,41522.000,41522.000,41522.000,0.000,0.000,0.000
demo-1781204612427-1188,RR Lyrae,41506.900,41506.900,41507.000,0.000,0.100,0.100
demo-1781204612424-1187,RR Lyrae,41503.900,41503.900,41504.100,0.000,0.200,0.200
demo-1781204612393-1186,RR Lyrae,41473.100,41473.200,41473.300,0.100,0.100,0.200
demo-1781204612375-1185,Mira,41454.700,41454.700,41454.900,0.000,0.200,0.200
demo-1781204612343-1184,AGN,41423.200,41423.200,41423.400,0.000,0.200,0.200
demo-1781204612326-1183,Unknown,41406.300,41406.400,41406.700,0.100,0.300,0.400
demo-1781204612308-1182,RR Lyrae,41388.600,41388.600,41388.700,0.000,0.100,0.100
demo-1781204612292-1181,Unknown,41371.800,41371.800,41371.900,0.000,0.100,0.100
demo-1781204612259-1180,RR Lyrae,41338.600,41338.700,41338.700,0.100,0.000,0.100
demo-1781204612242-1179,Mira,41322.000,41322.000,41322.000,0.000,0.000,0.000
demo-1781204612225-1178,RR Lyrae,41305.200,41305.200,41305.300,0.000,0.100,0.100
demo-1781204612208-1177,RR Lyrae,41288.500,41288.500,41288.500,0.000,0.000,0.000
demo-1781204612192-1176,AGN,41271.800,41271.800,41271.800,0.000,0.000,0.000
demo-1781204612187-1175,Cepheid,41267.200,41267.300,41267.300,0.100,0.000,0.100
demo-1781204612143-1174,Mira,41223.300,41223.300,41223.500,0.000,0.200,0.200
demo-1781204612125-1173,Unknown,41205.400,41205.500,41205.700,0.100,0.200,0.300
demo-1781204612110-1172,AGN,41189.900,41189.900,41190.200,0.000,0.300,0.300
demo-1781204612093-1171,Cepheid,41173.100,41173.200,41173.300,0.100,0.100,0.200
demo-1781204612076-1170,SN II,41155.800,41155.800,41156.100,0.000,0.300,0.300
demo-1781204612043-1169,RR Lyrae,41123.000,41123.100,41123.100,0.100,0.000,0.100
demo-1781204612026-1168,Mira,41105.700,41105.700,41105.900,0.000,0.200,0.200
demo-1781204612009-1167,Mira,41088.900,41089.000,41089.000,0.100,0.000,0.100
demo-1781204611992-1166,AGN,41072.000,41072.000,41072.100,0.000,0.100,0.100
demo-1781204611959-1165,Unknown,41038.800,41038.800,41038.900,0.000,0.100,0.100
demo-1781204611942-1164,AGN,41022.000,41022.100,41022.100,0.100,0.000,0.100
demo-1781204611927-1163,Mira,41006.600,41006.600,41006.700,0.000,0.100,0.100
demo-1781204611923-1162,Cepheid,41003.400,41003.400,41003.600,0.000,0.200,0.200
demo-1781204611892-1161,Unknown,40972.200,40972.300,40972.400,0.100,0.100,0.200
demo-1781204611859-1160,Cepheid,40939.400,40939.400,40939.600,0.000,0.200,0.200
demo-1781204611842-1159,Mira,40922.100,40922.100,40922.300,0.000,0.200,0.200
demo-1781204611825-1158,RR Lyrae,40905.300,40905.400,40905.600,0.100,0.200,0.300
demo-1781204611810-1157,Mira,40889.700,40889.800,40890.000,0.100,0.200,0.300
demo-1781204611792-1156,RR Lyrae,40872.400,40872.400,40872.600,0.000,0.200,0.200
demo-1781204611759-1155,SN Ib,40838.700,40838.700,40838.800,0.000,0.100,0.100
demo-1781204611742-1154,Mira,40822.000,40822.100,40822.200,0.100,0.100,0.200
demo-1781204611725-1153,SN Ia,40805.200,40805.200,40805.300,0.000,0.100,0.100
demo-1781204611708-1152,Cepheid,40788.500,40788.500,40788.700,0.000,0.200,0.200
demo-1781204611692-1151,Mira,40771.700,40771.700,40771.800,0.000,0.100,0.100
demo-1781204611674-1150,Mira,40754.300,40754.300,40754.400,0.000,0.100,0.100
demo-1781204611642-1149,AGN,40722.100,40722.200,40722.400,0.100,0.200,0.300
demo-1781204611627-1148,AGN,40706.600,40706.600,40706.900,0.000,0.300,0.300
demo-1781204611610-1147,AGN,40690.200,40690.200,40690.600,0.000,0.400,0.400
demo-1781204611592-1146,Cepheid,40672.400,40672.400,40672.600,0.000,0.200,0.200
demo-1781204611559-1145,LPV,40639.600,40639.600,40639.800,0.000,0.200,0.200
demo-1781204611543-1144,RR Lyrae,40623.000,40623.100,40623.300,0.100,0.200,0.300
demo-1781204611526-1143,SN Ic,40606.300,40606.300,40606.600,0.000,0.300,0.300
demo-1781204611509-1142,Mira,40589.000,40589.000,40589.200,0.000,0.200,0.200
demo-1781204611492-1141,Unknown,40571.800,40571.800,40572.000,0.000,0.200,0.200
demo-1781204611459-1140,AGN,40538.600,40538.600,40538.800,0.000,0.200,0.200
demo-1781204611442-1139,RR Lyrae,40521.900,40521.900,40522.000,0.000,0.100,0.100
demo-1781204611428-1138,AGN,40508.400,40508.400,40508.400,0.000,0.000,0.000
demo-1781204611425-1137,RR Lyrae,40505.100,40505.200,40505.300,0.100,0.100,0.200
demo-1781204611392-1136,AGN,40472.200,40472.200,40472.500,0.000,0.300,0.300
demo-1781204611359-1135,AGN,40439.500,40439.500,40439.800,0.000,0.300,0.300
demo-1781204611343-1134,SN II,40423.100,40423.100,40423.400,0.000,0.300,0.300
demo-1781204611325-1133,LPV,40405.200,40405.300,40405.500,0.100,0.200,0.300
demo-1781204611310-1132,AGN,40389.700,40389.700,40389.900,0.000,0.200,0.200
demo-1781204611292-1131,LPV,40371.800,40371.800,40372.000,0.000,0.200,0.200
demo-1781204611259-1130,Mira,40338.700,40338.700,40338.800,0.000,0.100,0.100
demo-1781204611242-1129,AGN,40322.000,40322.000,40322.200,0.000,0.200,0.200
demo-1781204611225-1128,Mira,40305.100,40305.100,40305.200,0.000,0.100,0.100
demo-1781204611208-1127,Mira,40288.400,40288.400,40288.500,0.000,0.100,0.100
demo-1781204611192-1126,RR Lyrae,40271.600,40271.600,40271.700,0.000,0.100,0.100
demo-1781204611174-1125,RR Lyrae,40253.900,40253.900,40254.000,0.000,0.100,0.100
demo-1781204611142-1124,RR Lyrae,40221.800,40221.800,40222.100,0.000,0.300,0.300
demo-1781204611125-1123,RR Lyrae,40205.400,40205.400,40205.600,0.000,0.200,0.200
demo-1781204611109-1122,QSO,40189.000,40189.000,40189.100,0.000,0.100,0.100
demo-1781204611092-1121,QSO,40172.100,40172.100,40172.300,0.000,0.200,0.200
demo-1781204611059-1120,RR Lyrae,40139.300,40139.300,40139.600,0.000,0.300,0.300
demo-1781204611042-1119,AGN,40121.900,40121.900,40122.100,0.000,0.200,0.200
demo-1781204611026-1118,SN II,40106.100,40106.100,40106.300,0.000,0.200,0.200
demo-1781204611009-1117,AGN,40088.900,40088.900,40089.100,0.000,0.200,0.200
demo-1781204610992-1116,SN Ia,40071.800,40071.800,40072.000,0.000,0.200,0.200
demo-1781204610958-1115,Mira,40038.500,40038.500,40038.700,0.000,0.200,0.200
demo-1781204610942-1114,RR Lyrae,40021.900,40021.900,40022.000,0.000,0.100,0.100
demo-1781204610926-1113,Cepheid,40006.300,40006.300,40006.300,0.000,0.000,0.000
demo-1781204610923-1112,Mira,40003.200,40003.200,40003.400,0.000,0.200,0.200
demo-1781204610892-1111,RR Lyrae,39972.300,39972.300,39972.500,0.000,0.200,0.200
demo-1781204610859-1110,RR Lyrae,39939.500,39939.500,39939.700,0.000,0.200,0.200
demo-1781204610842-1109,AGN,39921.800,39921.800,39922.100,0.000,0.300,0.300
demo-1781204610825-1108,AGN,39905.300,39905.300,39905.500,0.000,0.200,0.200
demo-1781204610810-1107,AGN,39889.700,39889.700,39889.900,0.000,0.200,0.200
demo-1781204610792-1106,RR Lyrae,39872.000,39872.100,39872.200,0.100,0.100,0.200
demo-1781204610759-1105,SN II,39838.800,39838.800,39838.900,0.000,0.100,0.100
demo-1781204610742-1104,Mira,39822.100,39822.100,39822.400,0.000,0.300,0.300
demo-1781204610726-1103,Unknown,39805.800,39805.800,39805.900,0.000,0.100,0.100
demo-1781204610709-1102,Unknown,39788.800,39788.800,39788.900,0.000,0.100,0.100
demo-1781204610692-1101,AGN,39771.700,39771.700,39771.900,0.000,0.200,0.200
demo-1781204610673-1100,RR Lyrae,39753.000,39753.000,39753.200,0.000,0.200,0.200
demo-1781204610643-1099,RR Lyrae,39723.000,39723.100,39723.300,0.100,0.200,0.300
demo-1781204610626-1098,Mira,39705.700,39705.800,39706.000,0.100,0.200,0.300
demo-1781204610609-1097,RR Lyrae,39689.500,39689.500,39689.700,0.000,0.200,0.200
demo-1781204610592-1096,Mira,39672.200,39672.300,39672.600,0.100,0.300,0.400
demo-1781204610559-1095,LPV,39639.400,39639.400,39639.700,0.000,0.300,0.300
demo-1781204610543-1094,Mira,39622.900,39623.000,39623.200,0.100,0.200,0.300
demo-1781204610526-1093,LPV,39605.700,39605.700,39605.800,0.000,0.100,0.100
demo-1781204610509-1092,SN Ia,39588.700,39588.700,39588.900,0.000,0.200,0.200
demo-1781204610492-1091,Mira,39571.600,39571.600,39571.800,0.000,0.200,0.200
demo-1781204610459-1090,RR Lyrae,39538.700,39538.700,39538.800,0.000,0.100,0.100
demo-1781204610442-1089,SN Ia,39521.800,39521.900,39522.000,0.100,0.100,0.200
demo-1781204610425-1088,Cepheid,39505.300,39505.300,39505.400,0.000,0.100,0.100
demo-1781204610421-1087,Mira,39501.400,39501.400,39501.600,0.000,0.200,0.200
demo-1781204610392-1086,RR Lyrae,39472.000,39472.000,39472.100,0.000,0.100,0.100
demo-1781204610376-1085,AGN,39455.700,39455.700,39456.000,0.000,0.300,0.300
demo-1781204610342-1084,LPV,39422.100,39422.100,39422.500,0.000,0.400,0.400
demo-1781204610326-1083,RR Lyrae,39406.200,39406.200,39406.400,0.000,0.200,0.200
demo-1781204610309-1082,QSO,39389.600,39389.600,39389.800,0.000,0.200,0.200
demo-1781204610292-1081,Mira,39372.200,39372.200,39372.400,0.000,0.200,0.200
demo-1781204610259-1080,AGN,39338.700,39338.700,39338.900,0.000,0.200,0.200
demo-1781204610242-1079,AGN,39321.900,39321.900,39322.000,0.000,0.100,0.100
demo-1781204610225-1078,RR Lyrae,39305.200,39305.200,39305.300,0.000,0.100,0.100
demo-1781204610208-1077,Cepheid,39288.400,39288.400,39288.400,0.000,0.000,0.000
demo-1781204610192-1076,QSO,39271.800,39271.800,39272.000,0.000,0.200,0.200
demo-1781204610186-1075,RR Lyrae,39265.600,39265.700,39265.800,0.100,0.100,0.200
demo-1781204610142-1074,QSO,39221.900,39221.900,39222.100,0.000,0.200,0.200
demo-1781204610125-1073,AGN,39205.300,39205.400,39205.600,0.100,0.200,0.300
demo-1781204610109-1072,Mira,39188.800,39188.800,39189.000,0.000,0.200,0.200
demo-1781204610091-1071,SN Ia,39171.300,39171.300,39171.500,0.000,0.200,0.200
demo-1781204610059-1070,AGN,39139.400,39139.500,39139.700,0.100,0.200,0.300
demo-1781204610043-1069,Unknown,39122.900,39122.900,39123.000,0.000,0.100,0.100
demo-1781204610026-1068,Mira,39106.100,39106.100,39106.300,0.000,0.200,0.200
demo-1781204610009-1067,Mira,39089.000,39089.100,39089.200,0.100,0.100,0.200
demo-1781204609992-1066,RR Lyrae,39071.800,39071.800,39071.900,0.000,0.100,0.100
demo-1781204609958-1065,SN Ia,39038.500,39038.500,39038.600,0.000,0.100,0.100
demo-1781204609942-1064,SN Ic,39021.800,39021.900,39022.000,0.100,0.100,0.200
demo-1781204609929-1063,RR Lyrae,39008.700,39008.700,39008.800,0.000,0.100,0.100
demo-1781204609925-1062,Mira,39005.400,39005.400,39005.600,0.000,0.200,0.200
demo-1781204609891-1061,Cepheid,38971.200,38971.300,38971.500,0.100,0.200,0.300
demo-1781204609859-1060,RR Lyrae,38939.400,38939.500,38939.700,0.100,0.200,0.300
demo-1781204609842-1059,AGN,38922.200,38922.300,38922.500,0.100,0.200,0.300
demo-1781204609825-1058,RR Lyrae,38905.300,38905.300,38905.500,0.000,0.200,0.200
demo-1781204609810-1057,RR Lyrae,38889.600,38889.700,38889.900,0.100,0.200,0.300
demo-1781204609792-1056,RR Lyrae,38872.100,38872.100,38872.300,0.000,0.200,0.200
demo-1781204609759-1055,Mira,38838.800,38838.800,38839.000,0.000,0.200,0.200
demo-1781204609742-1054,RR Lyrae,38822.200,38822.200,38822.400,0.000,0.200,0.200
demo-1781204609724-1053,Unknown,38804.500,38804.500,38804.600,0.000,0.100,0.100
demo-1781204609709-1052,QSO,38788.600,38788.600,38788.700,0.000,0.100,0.100
demo-1781204609692-1051,Mira,38771.900,38771.900,38772.000,0.000,0.100,0.100
demo-1781204609677-1050,AGN,38757.600,38757.600,38757.700,0.000,0.100,0.100
demo-1781204609642-1049,QSO,38722.300,38722.300,38722.500,0.000,0.200,0.200
demo-1781204609626-1048,RR Lyrae,38706.500,38706.500,38706.800,0.000,0.300,0.300
demo-1781204609610-1047,RR Lyrae,38689.800,38689.900,38690.100,0.100,0.200,0.300
demo-1781204609592-1046,RR Lyrae,38672.200,38672.200,38672.500,0.000,0.300,0.300
demo-1781204609560-1045,Unknown,38639.700,38639.700,38639.900,0.000,0.200,0.200
demo-1781204609542-1044,RR Lyrae,38622.000,38622.000,38622.200,0.000,0.200,0.200
demo-1781204609526-1043,AGN,38606.500,38606.500,38606.700,0.000,0.200,0.200
demo-1781204609509-1042,Mira,38589.400,38589.400,38589.600,0.000,0.200,0.200
demo-1781204609492-1041,Mira,38571.700,38571.700,38571.700,0.000,0.000,0.000
demo-1781204609458-1040,AGN,38538.500,38538.500,38538.600,0.000,0.100,0.100
demo-1781204609442-1039,Mira,38521.800,38521.800,38521.800,0.000,0.000,0.000
demo-1781204609427-1038,RR Lyrae,38506.600,38506.600,38506.700,0.000,0.100,0.100
demo-1781204609423-1037,AGN,38503.300,38503.300,38503.300,0.000,0.000,0.000
demo-1781204609391-1036,Mira,38471.300,38471.400,38471.500,0.100,0.100,0.200
demo-1781204609359-1035,LPV,38439.400,38439.500,38439.700,0.100,0.200,0.300
demo-1781204609343-1034,AGN,38422.800,38422.800,38423.200,0.000,0.400,0.400
demo-1781204609326-1033,Unknown,38406.100,38406.200,38406.400,0.100,0.200,0.300
demo-1781204609309-1032,LPV,38389.500,38389.500,38389.700,0.000,0.200,0.200
demo-1781204609292-1031,RR Lyrae,38371.900,38371.900,38372.000,0.000,0.100,0.100
demo-1781204609258-1030,RR Lyrae,38338.500,38338.500,38338.500,0.000,0.000,0.000
demo-1781204609242-1029,RR Lyrae,38321.900,38321.900,38321.900,0.000,0.000,0.000
demo-1781204609225-1028,RR Lyrae,38305.000,38305.000,38305.100,0.000,0.100,0.100
demo-1781204609208-1027,RR Lyrae,38288.400,38288.400,38288.500,0.000,0.100,0.100
demo-1781204609198-1026,RR Lyrae,38277.700,38277.700,38277.800,0.000,0.100,0.100
demo-1781204609176-1025,Mira,38256.500,38256.500,38256.500,0.000,0.000,0.000
demo-1781204609142-1024,SN II,38222.200,38222.200,38222.500,0.000,0.300,0.300
demo-1781204609125-1023,SN Ia,38205.500,38205.500,38205.800,0.000,0.300,0.300
demo-1781204609109-1022,RR Lyrae,38188.700,38188.800,38188.900,0.100,0.100,0.200
demo-1781204609091-1021,RR Lyrae,38171.300,38171.300,38171.400,0.000,0.100,0.100
demo-1781204609059-1020,QSO,38139.400,38139.400,38139.700,0.000,0.300,0.300
demo-1781204609044-1019,RR Lyrae,38123.900,38123.900,38124.100,0.000,0.200,0.200
demo-1781204609026-1018,Mira,38106.300,38106.300,38106.500,0.000,0.200,0.200
demo-1781204609009-1017,QSO,38088.800,38088.800,38088.900,0.000,0.100,0.100
demo-1781204608992-1016,SN Ia,38071.700,38071.700,38071.800,0.000,0.100,0.100
demo-1781204608958-1015,Mira,38038.500,38038.500,38038.600,0.000,0.100,0.100
demo-1781204608942-1014,LPV,38021.800,38021.800,38021.900,0.000,0.100,0.100
demo-1781204608926-1013,AGN,38006.000,38006.000,38006.100,0.000,0.100,0.100
demo-1781204608923-1012,AGN,38003.100,38003.100,38003.200,0.000,0.100,0.100
demo-1781204608892-1011,RR Lyrae,37972.400,37972.400,37972.600,0.000,0.200,0.200
demo-1781204608860-1010,RR Lyrae,37939.700,37939.700,37939.900,0.000,0.200,0.200
demo-1781204608842-1009,Unknown,37922.400,37922.400,37922.700,0.000,0.300,0.300
demo-1781204608826-1008,RR Lyrae,37906.100,37906.100,37906.300,0.000,0.200,0.200
demo-1781204608808-1007,Unknown,37888.400,37888.400,37888.700,0.000,0.300,0.300
demo-1781204608792-1006,QSO,37872.200,37872.200,37872.500,0.000,0.300,0.300
demo-1781204608759-1005,Unknown,37838.700,37838.700,37838.900,0.000,0.200,0.200
demo-1781204608742-1004,AGN,37822.100,37822.100,37822.200,0.000,0.100,0.100
demo-1781204608725-1003,AGN,37805.200,37805.200,37805.400,0.000,0.200,0.200
demo-1781204608708-1002,Mira,37788.500,37788.500,37788.600,0.000,0.100,0.100
demo-1781204608692-1001,AGN,37771.900,37771.900,37771.900,0.000,0.000,0.000
demo-1781204608676-1000,RR Lyrae,37755.900,37755.900,37756.000,0.000,0.100,0.100
demo-1781204608642-999,RR Lyrae,37722.600,37722.600,37722.900,0.000,0.300,0.300
demo-1781204608626-998,RR Lyrae,37706.200,37706.300,37706.600,0.100,0.300,0.400
demo-1781204608609-997,Unknown,37689.500,37689.500,37689.700,0.000,0.200,0.200
demo-1781204608592-996,SN Ia,37672.300,37672.300,37672.600,0.000,0.300,0.300
demo-1781204608559-995,AGN,37639.500,37639.500,37639.700,0.000,0.200,0.200
demo-1781204608543-994,SN II,37622.900,37623.000,37623.100,0.100,0.100,0.200
demo-1781204608526-993,AGN,37606.200,37606.200,37606.500,0.000,0.300,0.300
demo-1781204608509-992,SN II,37589.200,37589.200,37589.300,0.000,0.100,0.100
demo-1781204608492-991,AGN,37571.800,37571.800,37572.000,0.000,0.200,0.200
demo-1781204608458-990,QSO,37538.500,37538.500,37538.600,0.000,0.100,0.100
demo-1781204608442-989,Mira,37521.800,37521.800,37521.800,0.000,0.000,0.000
demo-1781204608426-988,QSO,37506.100,37506.100,37506.100,0.000,0.000,0.000
demo-1781204608423-987,SN Ia,37503.100,37503.100,37503.300,0.000,0.200,0.200
demo-1781204608391-986,RR Lyrae,37471.500,37471.500,37471.700,0.000,0.200,0.200
demo-1781204608359-985,AGN,37439.300,37439.300,37439.600,0.000,0.300,0.300
demo-1781204608343-984,Unknown,37423.000,37423.000,37423.300,0.000,0.300,0.300
demo-1781204608325-983,RR Lyrae,37405.300,37405.300,37405.500,0.000,0.200,0.200
demo-1781204608309-982,AGN,37389.500,37389.500,37389.700,0.000,0.200,0.200
demo-1781204608292-981,AGN,37371.800,37371.900,37372.000,0.100,0.100,0.200
demo-1781204608258-980,LPV,37338.600,37338.600,37338.700,0.000,0.100,0.100
demo-1781204608242-979,RR Lyrae,37322.000,37322.000,37322.000,0.000,0.000,0.000
demo-1781204608225-978,RR Lyrae,37305.100,37305.100,37305.300,0.000,0.200,0.200
demo-1781204608208-977,Unknown,37288.400,37288.400,37288.500,0.000,0.100,0.100
demo-1781204608192-976,Cepheid,37271.800,37271.800,37271.900,0.000,0.100,0.100
demo-1781204608186-975,RR Lyrae,37266.300,37266.300,37266.400,0.000,0.100,0.100
demo-1781204608143-974,RR Lyrae,37223.000,37223.000,37223.100,0.000,0.100,0.100
demo-1781204608126-973,Mira,37205.900,37206.000,37206.100,0.100,0.100,0.200
demo-1781204608109-972,RR Lyrae,37189.300,37189.500,37189.700,0.200,0.200,0.400
demo-1781204608093-971,RR Lyrae,37172.900,37172.900,37173.100,0.000,0.200,0.200
demo-1781204608075-970,Unknown,37154.700,37154.700,37155.000,0.000,0.300,0.300
demo-1781204608043-969,SN Ia,37122.800,37122.800,37123.000,0.000,0.200,0.200
demo-1781204608025-968,AGN,37105.300,37105.300,37105.400,0.000,0.100,0.100
demo-1781204608009-967,RR Lyrae,37088.800,37088.900,37089.000,0.100,0.100,0.200
demo-1781204607992-966,AGN,37071.800,37071.800,37072.000,0.000,0.200,0.200
demo-1781204607959-965,RR Lyrae,37038.700,37038.700,37038.800,0.000,0.100,0.100
demo-1781204607942-964,SN Ia,37022.000,37022.000,37022.200,0.000,0.200,0.200
demo-1781204607927-963,Unknown,37006.600,37006.600,37006.700,0.000,0.100,0.100
demo-1781204607924-962,Unknown,37003.700,37003.700,37003.700,0.000,0.000,0.000
demo-1781204607892-961,QSO,36972.400,36972.400,36972.700,0.000,0.300,0.300
demo-1781204607860-960,QSO,36939.600,36939.600,36939.900,0.000,0.300,0.300
demo-1781204607842-959,RR Lyrae,36922.500,36922.500,36922.700,0.000,0.200,0.200
demo-1781204607826-958,Cepheid,36906.300,36906.300,36906.600,0.000,0.300,0.300
demo-1781204607809-957,Cepheid,36889.100,36889.200,36889.300,0.100,0.100,0.200
demo-1781204607792-956,SN Ia,36871.900,36872.000,36872.100,0.100,0.100,0.200
demo-1781204607759-955,SN II,36838.700,36838.700,36838.800,0.000,0.100,0.100
demo-1781204607742-954,RR Lyrae,36822.100,36822.200,36822.300,0.100,0.100,0.200
demo-1781204607725-953,RR Lyrae,36805.200,36805.200,36805.300,0.000,0.100,0.100
demo-1781204607708-952,Mira,36788.500,36788.500,36788.700,0.000,0.200,0.200
demo-1781204607692-951,Mira,36771.600,36771.600,36771.800,0.000,0.200,0.200
demo-1781204607674-950,AGN,36753.700,36753.700,36753.900,0.000,0.200,0.200
demo-1781204607643-949,AGN,36722.900,36723.000,36723.200,0.100,0.200,0.300
demo-1781204607626-948,AGN,36706.200,36706.300,36706.600,0.100,0.300,0.400
demo-1781204607609-947,AGN,36689.500,36689.600,36689.700,0.100,0.100,0.200
demo-1781204607592-946,AGN,36671.800,36671.800,36672.100,0.000,0.300,0.300
demo-1781204607575-945,Unknown,36655.300,36655.400,36655.600,0.100,0.200,0.300
demo-1781204607543-944,RR Lyrae,36622.900,36623.000,36623.100,0.100,0.100,0.200
demo-1781204607526-943,AGN,36606.100,36606.100,36606.400,0.000,0.300,0.300
demo-1781204607509-942,RR Lyrae,36588.700,36588.800,36588.800,0.100,0.000,0.100
demo-1781204607492-941,Mira,36571.700,36571.700,36571.800,0.000,0.100,0.100
demo-1781204607458-940,RR Lyrae,36538.500,36538.500,36538.700,0.000,0.200,0.200
demo-1781204607442-939,AGN,36521.700,36521.700,36521.800,0.000,0.100,0.100
demo-1781204607427-938,LPV,36507.400,36507.400,36507.500,0.000,0.100,0.100
demo-1781204607424-937,AGN,36504.300,36504.300,36504.400,0.000,0.100,0.100
demo-1781204607391-936,LPV,36471.300,36471.300,36471.500,0.000,0.200,0.200
demo-1781204607359-935,Unknown,36439.400,36439.400,36439.600,0.000,0.200,0.200
demo-1781204607342-934,RR Lyrae,36422.500,36422.500,36422.700,0.000,0.200,0.200
demo-1781204607325-933,AGN,36405.200,36405.200,36405.400,0.000,0.200,0.200
demo-1781204607308-932,Mira,36388.400,36388.500,36388.600,0.100,0.100,0.200
demo-1781204607292-931,AGN,36371.500,36371.600,36371.600,0.100,0.000,0.100
demo-1781204607258-930,QSO,36338.300,36338.300,36338.500,0.000,0.200,0.200
demo-1781204607242-929,AGN,36321.800,36321.900,36321.900,0.100,0.000,0.100
demo-1781204607225-928,RR Lyrae,36304.700,36304.700,36304.800,0.000,0.100,0.100
demo-1781204607209-927,RR Lyrae,36288.700,36288.700,36288.800,0.000,0.100,0.100
demo-1781204607194-926,RR Lyrae,36274.100,36274.100,36274.200,0.000,0.100,0.100
demo-1781204607183-925,SN Ic,36263.400,36263.400,36263.500,0.000,0.100,0.100
demo-1781204607143-924,QSO,36222.800,36222.800,36223.100,0.000,0.300,0.300
demo-1781204607126-923,Unknown,36206.300,36206.300,36206.700,0.000,0.400,0.400
demo-1781204607108-922,SN II,36188.400,36188.400,36188.600,0.000,0.200,0.200
demo-1781204607092-921,QSO,36171.700,36171.700,36171.900,0.000,0.200,0.200
demo-1781204607059-920,AGN,36139.400,36139.400,36139.600,0.000,0.200,0.200
demo-1781204607042-919,RR Lyrae,36121.800,36121.800,36122.000,0.000,0.200,0.200
demo-1781204607026-918,RR Lyrae,36105.800,36105.900,36106.100,0.100,0.200,0.300
demo-1781204607009-917,QSO,36088.600,36088.600,36088.800,0.000,0.200,0.200
demo-1781204606992-916,AGN,36071.700,36071.700,36071.900,0.000,0.200,0.200
demo-1781204606958-915,RR Lyrae,36038.400,36038.400,36038.600,0.000,0.200,0.200
demo-1781204606942-914,RR Lyrae,36021.800,36021.800,36021.900,0.000,0.100,0.100
demo-1781204606927-913,QSO,36007.100,36007.100,36007.300,0.000,0.200,0.200
demo-1781204606923-912,RR Lyrae,36002.600,36002.600,36002.700,0.000,0.100,0.100
demo-1781204606892-911,AGN,35972.200,35972.200,35972.500,0.000,0.300,0.300
demo-1781204606859-910,AGN,35939.500,35939.500,35939.800,0.000,0.300,0.300
demo-1781204606842-909,RR Lyrae,35921.800,35921.800,35922.200,0.000,0.400,0.400
demo-1781204606826-908,Mira,35906.200,35906.300,35906.500,0.100,0.200,0.300
demo-1781204606808-907,AGN,35888.500,35888.500,35888.800,0.000,0.300,0.300
demo-1781204606792-906,SN II,35872.100,35872.100,35872.300,0.000,0.200,0.200
demo-1781204606759-905,AGN,35838.600,35838.600,35838.800,0.000,0.200,0.200
demo-1781204606742-904,Unknown,35821.900,35821.900,35822.100,0.000,0.200,0.200
demo-1781204606725-903,AGN,35805.000,35805.000,35805.200,0.000,0.200,0.200
demo-1781204606708-902,Cepheid,35788.500,35788.500,35788.600,0.000,0.100,0.100
demo-1781204606692-901,AGN,35771.900,35772.000,35772.000,0.100,0.000,0.100
demo-1781204606679-900,RR Lyrae,35758.500,35758.600,35758.800,0.100,0.200,0.300
demo-1781204606642-899,RR Lyrae,35722.100,35722.200,35722.400,0.100,0.200,0.300
demo-1781204606625-898,RR Lyrae,35705.400,35705.400,35705.700,0.000,0.300,0.300
demo-1781204606610-897,RR Lyrae,35690.100,35690.100,35690.300,0.000,0.200,0.200
demo-1781204606592-896,AGN,35672.100,35672.100,35672.400,0.000,0.300,0.300
demo-1781204606559-895,AGN,35639.500,35639.500,35639.800,0.000,0.300,0.300
demo-1781204606543-894,QSO,35622.900,35622.900,35623.200,0.000,0.300,0.300
demo-1781204606526-893,AGN,35606.200,35606.300,35606.400,0.100,0.100,0.200
demo-1781204606509-892,Mira,35589.500,35589.600,35589.800,0.100,0.200,0.300
demo-1781204606492-891,SN Ib,35571.600,35571.700,35571.900,0.100,0.200,0.300
demo-1781204606459-890,Mira,35538.500,35538.600,35538.700,0.100,0.100,0.200
demo-1781204606442-889,RR Lyrae,35521.900,35521.900,35522.000,0.000,0.100,0.100
demo-1781204606426-888,RR Lyrae,35505.800,35505.800,35506.100,0.000,0.300,0.300
demo-1781204606423-887,AGN,35502.800,35502.800,35502.900,0.000,0.100,0.100
demo-1781204606392-886,QSO,35472.000,35472.000,35472.300,0.000,0.300,0.300
demo-1781204606359-885,RR Lyrae,35439.500,35439.500,35439.700,0.000,0.200,0.200
demo-1781204606343-884,LPV,35422.800,35422.900,35423.100,0.100,0.200,0.300
demo-1781204606326-883,RR Lyrae,35406.000,35406.000,35406.300,0.000,0.300,0.300
demo-1781204606309-882,Mira,35388.700,35388.700,35388.800,0.000,0.100,0.100
demo-1781204606292-881,LPV,35371.800,35371.800,35371.900,0.000,0.100,0.100
demo-1781204606258-880,RR Lyrae,35338.500,35338.500,35338.500,0.000,0.000,0.000
demo-1781204606242-879,Cepheid,35321.900,35321.900,35322.000,0.000,0.100,0.100
demo-1781204606225-878,RR Lyrae,35305.200,35305.200,35305.300,0.000,0.100,0.100
demo-1781204606208-877,RR Lyrae,35288.300,35288.300,35288.500,0.000,0.200,0.200
demo-1781204606192-876,Unknown,35271.800,35271.800,35271.900,0.000,0.100,0.100
demo-1781204606186-875,Unknown,35266.500,35266.500,35266.600,0.000,0.100,0.100
demo-1781204606142-874,AGN,35222.400,35222.500,35222.700,0.100,0.200,0.300
demo-1781204606125-873,Unknown,35204.800,35204.800,35204.900,0.000,0.100,0.100
demo-1781204606109-872,RR Lyrae,35188.900,35188.900,35189.100,0.000,0.200,0.200
demo-1781204606092-871,Unknown,35171.800,35171.800,35172.000,0.000,0.200,0.200
demo-1781204606059-870,Mira,35138.600,35138.600,35138.800,0.000,0.200,0.200
demo-1781204606042-869,RR Lyrae,35121.900,35122.100,35122.100,0.200,0.000,0.200
demo-1781204606025-868,RR Lyrae,35105.100,35105.100,35105.200,0.000,0.100,0.100
demo-1781204606008-867,Mira,35088.400,35088.500,35088.500,0.100,0.000,0.100
demo-1781204605991-866,AGN,35070.600,35070.600,35070.700,0.000,0.100,0.100
demo-1781204605958-865,Mira,35038.200,35038.200,35038.400,0.000,0.200,0.200
demo-1781204605942-864,RR Lyrae,35021.700,35021.700,35021.800,0.000,0.100,0.100
demo-1781204605925-863,RR Lyrae,35005.500,35005.500,35005.500,0.000,0.000,0.000
demo-1781204605917-862,LPV,34996.900,34997.000,34997.000,0.100,0.000,0.100
demo-1781204605891-861,RR Lyrae,34971.500,34971.500,34971.600,0.000,0.100,0.100
demo-1781204605858-860,RR Lyrae,34938.500,34938.500,34938.600,0.000,0.100,0.100
demo-1781204605842-859,Unknown,34922.000,34922.000,34922.100,0.000,0.100,0.100
demo-1781204605825-858,Mira,34905.400,34905.400,34905.600,0.000,0.200,0.200
demo-1781204605809-857,RR Lyrae,34888.700,34888.700,34888.900,0.000,0.200,0.200
demo-1781204605792-856,RR Lyrae,34871.800,34871.900,34871.900,0.100,0.000,0.100
demo-1781204605759-855,RR Lyrae,34838.900,34838.900,34839.000,0.000,0.100,0.100
demo-1781204605742-854,RR Lyrae,34822.000,34822.000,34822.100,0.000,0.100,0.100
demo-1781204605725-853,Unknown,34805.300,34805.300,34805.400,0.000,0.100,0.100
demo-1781204605708-852,RR Lyrae,34788.500,34788.500,34788.600,0.000,0.100,0.100
demo-1781204605692-851,RR Lyrae,34771.900,34771.900,34772.100,0.000,0.200,0.200
demo-1781204605676-850,Cepheid,34756.300,34756.300,34756.500,0.000,0.200,0.200
demo-1781204605643-849,Cepheid,34722.600,34722.600,34722.900,0.000,0.300,0.300
demo-1781204605626-848,Unknown,34706.200,34706.200,34706.500,0.000,0.300,0.300
demo-1781204605609-847,Unknown,34689.600,34689.600,34689.800,0.000,0.200,0.200
demo-1781204605593-846,Unknown,34672.800,34672.800,34673.000,0.000,0.200,0.200
demo-1781204605575-845,LPV,34655.500,34655.500,34655.800,0.000,0.300,0.300
demo-1781204605542-844,RR Lyrae,34622.100,34622.100,34622.400,0.000,0.300,0.300
demo-1781204605526-843,AGN,34606.000,34606.200,34606.400,0.200,0.200,0.400
demo-1781204605508-842,Mira,34588.600,34588.600,34588.600,0.000,0.000,0.000
demo-1781204605492-841,RR Lyrae,34571.600,34571.700,34571.900,0.100,0.200,0.300
demo-1781204605459-840,AGN,34538.600,34538.600,34538.800,0.000,0.200,0.200
demo-1781204605442-839,Cepheid,34521.800,34521.800,34521.900,0.000,0.100,0.100
demo-1781204605428-838,SN Ib,34508.100,34508.100,34508.200,0.000,0.100,0.100
demo-1781204605425-837,AGN,34504.900,34504.900,34505.100,0.000,0.200,0.200
demo-1781204605392-836,Mira,34472.200,34472.200,34472.600,0.000,0.400,0.400
demo-1781204605359-835,SN II,34439.400,34439.400,34439.600,0.000,0.200,0.200
demo-1781204605343-834,Cepheid,34422.900,34422.900,34423.200,0.000,0.300,0.300
demo-1781204605325-833,Unknown,34405.200,34405.200,34405.500,0.000,0.300,0.300
demo-1781204605309-832,Unknown,34389.300,34389.300,34389.600,0.000,0.300,0.300
demo-1781204605292-831,Mira,34371.600,34371.600,34371.900,0.000,0.300,0.300
demo-1781204605258-830,AGN,34338.400,34338.400,34338.600,0.000,0.200,0.200
demo-1781204605242-829,AGN,34321.700,34321.700,34321.900,0.000,0.200,0.200
demo-1781204605225-828,AGN,34304.900,34304.900,34305.000,0.000,0.100,0.100
demo-1781204605208-827,RR Lyrae,34288.400,34288.400,34288.500,0.000,0.100,0.100
demo-1781204605191-826,Mira,34271.500,34271.600,34271.700,0.100,0.100,0.200
demo-1781204605173-825,SN II,34252.900,34252.900,34253.000,0.000,0.100,0.100
demo-1781204605143-824,AGN,34223.000,34223.000,34223.400,0.000,0.400,0.400
demo-1781204605126-823,SN Ib,34206.300,34206.300,34206.600,0.000,0.300,0.300
demo-1781204605110-822,Mira,34189.600,34189.700,34189.900,0.100,0.200,0.300
demo-1781204605092-821,RR Lyrae,34172.000,34172.000,34172.300,0.000,0.300,0.300
demo-1781204605059-820,Unknown,34139.400,34139.400,34139.800,0.000,0.400,0.400
demo-1781204605042-819,Mira,34121.800,34121.800,34121.900,0.000,0.100,0.100
demo-1781204605025-818,Unknown,34105.400,34105.400,34105.500,0.000,0.100,0.100
demo-1781204605008-817,AGN,34088.500,34088.600,34088.700,0.100,0.100,0.200
demo-1781204604991-816,RR Lyrae,34071.600,34071.600,34071.600,0.000,0.000,0.000
demo-1781204604958-815,RR Lyrae,34038.600,34038.600,34038.700,0.000,0.100,0.100
demo-1781204604942-814,AGN,34021.700,34021.800,34021.900,0.100,0.100,0.200
demo-1781204604925-813,SN Ia,34005.000,34005.000,34005.200,0.000,0.200,0.200
demo-1781204604921-812,Mira,34000.800,34000.800,34000.900,0.000,0.100,0.100
demo-1781204604892-811,Cepheid,33972.100,33972.100,33972.300,0.000,0.200,0.200
demo-1781204604875-810,Mira,33955.600,33955.600,33955.900,0.000,0.300,0.300
demo-1781204604842-809,AGN,33922.600,33922.600,33922.800,0.000,0.200,0.200
demo-1781204604826-808,Mira,33905.900,33906.000,33906.300,0.100,0.300,0.400
demo-1781204604809-807,QSO,33889.500,33889.500,33889.800,0.000,0.300,0.300
demo-1781204604792-806,RR Lyrae,33872.100,33872.200,33872.400,0.100,0.200,0.300
demo-1781204604758-805,RR Lyrae,33838.500,33838.500,33838.700,0.000,0.200,0.200
demo-1781204604742-804,SN Ia,33821.800,33821.800,33822.000,0.000,0.200,0.200
demo-1781204604724-803,RR Lyrae,33804.500,33804.500,33804.600,0.000,0.100,0.100
demo-1781204604708-802,RR Lyrae,33788.500,33788.500,33788.600,0.000,0.100,0.100
demo-1781204604692-801,RR Lyrae,33771.600,33771.600,33771.700,0.000,0.100,0.100
demo-1781204604675-800,RR Lyrae,33755.000,33755.000,33755.200,0.000,0.200,0.200
demo-1781204604642-799,Mira,33721.900,33722.000,33722.300,0.100,0.300,0.400
demo-1781204604625-798,SN II,33705.200,33705.300,33705.700,0.100,0.400,0.500
demo-1781204604610-797,SN Ia,33689.700,33689.800,33690.000,0.100,0.200,0.300
demo-1781204604593-796,Mira,33672.800,33672.800,33673.100,0.000,0.300,0.300
demo-1781204604575-795,AGN,33655.300,33655.400,33655.600,0.100,0.200,0.300
demo-1781204604542-794,AGN,33622.200,33622.200,33622.400,0.000,0.200,0.200
demo-1781204604526-793,LPV,33605.800,33605.900,33606.100,0.100,0.200,0.300
demo-1781204604508-792,Mira,33588.400,33588.400,33588.500,0.000,0.100,0.100
demo-1781204604492-791,SN Ia,33571.600,33571.600,33571.800,0.000,0.200,0.200
demo-1781204604458-790,AGN,33538.400,33538.400,33538.500,0.000,0.100,0.100
demo-1781204604442-789,RR Lyrae,33521.600,33521.600,33521.800,0.000,0.200,0.200
demo-1781204604427-788,RR Lyrae,33506.600,33506.600,33506.800,0.000,0.200,0.200
demo-1781204604422-787,RR Lyrae,33501.900,33501.900,33502.200,0.000,0.300,0.300
demo-1781204604392-786,Mira,33471.800,33472.000,33472.200,0.200,0.200,0.400
demo-1781204604375-785,RR Lyrae,33455.400,33455.500,33455.600,0.100,0.100,0.200
demo-1781204604342-784,QSO,33421.800,33421.900,33422.200,0.100,0.300,0.400
demo-1781204604326-783,SN Ic,33406.000,33406.000,33406.300,0.000,0.300,0.300
demo-1781204604309-782,RR Lyrae,33389.300,33389.300,33389.600,0.000,0.300,0.300
demo-1781204604292-781,QSO,33371.600,33371.600,33371.700,0.000,0.100,0.100
demo-1781204604258-780,RR Lyrae,33338.500,33338.500,33338.600,0.000,0.100,0.100
demo-1781204604242-779,RR Lyrae,33321.700,33321.800,33321.800,0.100,0.000,0.100
demo-1781204604225-778,Mira,33305.000,33305.000,33305.200,0.000,0.200,0.200
demo-1781204604208-777,AGN,33288.300,33288.300,33288.400,0.000,0.100,0.100
demo-1781204604191-776,Mira,33271.400,33271.400,33271.500,0.000,0.100,0.100
demo-1781204604176-775,RR Lyrae,33256.200,33256.300,33256.400,0.100,0.100,0.200
demo-1781204604143-774,RR Lyrae,33223.000,33223.000,33223.400,0.000,0.400,0.400
demo-1781204604126-773,AGN,33206.200,33206.200,33206.500,0.000,0.300,0.300
demo-1781204604109-772,RR Lyrae,33189.400,33189.400,33189.700,0.000,0.300,0.300
demo-1781204604092-771,LPV,33172.200,33172.200,33172.500,0.000,0.300,0.300
demo-1781204604059-770,RR Lyrae,33139.400,33139.500,33139.700,0.100,0.200,0.300
demo-1781204604042-769,Mira,33121.800,33121.800,33122.000,0.000,0.200,0.200
demo-1781204604025-768,RR Lyrae,33105.200,33105.200,33105.300,0.000,0.100,0.100
demo-1781204604009-767,AGN,33088.600,33088.600,33088.800,0.000,0.200,0.200
demo-1781204603991-766,QSO,33071.600,33071.600,33071.600,0.000,0.000,0.000
demo-1781204603958-765,Cepheid,33038.300,33038.300,33038.400,0.000,0.100,0.100
demo-1781204603942-764,RR Lyrae,33021.800,33021.900,33022.000,0.100,0.100,0.200
demo-1781204603926-763,Mira,33006.400,33006.400,33006.500,0.000,0.100,0.100
demo-1781204603923-762,LPV,33003.500,33003.500,33003.600,0.000,0.100,0.100
demo-1781204603892-761,Unknown,32972.000,32972.000,32972.300,0.000,0.300,0.300
demo-1781204603859-760,Unknown,32939.100,32939.100,32939.400,0.000,0.300,0.300
demo-1781204603843-759,AGN,32922.700,32922.800,32923.200,0.100,0.400,0.500
demo-1781204603826-758,AGN,32906.200,32906.200,32906.600,0.000,0.400,0.400
demo-1781204603809-757,SN II,32889.500,32889.800,32890.100,0.300,0.300,0.600
demo-1781204603792-756,SN Ic,32872.000,32872.100,32872.400,0.100,0.300,0.400
demo-1781204603758-755,SN Ic,32838.600,32838.600,32838.800,0.000,0.200,0.200
demo-1781204603742-754,RR Lyrae,32821.900,32821.900,32822.000,0.000,0.100,0.100
demo-1781204603725-753,AGN,32805.100,32805.100,32805.300,0.000,0.200,0.200
demo-1781204603708-752,AGN,32788.400,32788.400,32788.500,0.000,0.100,0.100
demo-1781204603691-751,AGN,32770.700,32770.700,32770.800,0.000,0.100,0.100
demo-1781204603677-750,SN Ic,32757.000,32757.000,32757.200,0.000,0.200,0.200
demo-1781204603642-749,QSO,32721.700,32721.700,32722.000,0.000,0.300,0.300
demo-1781204603626-748,RR Lyrae,32706.300,32706.300,32706.600,0.000,0.300,0.300
demo-1781204603609-747,SN II,32689.500,32689.500,32689.700,0.000,0.200,0.200
demo-1781204603592-746,RR Lyrae,32672.100,32672.100,32672.300,0.000,0.200,0.200
demo-1781204603559-745,RR Lyrae,32639.300,32639.300,32639.500,0.000,0.200,0.200
demo-1781204603542-744,AGN,32622.600,32622.600,32622.800,0.000,0.200,0.200
demo-1781204603525-743,RR Lyrae,32605.400,32605.400,32605.600,0.000,0.200,0.200
demo-1781204603509-742,RR Lyrae,32588.700,32588.700,32588.900,0.000,0.200,0.200
demo-1781204603492-741,RR Lyrae,32571.600,32571.600,32571.800,0.000,0.200,0.200
demo-1781204603458-740,Cepheid,32538.400,32538.500,32538.600,0.100,0.100,0.200
demo-1781204603442-739,Mira,32521.800,32521.800,32521.900,0.000,0.100,0.100
demo-1781204603427-738,Cepheid,32506.700,32506.700,32506.700,0.000,0.000,0.000
demo-1781204603423-737,Unknown,32503.400,32503.400,32503.600,0.000,0.200,0.200
demo-1781204603392-736,QSO,32472.100,32472.100,32472.400,0.000,0.300,0.300
demo-1781204603359-735,Mira,32438.600,32438.600,32439.100,0.000,0.500,0.500
demo-1781204603341-734,QSO,32421.400,32421.400,32421.500,0.000,0.100,0.100
demo-1781204603326-733,RR Lyrae,32406.000,32406.100,32406.300,0.100,0.200,0.300
demo-1781204603309-732,QSO,32389.300,32389.300,32389.500,0.000,0.200,0.200
demo-1781204603291-731,Cepheid,32371.500,32371.600,32371.700,0.100,0.100,0.200
demo-1781204603258-730,RR Lyrae,32338.400,32338.400,32338.500,0.000,0.100,0.100
demo-1781204603242-729,AGN,32321.600,32321.600,32321.700,0.000,0.100,0.100
demo-1781204603225-728,RR Lyrae,32305.100,32305.200,32305.200,0.100,0.000,0.100
demo-1781204603208-727,Mira,32288.200,32288.200,32288.300,0.000,0.100,0.100
demo-1781204603191-726,Mira,32271.400,32271.400,32271.600,0.000,0.200,0.200
demo-1781204603174-725,Mira,32254.200,32254.200,32254.300,0.000,0.100,0.100
demo-1781204603142-724,Mira,32222.300,32222.300,32222.800,0.000,0.500,0.500
demo-1781204603126-723,QSO,32206.300,32206.300,32206.500,0.000,0.200,0.200
demo-1781204603110-722,RR Lyrae,32189.600,32189.700,32190.000,0.100,0.300,0.400
demo-1781204603093-721,AGN,32172.700,32172.800,32173.000,0.100,0.200,0.300
demo-1781204603075-720,Mira,32155.500,32155.500,32155.800,0.000,0.300,0.300
demo-1781204603043-719,Mira,32122.800,32122.800,32123.100,0.000,0.300,0.300
demo-1781204603026-718,AGN,32105.900,32105.900,32106.000,0.000,0.100,0.100
demo-1781204603009-717,Mira,32088.700,32088.700,32088.900,0.000,0.200,0.200
demo-1781204602991-716,Mira,32071.600,32071.600,32071.800,0.000,0.200,0.200
demo-1781204602958-715,QSO,32038.500,32038.500,32038.600,0.000,0.100,0.100
demo-1781204602942-714,SN II,32021.700,32021.800,32021.900,0.100,0.100,0.200
demo-1781204602925-713,AGN,32005.000,32005.000,32005.100,0.000,0.100,0.100
demo-1781204602921-712,QSO,32001.100,32001.100,32001.200,0.000,0.100,0.100
demo-1781204602892-711,RR Lyrae,31972.300,31972.400,31972.500,0.100,0.100,0.200
demo-1781204602874-710,SN II,31954.500,31954.600,31954.800,0.100,0.200,0.300
demo-1781204602843-709,RR Lyrae,31922.700,31922.800,31923.000,0.100,0.200,0.300
demo-1781204602826-708,AGN,31906.200,31906.200,31906.500,0.000,0.300,0.300
demo-1781204602808-707,Unknown,31888.300,31888.300,31888.500,0.000,0.200,0.200
demo-1781204602792-706,SN Ib,31872.200,31872.200,31872.500,0.000,0.300,0.300
demo-1781204602759-705,Mira,31838.700,31838.700,31838.800,0.000,0.100,0.100
demo-1781204602742-704,RR Lyrae,31821.900,31822.000,31822.200,0.100,0.200,0.300
demo-1781204602725-703,SN II,31805.300,31805.300,31805.600,0.000,0.300,0.300
demo-1781204602708-702,Mira,31788.400,31788.400,31788.600,0.000,0.200,0.200
demo-1781204602692-701,Unknown,31771.700,31771.700,31771.800,0.000,0.100,0.100
demo-1781204602676-700,Mira,31756.400,31756.400,31756.500,0.000,0.100,0.100
demo-1781204602642-699,RR Lyrae,31721.900,31721.900,31722.100,0.000,0.200,0.200
demo-1781204602626-698,Mira,31706.400,31706.400,31706.600,0.000,0.200,0.200
demo-1781204602608-697,AGN,31688.300,31688.300,31688.500,0.000,0.200,0.200
demo-1781204602591-696,AGN,31671.100,31671.200,31671.500,0.100,0.300,0.400
demo-1781204602559-695,Mira,31639.300,31639.400,31639.700,0.100,0.300,0.400
demo-1781204602543-694,Mira,31622.800,31622.800,31623.100,0.000,0.300,0.300
demo-1781204602526-693,RR Lyrae,31606.100,31606.200,31606.400,0.100,0.200,0.300
demo-1781204602509-692,Cepheid,31589.400,31589.400,31589.600,0.000,0.200,0.200
demo-1781204602492-691,Mira,31571.600,31571.600,31571.700,0.000,0.100,0.100
demo-1781204602458-690,RR Lyrae,31538.400,31538.400,31538.500,0.000,0.100,0.100
demo-1781204602442-689,AGN,31521.700,31521.800,31521.900,0.100,0.100,0.200
demo-1781204602426-688,Mira,31505.900,31505.900,31506.000,0.000,0.100,0.100
demo-1781204602423-687,AGN,31503.100,31503.100,31503.200,0.000,0.100,0.100
demo-1781204602392-686,AGN,31472.100,31472.100,31472.300,0.000,0.200,0.200
demo-1781204602360-685,AGN,31440.000,31440.000,31440.300,0.000,0.300,0.300
demo-1781204602342-684,QSO,31422.600,31422.700,31422.900,0.100,0.200,0.300
demo-1781204602326-683,Mira,31406.000,31406.000,31406.300,0.000,0.300,0.300
demo-1781204602309-682,RR Lyrae,31389.300,31389.300,31389.500,0.000,0.200,0.200
demo-1781204602292-681,SN Ia,31371.500,31371.600,31371.700,0.100,0.100,0.200
demo-1781204602258-680,AGN,31338.400,31338.400,31338.500,0.000,0.100,0.100
demo-1781204602242-679,RR Lyrae,31321.700,31321.700,31321.800,0.000,0.100,0.100
demo-1781204602225-678,Mira,31305.100,31305.100,31305.200,0.000,0.100,0.100
demo-1781204602208-677,Cepheid,31288.300,31288.300,31288.400,0.000,0.100,0.100
demo-1781204602191-676,Mira,31271.400,31271.400,31271.500,0.000,0.100,0.100
demo-1781204602176-675,RR Lyrae,31256.000,31256.000,31256.100,0.000,0.100,0.100
demo-1781204602143-674,RR Lyrae,31222.700,31222.800,31223.000,0.100,0.200,0.300
demo-1781204602126-673,AGN,31206.400,31206.500,31206.700,0.100,0.200,0.300
demo-1781204602108-672,QSO,31188.600,31188.600,31188.800,0.000,0.200,0.200
demo-1781204602092-671,Mira,31172.000,31172.000,31172.300,0.000,0.300,0.300
demo-1781204602059-670,QSO,31139.400,31139.400,31139.600,0.000,0.200,0.200
demo-1781204602043-669,Mira,31122.800,31122.800,31123.100,0.000,0.300,0.300
demo-1781204602025-668,SN II,31105.400,31105.400,31105.500,0.000,0.100,0.100
demo-1781204602008-667,RR Lyrae,31088.500,31088.500,31088.700,0.000,0.200,0.200
demo-1781204601992-666,Mira,31071.700,31071.700,31071.900,0.000,0.200,0.200
demo-1781204601958-665,RR Lyrae,31038.400,31038.500,31038.500,0.100,0.000,0.100
demo-1781204601942-664,RR Lyrae,31021.800,31021.800,31021.800,0.000,0.000,0.000
demo-1781204601927-663,SN II,31006.600,31006.600,31006.800,0.000,0.200,0.200
demo-1781204601923-662,RR Lyrae,31003.500,31003.500,31003.600,0.000,0.100,0.100
demo-1781204601892-661,Cepheid,30972.100,30972.200,30972.400,0.100,0.200,0.300
demo-1781204601859-660,Mira,30939.000,30939.000,30939.300,0.000,0.300,0.300
demo-1781204601842-659,RR Lyrae,30922.400,30922.400,30922.600,0.000,0.200,0.200
demo-1781204601825-658,RR Lyrae,30905.200,30905.200,30905.400,0.000,0.200,0.200
demo-1781204601808-657,Unknown,30888.500,30888.500,30888.600,0.000,0.100,0.100
demo-1781204601791-656,AGN,30871.500,30871.600,30871.700,0.100,0.100,0.200
demo-1781204601759-655,Unknown,30838.600,30838.600,30838.700,0.000,0.100,0.100
demo-1781204601742-654,Mira,30821.700,30821.700,30821.800,0.000,0.100,0.100
demo-1781204601725-653,AGN,30805.100,30805.200,30805.200,0.100,0.000,0.100
demo-1781204601708-652,AGN,30788.300,30788.300,30788.400,0.000,0.100,0.100
demo-1781204601691-651,RR Lyrae,30771.400,30771.400,30771.500,0.000,0.100,0.100
demo-1781204601668-650,Mira,30748.200,30748.200,30748.400,0.000,0.200,0.200
demo-1781204601642-649,SN II,30721.700,30721.700,30721.800,0.000,0.100,0.100
demo-1781204601625-648,LPV,30705.100,30705.100,30705.200,0.000,0.100,0.100
demo-1781204601609-647,AGN,30688.800,30688.800,30689.000,0.000,0.200,0.200
demo-1781204601593-646,Mira,30673.500,30673.500,30673.700,0.000,0.200,0.200
demo-1781204601576-645,SN Ib,30655.900,30655.900,30656.100,0.000,0.200,0.200
demo-1781204601543-644,Unknown,30622.700,30622.700,30623.000,0.000,0.300,0.300
demo-1781204601525-643,Mira,30605.200,30605.200,30605.400,0.000,0.200,0.200
demo-1781204601508-642,AGN,30588.500,30588.500,30588.700,0.000,0.200,0.200
demo-1781204601492-641,SN II,30572.000,30572.000,30572.200,0.000,0.200,0.200
demo-1781204601475-640,SN Ia,30554.900,30554.900,30555.100,0.000,0.200,0.200
demo-1781204601442-639,RR Lyrae,30521.700,30521.700,30521.800,0.000,0.100,0.100
demo-1781204601427-638,RR Lyrae,30506.900,30506.900,30507.100,0.000,0.200,0.200
demo-1781204601424-637,AGN,30503.700,30503.700,30503.800,0.000,0.100,0.100
demo-1781204601392-636,AGN,30472.100,30472.200,30472.300,0.100,0.100,0.200
demo-1781204601359-635,SN Ia,30439.200,30439.300,30439.500,0.100,0.200,0.300
demo-1781204601343-634,QSO,30422.900,30423.000,30423.200,0.100,0.200,0.300
demo-1781204601326-633,SN Ib,30406.000,30406.100,30406.300,0.100,0.200,0.300
demo-1781204601309-632,Mira,30389.300,30389.300,30389.500,0.000,0.200,0.200
demo-1781204601292-631,RR Lyrae,30371.900,30372.000,30372.200,0.100,0.200,0.300
demo-1781204601258-630,Cepheid,30338.400,30338.500,30338.500,0.100,0.000,0.100
demo-1781204601242-629,LPV,30321.700,30321.700,30321.800,0.000,0.100,0.100
demo-1781204601225-628,LPV,30305.000,30305.000,30305.100,0.000,0.100,0.100
demo-1781204601208-627,QSO,30288.300,30288.300,30288.300,0.000,0.000,0.000
demo-1781204601191-626,Unknown,30271.400,30271.400,30271.500,0.000,0.100,0.100
demo-1781204601171-625,SN Ia,30250.900,30251.000,30251.100,0.100,0.100,0.200
demo-1781204601142-624,SN Ia,30221.600,30221.700,30221.900,0.100,0.200,0.300
demo-1781204601126-623,RR Lyrae,30205.900,30206.000,30206.100,0.100,0.100,0.200
demo-1781204601109-622,RR Lyrae,30189.400,30189.400,30189.700,0.000,0.300,0.300
demo-1781204601092-621,Mira,30171.700,30171.700,30171.800,0.000,0.100,0.100
demo-1781204601059-620,RR Lyrae,30139.200,30139.200,30139.400,0.000,0.200,0.200
demo-1781204601043-619,RR Lyrae,30122.600,30122.700,30122.900,0.100,0.200,0.300
demo-1781204601025-618,RR Lyrae,30105.000,30105.000,30105.200,0.000,0.200,0.200
demo-1781204601008-617,QSO,30088.500,30088.500,30088.800,0.000,0.300,0.300
demo-1781204600992-616,Unknown,30071.500,30071.600,30071.700,0.100,0.100,0.200
demo-1781204600958-615,SN II,30038.300,30038.300,30038.400,0.000,0.100,0.100
demo-1781204600942-614,AGN,30021.700,30021.700,30021.700,0.000,0.000,0.000
demo-1781204600926-613,LPV,30006.200,30006.200,30006.200,0.000,0.000,0.000
demo-1781204600923-612,RR Lyrae,30003.100,30003.200,30003.300,0.100,0.100,0.200
demo-1781204600891-611,AGN,29971.200,29971.300,29971.400,0.100,0.100,0.200
demo-1781204600859-610,RR Lyrae,29939.400,29939.400,29939.600,0.000,0.200,0.200
demo-1781204600843-609,Mira,29922.700,29922.800,29922.900,0.100,0.100,0.200
demo-1781204600826-608,Mira,29906.000,29906.100,29906.300,0.100,0.200,0.300
demo-1781204600809-607,Cepheid,29889.000,29889.000,29889.200,0.000,0.200,0.200
demo-1781204600792-606,AGN,29871.600,29871.600,29871.800,0.000,0.200,0.200
demo-1781204600759-605,RR Lyrae,29839.100,29839.100,29839.300,0.000,0.200,0.200
demo-1781204600742-604,SN Ia,29821.700,29821.700,29821.800,0.000,0.100,0.100
demo-1781204600725-603,RR Lyrae,29805.000,29805.000,29805.200,0.000,0.200,0.200
demo-1781204600708-602,Mira,29788.300,29788.300,29788.400,0.000,0.100,0.100
demo-1781204600692-601,AGN,29771.600,29771.600,29771.700,0.000,0.100,0.100
demo-1781204600675-600,RR Lyrae,29754.800,29754.800,29754.900,0.000,0.100,0.100
demo-1781204600642-599,Unknown,29721.700,29721.700,29721.800,0.000,0.100,0.100
demo-1781204600624-598,RR Lyrae,29704.000,29704.000,29704.100,0.000,0.100,0.100
demo-1781204600609-597,SN II,29689.000,29689.000,29689.300,0.000,0.300,0.300
demo-1781204600593-596,Cepheid,29672.700,29672.800,29673.000,0.100,0.200,0.300
demo-1781204600575-595,AGN,29655.500,29655.500,29655.700,0.000,0.200,0.200
demo-1781204600542-594,RR Lyrae,29622.600,29622.600,29622.900,0.000,0.300,0.300
demo-1781204600525-593,RR Lyrae,29604.900,29604.900,29605.200,0.000,0.300,0.300
demo-1781204600509-592,SN Ib,29589.100,29589.100,29589.300,0.000,0.200,0.200
demo-1781204600491-591,RR Lyrae,29571.600,29571.600,29571.700,0.000,0.100,0.100
demo-1781204600458-590,Mira,29538.300,29538.300,29538.400,0.000,0.100,0.100
demo-1781204600442-589,Mira,29521.600,29521.600,29521.700,0.000,0.100,0.100
demo-1781204600425-588,LPV,29505.400,29505.500,29505.500,0.100,0.000,0.100
demo-1781204600422-587,RR Lyrae,29502.600,29502.600,29502.700,0.000,0.100,0.100
demo-1781204600392-586,RR Lyrae,29471.600,29471.600,29471.800,0.000,0.200,0.200
demo-1781204600374-585,SN Ia,29454.600,29454.600,29454.800,0.000,0.200,0.200
demo-1781204600343-584,RR Lyrae,29422.700,29422.900,29423.100,0.200,0.200,0.400
demo-1781204600325-583,Unknown,29405.100,29405.100,29405.400,0.000,0.300,0.300
demo-1781204600309-582,RR Lyrae,29389.200,29389.300,29389.400,0.100,0.100,0.200
demo-1781204600291-581,AGN,29371.500,29371.500,29371.600,0.000,0.100,0.100
demo-1781204600258-580,Cepheid,29338.400,29338.400,29338.400,0.000,0.000,0.000
demo-1781204600242-579,RR Lyrae,29321.700,29321.700,29321.800,0.000,0.100,0.100
demo-1781204600225-578,Mira,29305.000,29305.000,29305.100,0.000,0.100,0.100
demo-1781204600208-577,Mira,29288.200,29288.200,29288.300,0.000,0.100,0.100
demo-1781204600191-576,Unknown,29271.400,29271.400,29271.500,0.000,0.100,0.100
demo-1781204600172-575,RR Lyrae,29252.000,29252.000,29252.100,0.000,0.100,0.100
demo-1781204600141-574,QSO,29221.500,29221.500,29221.700,0.000,0.200,0.200
demo-1781204600125-573,AGN,29204.800,29204.900,29205.100,0.100,0.200,0.300
demo-1781204600109-572,RR Lyrae,29189.400,29189.500,29189.700,0.100,0.200,0.300
demo-1781204600093-571,QSO,29172.700,29172.700,29173.000,0.000,0.300,0.300
demo-1781204600075-570,RR Lyrae,29155.500,29155.600,29155.800,0.100,0.200,0.300
demo-1781204600042-569,SN II,29122.200,29122.300,29122.700,0.100,0.400,0.500
demo-1781204600025-568,RR Lyrae,29104.900,29104.900,29105.200,0.000,0.300,0.300
demo-1781204600009-567,Cepheid,29089.400,29089.400,29089.600,0.000,0.200,0.200
demo-1781204599991-566,Mira,29071.500,29071.500,29071.700,0.000,0.200,0.200
demo-1781204599958-565,Cepheid,29038.400,29038.400,29038.600,0.000,0.200,0.200
demo-1781204599942-564,RR Lyrae,29021.700,29021.700,29021.800,0.000,0.100,0.100
demo-1781204599926-563,Mira,29006.100,29006.100,29006.200,0.000,0.100,0.100
demo-1781204599923-562,Mira,29003.200,29003.200,29003.300,0.000,0.100,0.100
demo-1781204599892-561,LPV,28972.000,28972.000,28972.200,0.000,0.200,0.200
demo-1781204599859-560,Mira,28939.300,28939.300,28939.500,0.000,0.200,0.200
demo-1781204599841-559,AGN,28921.500,28921.600,28921.800,0.100,0.200,0.300
demo-1781204599826-558,RR Lyrae,28906.000,28906.100,28906.200,0.100,0.100,0.200
demo-1781204599809-557,RR Lyrae,28889.300,28889.300,28889.500,0.000,0.200,0.200
demo-1781204599792-556,Mira,28872.000,28872.100,28872.300,0.100,0.200,0.300
demo-1781204599758-555,Unknown,28838.500,28838.500,28838.700,0.000,0.200,0.200
demo-1781204599742-554,Mira,28821.900,28821.900,28822.100,0.000,0.200,0.200
demo-1781204599725-553,SN II,28805.000,28805.000,28805.100,0.000,0.100,0.100
demo-1781204599708-552,RR Lyrae,28788.500,28788.500,28788.500,0.000,0.000,0.000
demo-1781204599691-551,SN Ib,28771.400,28771.500,28771.600,0.100,0.100,0.200
demo-1781204599674-550,LPV,28754.500,28754.500,28754.600,0.000,0.100,0.100
demo-1781204599643-549,RR Lyrae,28722.700,28722.700,28722.900,0.000,0.200,0.200
demo-1781204599626-548,Mira,28706.300,28706.300,28706.500,0.000,0.200,0.200
demo-1781204599609-547,Unknown,28689.500,28689.500,28689.800,0.000,0.300,0.300
demo-1781204599592-546,AGN,28672.300,28672.300,28672.600,0.000,0.300,0.300
demo-1781204599575-545,Unknown,28654.700,28654.700,28654.900,0.000,0.200,0.200
demo-1781204599543-544,RR Lyrae,28622.800,28622.800,28622.900,0.000,0.100,0.100
demo-1781204599525-543,AGN,28605.300,28605.400,28605.500,0.100,0.100,0.200
demo-1781204599508-542,SN Ia,28588.500,28588.500,28588.700,0.000,0.200,0.200
demo-1781204599492-541,SN II,28571.900,28571.900,28571.900,0.000,0.000,0.000
demo-1781204599475-540,AGN,28554.800,28554.900,28554.900,0.100,0.000,0.100
demo-1781204599442-539,AGN,28521.700,28521.700,28521.800,0.000,0.100,0.100
demo-1781204599427-538,AGN,28507.400,28507.400,28507.500,0.000,0.100,0.100
demo-1781204599425-537,Unknown,28504.600,28504.600,28504.700,0.000,0.100,0.100
demo-1781204599392-536,Mira,28471.900,28471.900,28472.100,0.000,0.200,0.200
demo-1781204599359-535,Cepheid,28439.200,28439.200,28439.600,0.000,0.400,0.400
demo-1781204599342-534,QSO,28422.500,28422.500,28422.800,0.000,0.300,0.300
demo-1781204599326-533,Mira,28406.000,28406.000,28406.200,0.000,0.200,0.200
demo-1781204599309-532,Mira,28389.300,28389.300,28389.500,0.000,0.200,0.200
demo-1781204599292-531,SN II,28371.800,28371.800,28372.000,0.000,0.200,0.200
demo-1781204599275-530,Unknown,28354.800,28354.800,28354.900,0.000,0.100,0.100
demo-1781204599242-529,AGN,28321.700,28321.700,28321.800,0.000,0.100,0.100
demo-1781204599225-528,Mira,28305.000,28305.000,28305.200,0.000,0.200,0.200
demo-1781204599208-527,AGN,28288.300,28288.300,28288.300,0.000,0.000,0.000
demo-1781204599191-526,SN Ia,28271.400,28271.400,28271.500,0.000,0.100,0.100
demo-1781204599174-525,AGN,28253.900,28253.900,28254.000,0.000,0.100,0.100
demo-1781204599143-524,RR Lyrae,28222.700,28222.700,28223.000,0.000,0.300,0.300
demo-1781204599127-523,RR Lyrae,28206.800,28206.800,28207.000,0.000,0.200,0.200
demo-1781204599108-522,RR Lyrae,28188.400,28188.400,28188.800,0.000,0.400,0.400
demo-1781204599092-521,RR Lyrae,28171.700,28171.700,28171.900,0.000,0.200,0.200
demo-1781204599059-520,AGN,28139.300,28139.300,28139.600,0.000,0.300,0.300
demo-1781204599042-519,AGN,28122.500,28122.500,28122.800,0.000,0.300,0.300
demo-1781204599025-518,RR Lyrae,28105.000,28105.100,28105.300,0.100,0.200,0.300
demo-1781204599009-517,Mira,28089.200,28089.200,28089.400,0.000,0.200,0.200
demo-1781204598991-516,Mira,28071.500,28071.500,28071.600,0.000,0.100,0.100
demo-1781204598958-515,Cepheid,28038.300,28038.300,28038.400,0.000,0.100,0.100
demo-1781204598942-514,QSO,28021.600,28021.600,28021.700,0.000,0.100,0.100
demo-1781204598925-513,AGN,28004.800,28004.900,28004.900,0.100,0.000,0.100
demo-1781204598921-512,RR Lyrae,28001.000,28001.000,28001.100,0.000,0.100,0.100
demo-1781204598892-511,LPV,27972.400,27972.500,27972.600,0.100,0.100,0.200
demo-1781204598859-510,SN Ia,27939.200,27939.200,27939.400,0.000,0.200,0.200
demo-1781204598843-509,Cepheid,27922.800,27922.800,27923.100,0.000,0.300,0.300
demo-1781204598826-508,RR Lyrae,27905.800,27905.800,27906.000,0.000,0.200,0.200
demo-1781204598808-507,LPV,27888.000,27888.100,27888.200,0.100,0.100,0.200
demo-1781204598791-506,Unknown,27871.500,27871.500,27871.600,0.000,0.100,0.100
demo-1781204598758-505,RR Lyrae,27838.200,27838.300,27838.400,0.100,0.100,0.200
demo-1781204598742-504,SN Ia,27821.700,27821.700,27821.900,0.000,0.200,0.200
demo-1781204598725-503,RR Lyrae,27805.400,27805.400,27805.500,0.000,0.100,0.100
demo-1781204598708-502,SN II,27788.400,27788.500,27788.600,0.100,0.100,0.200
demo-1781204598692-501,Unknown,27772.100,27772.100,27772.200,0.000,0.100,0.100
demo-1781204598677-500,Mira,27757.000,27757.000,27757.200,0.000,0.200,0.200
demo-1781204598642-499,RR Lyrae,27721.600,27721.600,27721.800,0.000,0.200,0.200
demo-1781204598625-498,RR Lyrae,27704.900,27705.000,27705.100,0.100,0.100,0.200
demo-1781204598608-497,SN Ia,27688.300,27688.400,27688.500,0.100,0.100,0.200
demo-1781204598591-496,Unknown,27671.400,27671.400,27671.600,0.000,0.200,0.200
demo-1781204598559-495,Mira,27639.000,27639.000,27639.100,0.000,0.100,0.100
demo-1781204598542-494,RR Lyrae,27621.800,27621.800,27622.100,0.000,0.300,0.300
demo-1781204598525-493,Mira,27604.800,27604.800,27605.000,0.000,0.200,0.200
demo-1781204598509-492,SN II,27589.600,27589.600,27589.900,0.000,0.300,0.300
demo-1781204598492-491,SN Ia,27572.100,27572.100,27572.200,0.000,0.100,0.100
demo-1781204598458-490,AGN,27538.300,27538.300,27538.300,0.000,0.000,0.000
demo-1781204598442-489,SN II,27521.600,27521.600,27521.700,0.000,0.100,0.100
demo-1781204598425-488,Mira,27504.900,27504.900,27505.100,0.000,0.200,0.200
demo-1781204598419-487,AGN,27499.500,27499.500,27499.600,0.000,0.100,0.100
demo-1781204598391-486,AGN,27471.400,27471.400,27471.500,0.000,0.100,0.100
demo-1781204598359-485,AGN,27439.500,27439.600,27439.900,0.100,0.300,0.400
demo-1781204598343-484,RR Lyrae,27422.900,27422.900,27423.100,0.000,0.200,0.200
demo-1781204598325-483,Cepheid,27405.200,27405.300,27405.400,0.100,0.100,0.200
demo-1781204598308-482,Mira,27388.000,27388.100,27388.200,0.100,0.100,0.200
demo-1781204598292-481,AGN,27372.200,27372.200,27372.500,0.000,0.300,0.300
demo-1781204598275-480,LPV,27354.900,27354.900,27354.900,0.000,0.000,0.000
demo-1781204598242-479,RR Lyrae,27322.000,27322.000,27322.100,0.000,0.100,0.100
demo-1781204598224-478,RR Lyrae,27304.600,27304.600,27304.700,0.000,0.100,0.100
demo-1781204598208-477,QSO,27288.300,27288.300,27288.300,0.000,0.000,0.000
demo-1781204598191-476,Mira,27271.600,27271.600,27271.600,0.000,0.000,0.000
demo-1781204598183-475,Mira,27262.800,27262.900,27263.000,0.100,0.100,0.200
demo-1781204598142-474,SN II,27222.500,27222.600,27222.800,0.100,0.200,0.300
demo-1781204598125-473,AGN,27205.400,27205.500,27205.700,0.100,0.200,0.300
demo-1781204598110-472,SN Ib,27190.000,27190.000,27190.300,0.000,0.300,0.300
demo-1781204598093-471,SN Ia,27172.800,27172.900,27173.100,0.100,0.200,0.300
demo-1781204598075-470,RR Lyrae,27155.300,27155.400,27155.600,0.100,0.200,0.300
demo-1781204598042-469,Unknown,27122.500,27122.600,27122.800,0.100,0.200,0.300
demo-1781204598026-468,LPV,27106.200,27106.200,27106.300,0.000,0.100,0.100
demo-1781204598009-467,AGN,27089.300,27089.300,27089.600,0.000,0.300,0.300
demo-1781204597992-466,Mira,27071.800,27071.900,27072.200,0.100,0.300,0.400
demo-1781204597958-465,Mira,27038.200,27038.200,27038.300,0.000,0.100,0.100
demo-1781204597941-464,QSO,27021.500,27021.500,27021.700,0.000,0.200,0.200
demo-1781204597925-463,RR Lyrae,27004.900,27004.900,27005.000,0.000,0.100,0.100
demo-1781204597920-462,AGN,26999.800,26999.800,26999.800,0.000,0.000,0.000
demo-1781204597891-461,RR Lyrae,26971.000,26971.000,26971.200,0.000,0.200,0.200
demo-1781204597859-460,Mira,26939.100,26939.200,26939.400,0.100,0.200,0.300
demo-1781204597843-459,SN Ia,26922.600,26922.700,26922.800,0.100,0.100,0.200
demo-1781204597826-458,RR Lyrae,26905.700,26905.700,26905.900,0.000,0.200,0.200
demo-1781204597809-457,Mira,26889.300,26889.400,26889.500,0.100,0.100,0.200
demo-1781204597792-456,RR Lyrae,26872.600,26872.600,26872.800,0.000,0.200,0.200
demo-1781204597775-455,Mira,26855.300,26855.300,26855.500,0.000,0.200,0.200
demo-1781204597742-454,SN Ia,26822.300,26822.300,26822.500,0.000,0.200,0.200
demo-1781204597725-453,RR Lyrae,26805.500,26805.500,26805.600,0.000,0.100,0.100
demo-1781204597708-452,RR Lyrae,26788.300,26788.300,26788.500,0.000,0.200,0.200
demo-1781204597691-451,SN II,26771.500,26771.500,26771.600,0.000,0.100,0.100
demo-1781204597675-450,RR Lyrae,26754.700,26754.700,26754.800,0.000,0.100,0.100
demo-1781204597643-449,SN Ib,26722.800,26722.800,26723.200,0.000,0.400,0.400
demo-1781204597626-448,AGN,26706.000,26706.000,26706.300,0.000,0.300,0.300
demo-1781204597609-447,Cepheid,26688.900,26688.900,26689.100,0.000,0.200,0.200
demo-1781204597592-446,AGN,26671.900,26671.900,26672.100,0.000,0.200,0.200
demo-1781204597560-445,Mira,26639.800,26639.900,26640.100,0.100,0.200,0.300
demo-1781204597543-444,AGN,26622.600,26622.700,26623.000,0.100,0.300,0.400
demo-1781204597526-443,RR Lyrae,26605.600,26605.600,26606.000,0.000,0.400,0.400
demo-1781204597508-442,Cepheid,26588.200,26588.300,26588.400,0.100,0.100,0.200
demo-1781204597492-441,Unknown,26571.900,26572.000,26572.200,0.100,0.200,0.300
demo-1781204597458-440,LPV,26538.200,26538.300,26538.300,0.100,0.000,0.100
demo-1781204597442-439,AGN,26521.600,26521.600,26521.700,0.000,0.100,0.100
demo-1781204597424-438,RR Lyrae,26504.400,26504.400,26504.600,0.000,0.200,0.200
demo-1781204597422-437,QSO,26501.800,26501.900,26502.000,0.100,0.100,0.200
demo-1781204597393-436,RR Lyrae,26473.200,26473.300,26473.500,0.100,0.200,0.300
demo-1781204597375-435,RR Lyrae,26455.200,26455.200,26455.400,0.000,0.200,0.200
demo-1781204597342-434,RR Lyrae,26422.000,26422.000,26422.300,0.000,0.300,0.300
demo-1781204597326-433,Unknown,26405.800,26405.800,26405.900,0.000,0.100,0.100
demo-1781204597308-432,Mira,26388.300,26388.300,26388.300,0.000,0.000,0.000
demo-1781204597291-431,RR Lyrae,26371.400,26371.400,26371.500,0.000,0.100,0.100
demo-1781204597258-430,SN Ia,26338.400,26338.400,26338.500,0.000,0.100,0.100
demo-1781204597241-429,AGN,26320.900,26320.900,26321.000,0.000,0.100,0.100
demo-1781204597225-428,Unknown,26305.100,26305.100,26305.200,0.000,0.100,0.100
demo-1781204597209-427,RR Lyrae,26288.700,26288.700,26288.800,0.000,0.100,0.100
demo-1781204597192-426,Mira,26272.400,26272.500,26272.500,0.100,0.000,0.100
demo-1781204597183-425,QSO,26263.400,26263.400,26263.500,0.000,0.100,0.100
demo-1781204597143-424,QSO,26222.600,26222.600,26222.800,0.000,0.200,0.200
demo-1781204597125-423,Cepheid,26205.500,26205.600,26205.800,0.100,0.200,0.300
demo-1781204597110-422,Mira,26189.700,26189.700,26190.100,0.000,0.400,0.400
demo-1781204597092-421,RR Lyrae,26172.400,26172.400,26172.600,0.000,0.200,0.200
demo-1781204597074-420,Unknown,26154.200,26154.300,26154.500,0.100,0.200,0.300
demo-1781204597043-419,AGN,26122.700,26122.700,26123.100,0.000,0.400,0.400
demo-1781204597025-418,RR Lyrae,26104.900,26104.900,26105.200,0.000,0.300,0.300
demo-1781204597009-417,RR Lyrae,26089.400,26089.400,26089.600,0.000,0.200,0.200
demo-1781204596991-416,RR Lyrae,26070.900,26071.000,26071.100,0.100,0.100,0.200
demo-1781204596958-415,Mira,26038.200,26038.200,26038.400,0.000,0.200,0.200
demo-1781204596942-414,Mira,26021.600,26021.600,26021.800,0.000,0.200,0.200
demo-1781204596925-413,RR Lyrae,26004.900,26004.900,26005.100,0.000,0.200,0.200
demo-1781204596916-412,AGN,25996.400,25996.400,25996.500,0.000,0.100,0.100
demo-1781204596892-411,Mira,25971.900,25972.000,25972.400,0.100,0.400,0.500
demo-1781204596876-410,RR Lyrae,25955.800,25956.000,25956.600,0.200,0.600,0.800
demo-1781204596843-409,QSO,25923.000,25923.000,25923.500,0.000,0.500,0.500
demo-1781204596825-408,AGN,25905.500,25905.500,25905.700,0.000,0.200,0.200
demo-1781204596809-407,QSO,25889.500,25889.600,25889.700,0.100,0.100,0.200
demo-1781204596793-406,RR Lyrae,25872.900,25873.000,25873.200,0.100,0.200,0.300
demo-1781204596775-405,SN Ia,25854.800,25854.900,25855.000,0.100,0.100,0.200
demo-1781204596742-404,RR Lyrae,25821.700,25821.700,25821.700,0.000,0.000,0.000
demo-1781204596725-403,RR Lyrae,25805.100,25805.100,25805.200,0.000,0.100,0.100
demo-1781204596709-402,RR Lyrae,25788.700,25788.700,25788.900,0.000,0.200,0.200
demo-1781204596692-401,Unknown,25771.600,25771.700,25771.800,0.100,0.100,0.200
demo-1781204596670-400,AGN,25750.500,25750.500,25750.700,0.000,0.200,0.200
demo-1781204596642-399,SN Ia,25721.800,25721.800,25722.100,0.000,0.300,0.300
demo-1781204596626-398,RR Lyrae,25705.600,25705.700,25706.100,0.100,0.400,0.500
demo-1781204596611-397,RR Lyrae,25691.100,25691.100,25691.400,0.000,0.300,0.300
demo-1781204596592-396,RR Lyrae,25672.400,25672.400,25672.600,0.000,0.200,0.200
demo-1781204596559-395,LPV,25639.600,25639.700,25639.900,0.100,0.200,0.300
demo-1781204596542-394,RR Lyrae,25622.500,25622.600,25622.900,0.100,0.300,0.400
demo-1781204596526-393,RR Lyrae,25605.900,25605.900,25606.200,0.000,0.300,0.300
demo-1781204596508-392,Unknown,25588.100,25588.100,25588.300,0.000,0.200,0.200
demo-1781204596491-391,Unknown,25571.400,25571.500,25571.700,0.100,0.200,0.300
demo-1781204596458-390,AGN,25538.200,25538.200,25538.300,0.000,0.100,0.100
demo-1781204596442-389,LPV,25521.600,25521.600,25521.800,0.000,0.200,0.200
demo-1781204596425-388,RR Lyrae,25504.900,25504.900,25504.900,0.000,0.000,0.000
demo-1781204596417-387,RR Lyrae,25496.900,25496.900,25497.100,0.000,0.200,0.200
demo-1781204596392-386,Mira,25472.500,25472.500,25472.700,0.000,0.200,0.200
demo-1781204596375-385,Mira,25455.400,25455.400,25455.800,0.000,0.400,0.400
demo-1781204596343-384,RR Lyrae,25422.800,25423.000,25423.200,0.200,0.200,0.400
demo-1781204596325-383,RR Lyrae,25404.700,25404.700,25404.900,0.000,0.200,0.200
demo-1781204596309-382,Mira,25389.100,25389.100,25389.300,0.000,0.200,0.200
demo-1781204596292-381,LPV,25372.000,25372.000,25372.200,0.000,0.200,0.200
demo-1781204596258-380,AGN,25338.400,25338.400,25338.700,0.000,0.300,0.300
demo-1781204596242-379,SN Ic,25321.600,25321.600,25321.700,0.000,0.100,0.100
demo-1781204596225-378,LPV,25305.000,25305.000,25305.100,0.000,0.100,0.100
demo-1781204596208-377,RR Lyrae,25288.300,25288.300,25288.400,0.000,0.100,0.100
demo-1781204596196-376,RR Lyrae,25276.000,25276.000,25276.000,0.000,0.000,0.000
demo-1781204596172-375,RR Lyrae,25252.600,25252.600,25252.700,0.000,0.100,0.100
demo-1781204596142-374,SN Ic,25222.300,25222.400,25222.500,0.100,0.100,0.200
demo-1781204596126-373,RR Lyrae,25205.900,25205.900,25206.100,0.000,0.200,0.200
demo-1781204596109-372,Mira,25189.400,25189.400,25189.700,0.000,0.300,0.300
demo-1781204596091-371,Mira,25171.300,25171.300,25171.500,0.000,0.200,0.200
demo-1781204596059-370,RR Lyrae,25139.200,25139.300,25139.600,0.100,0.300,0.400
demo-1781204596043-369,Mira,25123.000,25123.000,25123.100,0.000,0.100,0.100
demo-1781204596025-368,Mira,25104.900,25104.900,25105.000,0.000,0.100,0.100
demo-1781204596009-367,RR Lyrae,25089.600,25089.600,25089.800,0.000,0.200,0.200
demo-1781204595991-366,RR Lyrae,25071.300,25071.400,25071.600,0.100,0.200,0.300
demo-1781204595958-365,RR Lyrae,25038.200,25038.200,25038.300,0.000,0.100,0.100
demo-1781204595941-364,Unknown,25021.500,25021.500,25021.600,0.000,0.100,0.100
demo-1781204595925-363,RR Lyrae,25004.800,25004.800,25004.800,0.000,0.000,0.000
demo-1781204595919-362,SN Ic,24999.500,24999.500,24999.600,0.000,0.100,0.100
demo-1781204595892-361,Unknown,24972.000,24972.000,24972.200,0.000,0.200,0.200
demo-1781204595859-360,RR Lyrae,24939.200,24939.200,24939.400,0.000,0.200,0.200
demo-1781204595841-359,TDE,24921.500,24921.500,24921.800,0.000,0.300,0.300
demo-1781204595826-358,Mira,24905.700,24905.700,24905.900,0.000,0.200,0.200
demo-1781204595808-357,AGN,24888.100,24888.100,24888.200,0.000,0.100,0.100
demo-1781204595792-356,Mira,24871.700,24871.700,24871.700,0.000,0.000,0.000
demo-1781204595775-355,AGN,24854.700,24854.700,24854.800,0.000,0.100,0.100
demo-1781204595742-354,RR Lyrae,24822.500,24822.500,24822.800,0.000,0.300,0.300
demo-1781204595726-353,Cepheid,24805.800,24805.900,24806.100,0.100,0.200,0.300
demo-1781204595708-352,AGN,24788.400,24788.400,24788.500,0.000,0.100,0.100
demo-1781204595692-351,Cepheid,24771.900,24771.900,24772.000,0.000,0.100,0.100
demo-1781204595675-350,Mira,24754.800,24754.800,24755.000,0.000,0.200,0.200
demo-1781204595642-349,LPV,24722.000,24722.000,24722.200,0.000,0.200,0.200
demo-1781204595626-348,RR Lyrae,24705.800,24705.800,24706.100,0.000,0.300,0.300
demo-1781204595610-347,Mira,24690.200,24690.300,24690.500,0.100,0.200,0.300
demo-1781204595592-346,AGN,24672.300,24672.300,24672.600,0.000,0.300,0.300
demo-1781204595560-345,Mira,24639.700,24639.800,24640.100,0.100,0.300,0.400
demo-1781204595542-344,Mira,24621.600,24621.700,24621.900,0.100,0.200,0.300
demo-1781204595526-343,RR Lyrae,24606.600,24606.600,24606.900,0.000,0.300,0.300
demo-1781204595509-342,RR Lyrae,24589.100,24589.100,24589.400,0.000,0.300,0.300
demo-1781204595492-341,Mira,24571.900,24571.900,24572.200,0.000,0.300,0.300
demo-1781204595458-340,Mira,24538.400,24538.400,24538.500,0.000,0.100,0.100
demo-1781204595442-339,AGN,24522.000,24522.000,24522.000,0.000,0.000,0.000
demo-1781204595425-338,Cepheid,24505.100,24505.100,24505.300,0.000,0.200,0.200
demo-1781204595420-337,RR Lyrae,24499.900,24499.900,24500.100,0.000,0.200,0.200
demo-1781204595392-336,RR Lyrae,24472.400,24472.400,24472.700,0.000,0.300,0.300
demo-1781204595359-335,AGN,24439.100,24439.100,24439.300,0.000,0.200,0.200
demo-1781204595342-334,RR Lyrae,24422.200,24422.200,24422.400,0.000,0.200,0.200
demo-1781204595326-333,AGN,24405.900,24405.900,24406.000,0.000,0.100,0.100
demo-1781204595309-332,AGN,24389.100,24389.100,24389.300,0.000,0.200,0.200
demo-1781204595292-331,RR Lyrae,24371.800,24371.900,24372.100,0.100,0.200,0.300
demo-1781204595259-330,RR Lyrae,24338.800,24338.900,24339.100,0.100,0.200,0.300
demo-1781204595241-329,SN Ia,24321.600,24321.600,24321.700,0.000,0.100,0.100
demo-1781204595225-328,AGN,24304.900,24304.900,24305.100,0.000,0.200,0.200
demo-1781204595207-327,Mira,24287.200,24287.200,24287.300,0.000,0.100,0.100
demo-1781204595191-326,AGN,24270.700,24270.700,24270.800,0.000,0.100,0.100
demo-1781204595167-325,Mira,24247.400,24247.400,24247.600,0.000,0.200,0.200
demo-1781204595143-324,SN Ic,24222.600,24222.600,24222.900,0.000,0.300,0.300
demo-1781204595126-323,Unknown,24206.500,24206.500,24206.800,0.000,0.300,0.300
demo-1781204595108-322,LPV,24188.400,24188.400,24188.500,0.000,0.100,0.100
demo-1781204595092-321,AGN,24171.900,24171.900,24172.100,0.000,0.200,0.200
demo-1781204595059-320,Mira,24138.800,24138.800,24139.300,0.000,0.500,0.500
demo-1781204595041-319,RR Lyrae,24121.400,24121.400,24121.600,0.000,0.200,0.200
demo-1781204595024-318,SN Ia,24104.500,24104.600,24104.800,0.100,0.200,0.300
demo-1781204595009-317,AGN,24089.000,24089.000,24089.300,0.000,0.300,0.300
demo-1781204594991-316,RR Lyrae,24071.400,24071.500,24071.500,0.100,0.000,0.100
demo-1781204594958-315,Cepheid,24038.500,24038.500,24038.500,0.000,0.000,0.000
demo-1781204594942-314,SN II,24021.800,24021.800,24021.900,0.000,0.100,0.100
demo-1781204594924-313,QSO,24004.200,24004.200,24004.300,0.000,0.100,0.100
demo-1781204594919-312,Mira,23999.400,23999.400,23999.500,0.000,0.100,0.100
demo-1781204594893-311,RR Lyrae,23972.900,23972.900,23973.200,0.000,0.300,0.300
demo-1781204594875-310,RR Lyrae,23955.300,23955.300,23955.900,0.000,0.600,0.600
demo-1781204594842-309,Mira,23921.700,23921.700,23921.900,0.000,0.200,0.200
demo-1781204594826-308,AGN,23906.300,23906.300,23906.600,0.000,0.300,0.300
demo-1781204594808-307,AGN,23888.300,23888.400,23888.500,0.100,0.100,0.200
demo-1781204594792-306,LPV,23871.700,23871.700,23871.900,0.000,0.200,0.200
demo-1781204594774-305,Mira,23854.400,23854.400,23854.900,0.000,0.500,0.500
demo-1781204594742-304,Mira,23822.200,23822.200,23822.500,0.000,0.300,0.300
demo-1781204594725-303,TDE,23804.900,23804.900,23805.200,0.000,0.300,0.300
demo-1781204594709-302,Unknown,23789.000,23789.100,23789.200,0.100,0.100,0.200
demo-1781204594691-301,Mira,23771.200,23771.200,23771.300,0.000,0.100,0.100
demo-1781204594670-300,Unknown,23749.600,23749.600,23749.800,0.000,0.200,0.200
demo-1781204594642-299,RR Lyrae,23721.700,23721.700,23721.900,0.000,0.200,0.200
demo-1781204594626-298,Cepheid,23705.700,23705.700,23705.900,0.000,0.200,0.200
demo-1781204594609-297,SN Ic,23689.000,23689.000,23689.200,0.000,0.200,0.200
demo-1781204594592-296,AGN,23671.700,23671.700,23671.900,0.000,0.200,0.200
demo-1781204594559-295,Mira,23638.800,23638.800,23638.900,0.000,0.100,0.100
demo-1781204594542-294,Cepheid,23621.600,23621.600,23621.700,0.000,0.100,0.100
demo-1781204594524-293,AGN,23604.000,23604.000,23604.100,0.000,0.100,0.100
demo-1781204594508-292,AGN,23588.400,23588.400,23588.500,0.000,0.100,0.100
demo-1781204594491-291,RR Lyrae,23571.300,23571.300,23571.400,0.000,0.100,0.100
demo-1781204594458-290,AGN,23538.400,23538.400,23538.500,0.000,0.100,0.100
demo-1781204594441-289,Mira,23521.000,23521.000,23521.100,0.000,0.100,0.100
demo-1781204594425-288,SN II,23505.000,23505.000,23505.100,0.000,0.100,0.100
demo-1781204594420-287,SN Ia,23499.700,23499.700,23499.900,0.000,0.200,0.200
demo-1781204594392-286,Cepheid,23472.200,23472.200,23472.400,0.000,0.200,0.200
demo-1781204594375-285,RR Lyrae,23455.200,23455.200,23455.300,0.000,0.100,0.100
demo-1781204594342-284,QSO,23421.600,23421.600,23421.900,0.000,0.300,0.300
demo-1781204594326-283,RR Lyrae,23405.700,23405.700,23405.900,0.000,0.200,0.200
demo-1781204594309-282,AGN,23388.900,23388.900,23389.100,0.000,0.200,0.200
demo-1781204594292-281,Unknown,23371.800,23371.800,23371.900,0.000,0.100,0.100
demo-1781204594259-280,QSO,23338.800,23338.900,23339.000,0.100,0.100,0.200
demo-1781204594242-279,SN Ia,23321.600,23321.600,23321.700,0.000,0.100,0.100
demo-1781204594225-278,Mira,23304.900,23304.900,23305.000,0.000,0.100,0.100
demo-1781204594208-277,AGN,23288.300,23288.300,23288.400,0.000,0.100,0.100
demo-1781204594191-276,RR Lyrae,23271.500,23271.500,23271.600,0.000,0.100,0.100
demo-1781204594168-275,QSO,23248.500,23248.500,23248.500,0.000,0.000,0.000
demo-1781204594143-274,AGN,23222.700,23222.800,23223.100,0.100,0.300,0.400
demo-1781204594125-273,RR Lyrae,23204.800,23204.800,23205.000,0.000,0.200,0.200
demo-1781204594108-272,AGN,23188.100,23188.100,23188.300,0.000,0.200,0.200
demo-1781204594092-271,RR Lyrae,23172.300,23172.300,23172.400,0.000,0.100,0.100
demo-1781204594075-270,Cepheid,23155.400,23155.400,23155.600,0.000,0.200,0.200
demo-1781204594043-269,AGN,23122.600,23122.700,23122.900,0.100,0.200,0.300
demo-1781204594026-268,Cepheid,23105.700,23105.700,23105.900,0.000,0.200,0.200
demo-1781204594008-267,Mira,23088.100,23088.200,23088.300,0.100,0.100,0.200
demo-1781204593991-266,AGN,23070.900,23070.900,23071.100,0.000,0.200,0.200
demo-1781204593958-265,RR Lyrae,23038.300,23038.300,23038.600,0.000,0.300,0.300
demo-1781204593941-264,Cepheid,23020.700,23020.700,23020.900,0.000,0.200,0.200
demo-1781204593925-263,RR Lyrae,23004.800,23004.900,23005.000,0.100,0.100,0.200
demo-1781204593920-262,QSO,23000.100,23000.100,23000.200,0.000,0.100,0.100
demo-1781204593891-261,LPV,22971.200,22971.200,22971.400,0.000,0.200,0.200
demo-1781204593859-260,Mira,22939.300,22939.300,22939.600,0.000,0.300,0.300
demo-1781204593842-259,SN Ic,22922.200,22922.200,22922.600,0.000,0.400,0.400
demo-1781204593825-258,Cepheid,22905.200,22905.400,22905.800,0.200,0.400,0.600
demo-1781204593809-257,Cepheid,22888.900,22888.900,22889.300,0.000,0.400,0.400
demo-1781204593792-256,RR Lyrae,22872.300,22872.300,22872.500,0.000,0.200,0.200
demo-1781204593759-255,Mira,22839.300,22839.400,22839.600,0.100,0.200,0.300
demo-1781204593742-254,RR Lyrae,22822.400,22822.400,22822.600,0.000,0.200,0.200
demo-1781204593726-253,AGN,22805.700,22805.800,22806.000,0.100,0.200,0.300
demo-1781204593708-252,AGN,22788.500,22788.600,22788.600,0.100,0.000,0.100
demo-1781204593691-251,LPV,22771.000,22771.000,22771.200,0.000,0.200,0.200
demo-1781204593674-250,SN II,22753.800,22753.800,22753.900,0.000,0.100,0.100
demo-1781204593643-249,AGN,22723.000,22723.000,22723.300,0.000,0.300,0.300
demo-1781204593626-248,AGN,22705.800,22705.900,22706.100,0.100,0.200,0.300
demo-1781204593610-247,Mira,22689.900,22690.100,22690.300,0.200,0.200,0.400
demo-1781204593592-246,Mira,22672.400,22672.400,22672.600,0.000,0.200,0.200
demo-1781204593576-245,AGN,22655.700,22655.700,22655.900,0.000,0.200,0.200
demo-1781204593544-244,SN II,22623.800,22623.800,22624.000,0.000,0.200,0.200
demo-1781204593526-243,SN Ia,22606.400,22606.400,22606.700,0.000,0.300,0.300
demo-1781204593509-242,Cepheid,22588.700,22588.700,22588.800,0.000,0.100,0.100
demo-1781204593492-241,Mira,22571.900,22571.900,22572.100,0.000,0.200,0.200
demo-1781204593459-240,AGN,22538.600,22538.600,22538.800,0.000,0.200,0.200
demo-1781204593441-239,AGN,22521.500,22521.500,22521.600,0.000,0.100,0.100
demo-1781204593425-238,RR Lyrae,22504.900,22504.900,22505.000,0.000,0.100,0.100
demo-1781204593413-237,RR Lyrae,22493.000,22493.100,22493.100,0.100,0.000,0.100
demo-1781204593392-236,RR Lyrae,22471.700,22471.700,22471.900,0.000,0.200,0.200
demo-1781204593375-235,AGN,22455.100,22455.100,22455.300,0.000,0.200,0.200
demo-1781204593343-234,SN Ia,22423.100,22423.100,22423.400,0.000,0.300,0.300
demo-1781204593325-233,AGN,22405.300,22405.400,22405.600,0.100,0.200,0.300
demo-1781204593308-232,RR Lyrae,22388.600,22388.600,22388.900,0.000,0.300,0.300
demo-1781204593292-231,LPV,22371.700,22371.700,22372.100,0.000,0.400,0.400
demo-1781204593275-230,QSO,22354.900,22354.900,22355.000,0.000,0.100,0.100
demo-1781204593242-229,RR Lyrae,22321.600,22321.600,22321.900,0.000,0.300,0.300
demo-1781204593226-228,AGN,22305.700,22305.700,22305.900,0.000,0.200,0.200
demo-1781204593208-227,QSO,22288.200,22288.200,22288.400,0.000,0.200,0.200
demo-1781204593192-226,SN Ia,22271.600,22271.600,22271.700,0.000,0.100,0.100
demo-1781204593179-225,AGN,22258.800,22258.800,22259.000,0.000,0.200,0.200
demo-1781204593143-224,AGN,22223.300,22223.300,22223.600,0.000,0.300,0.300
demo-1781204593126-223,AGN,22206.500,22206.500,22206.700,0.000,0.200,0.200
demo-1781204593110-222,AGN,22190.200,22190.200,22190.400,0.000,0.200,0.200
demo-1781204593092-221,AGN,22172.100,22172.100,22172.300,0.000,0.200,0.200
demo-1781204593075-220,RR Lyrae,22155.200,22155.300,22155.400,0.100,0.100,0.200
demo-1781204593043-219,RR Lyrae,22122.700,22122.700,22123.000,0.000,0.300,0.300
demo-1781204593026-218,RR Lyrae,22106.100,22106.100,22106.400,0.000,0.300,0.300
demo-1781204593009-217,AGN,22089.600,22089.600,22089.800,0.000,0.200,0.200
demo-1781204592992-216,RR Lyrae,22071.900,22071.900,22072.100,0.000,0.200,0.200
demo-1781204592959-215,Mira,22038.900,22038.900,22039.200,0.000,0.300,0.300
demo-1781204592942-214,RR Lyrae,22021.600,22021.600,22021.700,0.000,0.100,0.100
demo-1781204592924-213,RR Lyrae,22004.500,22004.500,22004.600,0.000,0.100,0.100
demo-1781204592918-212,RR Lyrae,21998.000,21998.000,21998.100,0.000,0.100,0.100
demo-1781204592894-211,Cepheid,21974.100,21974.200,21974.400,0.100,0.200,0.300
demo-1781204592876-210,AGN,21956.200,21956.600,21956.900,0.400,0.300,0.700
demo-1781204592843-209,RR Lyrae,21923.400,21923.400,21923.600,0.000,0.200,0.200
demo-1781204592827-208,Mira,21906.600,21906.700,21906.900,0.100,0.200,0.300
demo-1781204592809-207,RR Lyrae,21889.500,21889.500,21889.800,0.000,0.300,0.300
demo-1781204592794-206,AGN,21874.000,21874.000,21874.100,0.000,0.100,0.100
demo-1781204592775-205,SN II,21855.400,21855.400,21855.600,0.000,0.200,0.200
demo-1781204592742-204,LPV,21822.500,21822.600,21822.900,0.100,0.300,0.400
demo-1781204592725-203,RR Lyrae,21805.500,21805.600,21805.900,0.100,0.300,0.400
demo-1781204592709-202,SN II,21788.900,21788.900,21789.000,0.000,0.100,0.100
demo-1781204592691-201,LPV,21771.400,21771.400,21771.500,0.000,0.100,0.100
demo-1781204592661-200,AGN,21741.200,21741.200,21741.300,0.000,0.100,0.100
demo-1781204592643-199,Mira,21722.800,21722.900,21723.000,0.100,0.100,0.200
demo-1781204592626-198,Unknown,21706.000,21706.000,21706.300,0.000,0.300,0.300
demo-1781204592608-197,AGN,21688.200,21688.400,21688.500,0.200,0.100,0.300
demo-1781204592591-196,SN Ib,21670.700,21670.800,21671.000,0.100,0.200,0.300
demo-1781204592558-195,RR Lyrae,21638.200,21638.200,21638.300,0.000,0.100,0.100
demo-1781204592542-194,AGN,21621.800,21621.800,21622.000,0.000,0.200,0.200
demo-1781204592526-193,Mira,21606.300,21606.400,21606.700,0.100,0.300,0.400
demo-1781204592509-192,RR Lyrae,21589.500,21589.600,21589.800,0.100,0.200,0.300
demo-1781204592493-191,QSO,21572.700,21572.700,21572.900,0.000,0.200,0.200
demo-1781204592475-190,SN II,21555.400,21555.500,21555.700,0.100,0.200,0.300
demo-1781204592442-189,SN Ic,21521.900,21521.900,21522.100,0.000,0.200,0.200
demo-1781204592424-188,LPV,21504.000,21504.000,21504.100,0.000,0.100,0.100
demo-1781204592418-187,RR Lyrae,21498.400,21498.400,21498.600,0.000,0.200,0.200
demo-1781204592392-186,RR Lyrae,21472.000,21472.000,21472.300,0.000,0.300,0.300
demo-1781204592359-185,AGN,21439.500,21439.500,21439.900,0.000,0.400,0.400
demo-1781204592343-184,SN II,21423.000,21423.100,21423.500,0.100,0.400,0.500
demo-1781204592327-183,LPV,21407.000,21407.100,21407.400,0.100,0.300,0.400
demo-1781204592310-182,AGN,21389.800,21389.900,21390.200,0.100,0.300,0.400
demo-1781204592292-181,Cepheid,21372.200,21372.300,21372.500,0.100,0.200,0.300
demo-1781204592275-180,RR Lyrae,21355.300,21355.400,21355.600,0.100,0.200,0.300
demo-1781204592242-179,LPV,21322.000,21322.000,21322.200,0.000,0.200,0.200
demo-1781204592226-178,Mira,21305.600,21305.600,21305.800,0.000,0.200,0.200
demo-1781204592208-177,RR Lyrae,21288.200,21288.200,21288.200,0.000,0.000,0.000
demo-1781204592194-176,SN II,21273.700,21273.700,21273.800,0.000,0.100,0.100
demo-1781204592175-175,RR Lyrae,21254.900,21255.000,21255.000,0.100,0.000,0.100
demo-1781204592143-174,LPV,21223.000,21223.000,21223.300,0.000,0.300,0.300
demo-1781204592125-173,AGN,21205.600,21205.600,21205.800,0.000,0.200,0.200
demo-1781204592110-172,AGN,21189.800,21189.800,21190.000,0.000,0.200,0.200
demo-1781204592091-171,AGN,21171.200,21171.200,21171.500,0.000,0.300,0.300
demo-1781204592059-170,RR Lyrae,21139.100,21139.100,21139.400,0.000,0.300,0.300
demo-1781204592042-169,Mira,21122.500,21122.500,21122.700,0.000,0.200,0.200
demo-1781204592027-168,Mira,21106.600,21106.600,21106.900,0.000,0.300,0.300
demo-1781204592008-167,AGN,21088.100,21088.100,21088.400,0.000,0.300,0.300
demo-1781204591992-166,LPV,21071.900,21072.000,21072.200,0.100,0.200,0.300
demo-1781204591959-165,Mira,21039.400,21039.400,21039.600,0.000,0.200,0.200
demo-1781204591942-164,RR Lyrae,21022.300,21022.400,21022.600,0.100,0.200,0.300
demo-1781204591924-163,Mira,21004.100,21004.100,21004.200,0.000,0.100,0.100
demo-1781204591917-162,Mira,20997.600,20997.600,20997.600,0.000,0.000,0.000
demo-1781204591892-161,RR Lyrae,20972.100,20972.100,20972.300,0.000,0.200,0.200
demo-1781204591859-160,AGN,20939.200,20939.300,20939.500,0.100,0.200,0.300
demo-1781204591843-159,Mira,20922.700,20922.800,20923.100,0.100,0.300,0.400
demo-1781204591826-158,Mira,20905.900,20906.000,20906.300,0.100,0.300,0.400
demo-1781204591809-157,Mira,20889.500,20889.500,20889.700,0.000,0.200,0.200
demo-1781204591793-156,LPV,20872.700,20872.800,20873.000,0.100,0.200,0.300
demo-1781204591775-155,Unknown,20855.300,20855.300,20855.500,0.000,0.200,0.200
demo-1781204591741-154,RR Lyrae,20821.500,20821.500,20821.700,0.000,0.200,0.200
demo-1781204591726-153,QSO,20805.600,20805.700,20805.800,0.100,0.100,0.200
demo-1781204591708-152,AGN,20788.500,20788.500,20788.600,0.000,0.100,0.100
demo-1781204591692-151,RR Lyrae,20772.200,20772.200,20772.400,0.000,0.200,0.200
demo-1781204591665-150,RR Lyrae,20745.400,20745.500,20745.600,0.100,0.100,0.200
demo-1781204591642-149,SN Ic,20722.400,20722.400,20722.600,0.000,0.200,0.200
demo-1781204591626-148,Mira,20705.600,20705.600,20705.800,0.000,0.200,0.200
demo-1781204591609-147,Mira,20688.800,20688.800,20689.000,0.000,0.200,0.200
demo-1781204591591-146,SN Ia,20671.000,20671.000,20671.300,0.000,0.300,0.300
demo-1781204591559-145,Mira,20638.800,20638.800,20638.900,0.000,0.100,0.100
demo-1781204591542-144,Mira,20622.300,20622.300,20622.500,0.000,0.200,0.200
demo-1781204591524-143,SN II,20604.300,20604.300,20604.500,0.000,0.200,0.200
demo-1781204591508-142,SN Ia,20588.400,20588.400,20588.600,0.000,0.200,0.200
demo-1781204591492-141,RR Lyrae,20571.600,20571.600,20571.700,0.000,0.100,0.100
demo-1781204591458-140,SN Ia,20538.500,20538.500,20538.600,0.000,0.100,0.100
demo-1781204591442-139,RR Lyrae,20521.900,20521.900,20522.100,0.000,0.200,0.200
demo-1781204591425-138,SN II,20505.200,20505.200,20505.400,0.000,0.200,0.200
demo-1781204591412-137,RR Lyrae,20492.400,20492.400,20492.500,0.000,0.100,0.100
demo-1781204591392-136,RR Lyrae,20471.900,20471.900,20472.200,0.000,0.300,0.300
demo-1781204591375-135,Cepheid,20454.900,20454.900,20455.100,0.000,0.200,0.200
demo-1781204591341-134,AGN,20420.900,20421.000,20421.100,0.100,0.100,0.200
demo-1781204591325-133,RR Lyrae,20405.300,20405.400,20405.600,0.100,0.200,0.300
demo-1781204591309-132,SN Ia,20388.800,20388.800,20388.900,0.000,0.100,0.100
demo-1781204591291-131,Unknown,20370.700,20370.700,20370.800,0.000,0.100,0.100
demo-1781204591259-130,RR Lyrae,20338.600,20338.600,20338.800,0.000,0.200,0.200
demo-1781204591242-129,Unknown,20322.000,20322.000,20322.100,0.000,0.100,0.100
demo-1781204591224-128,Mira,20304.300,20304.300,20304.700,0.000,0.400,0.400
demo-1781204591209-127,LPV,20288.700,20288.700,20288.900,0.000,0.200,0.200
demo-1781204591195-126,SN Ia,20274.800,20274.800,20274.900,0.000,0.100,0.100
demo-1781204591175-125,Mira,20255.200,20255.200,20255.400,0.000,0.200,0.200
demo-1781204591142-124,LPV,20222.400,20222.500,20222.700,0.100,0.200,0.300
demo-1781204591126-123,Unknown,20205.900,20206.000,20206.200,0.100,0.200,0.300
demo-1781204591109-122,AGN,20189.400,20189.400,20189.700,0.000,0.300,0.300
demo-1781204591092-121,Mira,20172.000,20172.000,20172.300,0.000,0.300,0.300
demo-1781204591059-120,SN Ia,20138.800,20138.900,20139.100,0.100,0.200,0.300
demo-1781204591043-119,AGN,20123.300,20123.300,20123.500,0.000,0.200,0.200
demo-1781204591025-118,AGN,20104.900,20104.900,20105.200,0.000,0.300,0.300
demo-1781204591009-117,RR Lyrae,20089.300,20089.300,20089.500,0.000,0.200,0.200
demo-1781204590992-116,SN II,20072.100,20072.200,20072.400,0.100,0.200,0.300
demo-1781204590959-115,Mira,20038.800,20038.800,20039.000,0.000,0.200,0.200
demo-1781204590942-114,SN Ia,20022.100,20022.100,20022.300,0.000,0.200,0.200
demo-1781204590925-113,RR Lyrae,20005.000,20005.000,20005.200,0.000,0.200,0.200
demo-1781204590915-112,LPV,19994.800,19994.800,19994.900,0.000,0.100,0.100
demo-1781204590892-111,RR Lyrae,19972.200,19972.300,19972.400,0.100,0.100,0.200
demo-1781204590859-110,LPV,19939.400,19939.500,19939.900,0.100,0.400,0.500
demo-1781204590842-109,SN Ib,19922.000,19922.100,19922.400,0.100,0.300,0.400
demo-1781204590826-108,AGN,19905.900,19905.900,19906.200,0.000,0.300,0.300
demo-1781204590809-107,SN II,19889.300,19889.300,19889.500,0.000,0.200,0.200
demo-1781204590793-106,Cepheid,19873.000,19873.200,19873.500,0.200,0.300,0.500
demo-1781204590759-105,Mira,19838.800,19838.800,19839.100,0.000,0.300,0.300
demo-1781204590742-104,Mira,19822.000,19822.000,19822.100,0.000,0.100,0.100
demo-1781204590724-103,AGN,19804.300,19804.300,19804.400,0.000,0.100,0.100
demo-1781204590708-102,LPV,19788.100,19788.100,19788.200,0.000,0.100,0.100
demo-1781204590691-101,Mira,19771.400,19771.400,19771.500,0.000,0.100,0.100
demo-1781204590665-100,RR Lyrae,19745.400,19745.400,19745.600,0.000,0.200,0.200
demo-1781204590643-99,SN II,19723.000,19723.100,19723.400,0.100,0.300,0.400
demo-1781204590626-98,QSO,19706.500,19706.500,19706.800,0.000,0.300,0.300
demo-1781204590609-97,RR Lyrae,19688.900,19688.900,19689.200,0.000,0.300,0.300
demo-1781204590593-96,RR Lyrae,19673.100,19673.100,19673.500,0.000,0.400,0.400
demo-1781204590575-95,AGN,19654.800,19654.800,19655.200,0.000,0.400,0.400
demo-1781204590543-94,RR Lyrae,19622.900,19622.900,19623.200,0.000,0.300,0.300
demo-1781204590526-93,RR Lyrae,19605.700,19605.700,19606.000,0.000,0.300,0.300
demo-1781204590510-92,LPV,19589.700,19589.800,19590.100,0.100,0.300,0.400
demo-1781204590492-91,RR Lyrae,19572.400,19572.500,19572.800,0.100,0.300,0.400
demo-1781204590475-90,RR Lyrae,19555.300,19555.400,19555.600,0.100,0.200,0.300
demo-1781204590441-89,Mira,19521.300,19521.300,19521.600,0.000,0.300,0.300
demo-1781204590424-88,SN Ia,19504.500,19504.500,19504.800,0.000,0.300,0.300
demo-1781204590413-87,TDE,19492.800,19492.800,19492.900,0.000,0.100,0.100
demo-1781204590392-86,AGN,19471.900,19471.900,19472.100,0.000,0.200,0.200
demo-1781204590359-85,RR Lyrae,19439.000,19439.000,19439.100,0.000,0.100,0.100
demo-1781204590342-84,SN Ib,19422.300,19422.300,19422.500,0.000,0.200,0.200
demo-1781204590325-83,RR Lyrae,19405.400,19405.400,19405.800,0.000,0.400,0.400
demo-1781204590309-82,RR Lyrae,19388.600,19388.700,19388.900,0.100,0.200,0.300
demo-1781204590292-81,RR Lyrae,19371.800,19371.800,19372.000,0.000,0.200,0.200
demo-1781204590259-80,Cepheid,19338.600,19338.700,19338.800,0.100,0.100,0.200
demo-1781204590242-79,SN Ia,19321.900,19321.900,19322.100,0.000,0.200,0.200
demo-1781204590225-78,AGN,19304.600,19304.700,19305.000,0.100,0.300,0.400
demo-1781204590209-77,AGN,19288.800,19288.800,19289.000,0.000,0.200,0.200
demo-1781204590193-76,AGN,19273.600,19273.600,19273.700,0.000,0.100,0.100
demo-1781204590174-75,Mira,19253.900,19253.900,19254.000,0.000,0.100,0.100
demo-1781204590141-74,AGN,19221.500,19221.500,19221.800,0.000,0.300,0.300
demo-1781204590126-73,AGN,19205.600,19205.600,19206.000,0.000,0.400,0.400
demo-1781204590109-72,Cepheid,19188.800,19188.800,19189.000,0.000,0.200,0.200
demo-1781204590092-71,RR Lyrae,19171.900,19171.900,19172.100,0.000,0.200,0.200
demo-1781204590059-70,Mira,19138.700,19138.800,19139.300,0.100,0.500,0.600
demo-1781204590042-69,SN Ia,19121.900,19122.000,19122.100,0.100,0.100,0.200
demo-1781204590025-68,AGN,19105.300,19105.400,19105.800,0.100,0.400,0.500
demo-1781204590008-67,AGN,19087.600,19087.600,19087.900,0.000,0.300,0.300
demo-1781204589992-66,Mira,19071.600,19071.700,19071.800,0.100,0.100,0.200
demo-1781204589958-65,RR Lyrae,19038.500,19038.500,19038.700,0.000,0.200,0.200
demo-1781204589942-64,AGN,19022.000,19022.000,19022.300,0.000,0.300,0.300
demo-1781204589924-63,RR Lyrae,19004.200,19004.200,19004.300,0.000,0.100,0.100
demo-1781204589911-62,RR Lyrae,18991.100,18991.100,18991.300,0.000,0.200,0.200
demo-1781204589891-61,RR Lyrae,18970.700,18970.700,18970.800,0.000,0.100,0.100
demo-1781204589858-60,SN Ia,18938.500,18938.500,18938.700,0.000,0.200,0.200
demo-1781204589842-59,SN Ia,18921.800,18921.900,18922.000,0.100,0.100,0.200
demo-1781204589825-58,RR Lyrae,18905.100,18905.200,18905.500,0.100,0.300,0.400
demo-1781204589808-57,Cepheid,18888.500,18888.500,18888.700,0.000,0.200,0.200
demo-1781204589791-56,SN Ib,18870.500,18870.600,18870.700,0.100,0.100,0.200
demo-1781204589758-55,LPV,18838.500,18838.600,18838.600,0.100,0.000,0.100
demo-1781204589741-54,SN II,18821.300,18821.300,18821.400,0.000,0.100,0.100
demo-1781204589725-53,AGN,18805.200,18805.200,18805.400,0.000,0.200,0.200
demo-1781204589708-52,RR Lyrae,18787.900,18787.900,18788.100,0.000,0.200,0.200
demo-1781204589691-51,RR Lyrae,18770.700,18770.700,18770.900,0.000,0.200,0.200
demo-1781204589661-50,RR Lyrae,18741.200,18741.300,18741.400,0.100,0.100,0.200
demo-1781204589641-49,AGN,18720.900,18721.000,18721.100,0.100,0.100,0.200
demo-1781204589625-48,RR Lyrae,18705.300,18705.300,18705.500,0.000,0.200,0.200
demo-1781204589609-47,RR Lyrae,18688.600,18688.700,18688.800,0.100,0.100,0.200
demo-1781204589591-46,AGN,18671.000,18671.000,18671.300,0.000,0.300,0.300
demo-1781204589559-45,SN Ia,18638.600,18638.600,18638.700,0.000,0.100,0.100
demo-1781204589541-44,Unknown,18620.900,18620.900,18621.000,0.000,0.100,0.100
demo-1781204589524-43,SN Ia,18604.100,18604.200,18604.300,0.100,0.100,0.200
demo-1781204589508-42,SN Ia,18588.500,18588.500,18588.600,0.000,0.100,0.100
demo-1781204589491-41,AGN,18571.000,18571.000,18571.000,0.000,0.000,0.000
demo-1781204589474-40,Mira,18553.900,18553.900,18554.000,0.000,0.100,0.100
demo-1781204589442-39,RR Lyrae,18522.000,18522.100,18522.200,0.100,0.100,0.200
demo-1781204589424-38,LPV,18504.400,18504.400,18504.600,0.000,0.200,0.200
demo-1781204589411-37,SN Ic,18491.000,18491.000,18491.100,0.000,0.100,0.100
demo-1781204589391-36,Mira,18471.500,18471.500,18471.700,0.000,0.200,0.200
demo-1781204589359-35,RR Lyrae,18438.900,18438.900,18439.200,0.000,0.300,0.300
demo-1781204589342-34,RR Lyrae,18422.000,18422.100,18422.400,0.100,0.300,0.400
demo-1781204589325-33,Cepheid,18404.800,18404.800,18405.100,0.000,0.300,0.300
demo-1781204589309-32,LPV,18389.000,18389.200,18389.500,0.200,0.300,0.500
demo-1781204589291-31,AGN,18371.300,18371.300,18371.400,0.000,0.100,0.100
demo-1781204589258-30,QSO,18338.100,18338.100,18338.200,0.000,0.100,0.100
demo-1781204589241-29,RR Lyrae,18321.400,18321.500,18321.600,0.100,0.100,0.200
demo-1781204589225-28,SN II,18304.700,18304.700,18304.900,0.000,0.200,0.200
demo-1781204589208-27,Unknown,18288.100,18288.100,18288.200,0.000,0.100,0.100
demo-1781204589191-26,Mira,18271.300,18271.400,18271.400,0.100,0.000,0.100
demo-1781204589160-25,Unknown,18240.000,18240.000,18240.100,0.000,0.100,0.100
demo-1781204589141-24,TDE,18221.500,18221.500,18221.600,0.000,0.100,0.100
demo-1781204589125-23,RR Lyrae,18204.800,18204.800,18204.900,0.000,0.100,0.100
demo-1781204589108-22,AGN,18188.100,18188.100,18188.200,0.000,0.100,0.100
demo-1781204589091-21,SN II,18171.300,18171.300,18171.500,0.000,0.200,0.200
demo-1781204589058-20,Mira,18138.200,18138.200,18138.300,0.000,0.100,0.100
demo-1781204589041-19,RR Lyrae,18121.500,18121.500,18121.600,0.000,0.100,0.100
demo-1781204589025-18,Cepheid,18105.100,18105.100,18105.200,0.000,0.100,0.100
demo-1781204589008-17,AGN,18088.300,18088.300,18088.500,0.000,0.200,0.200
demo-1781204588992-16,Mira,18071.900,18072.000,18072.100,0.100,0.100,0.200
demo-1781204588975-15,RR Lyrae,18055.300,18055.300,18055.500,0.000,0.200,0.200
demo-1781204588958-14,AGN,18038.400,18038.400,18038.500,0.000,0.100,0.100
demo-1781204588942-13,AGN,18021.600,18021.600,18021.800,0.000,0.200,0.200
demo-1781204588925-12,SN Ia,18004.900,18004.900,18005.000,0.000,0.100,0.100
demo-1781204588911-11,Mira,17990.800,17990.800,17990.800,0.000,0.000,0.000
demo-1781204588892-10,RR Lyrae,17972.100,17972.200,17972.300,0.100,0.100,0.200
demo-1781204588875-9,SN Ia,17955.000,17955.000,17955.100,0.000,0.100,0.100
demo-1781204588858-8,RR Lyrae,17938.300,17938.300,17938.300,0.000,0.000,0.000
demo-1781204588841-7,RR Lyrae,17921.600,17921.600,17921.600,0.000,0.000,0.000
demo-1781204588826-6,SN Ia,17905.600,17905.700,17905.800,0.100,0.100,0.200
demo-1781204588808-5,RR Lyrae,17888.300,17888.300,17888.400,0.000,0.100,0.100
demo-1781204588791-4,AGN,17871.500,17871.500,17871.600,0.000,0.100,0.100
demo-1781204588775-3,AGN,17855.000,17855.000,17855.000,0.000,0.000,0.000
demo-1781204588764-2,RR Lyrae,17844.200,17844.200,17844.300,0.000,0.100,0.100
demo-1781204588691-1,QSO,17772.800,17773.100,17836.800,0.300,63.700,64.000