alertId,type,tA,tB,tC,latencyMap_ms,latencyAudio_ms,totalLatency_ms
demo-1781204905995-5027,SN Ia,30734.300,30734.300,30734.300,0.000,0.000,0.000
demo-1781204905995-5026,RR Lyrae,30734.300,30734.300,30734.300,0.000,0.000,0.000
demo-1781204905995-5025,SN II,30734.200,30734.200,30734.200,0.000,0.000,0.000
demo-1781204905995-5024,Mira,30734.200,30734.200,30734.200,0.000,0.000,0.000
demo-1781204905995-5023,Unknown,30734.100,30734.100,30734.200,0.000,0.100,0.100
demo-1781204905994-5022,Cepheid,30734.000,30734.000,30734.100,0.000,0.100,0.100
demo-1781204905994-5021,AGN,30734.000,30734.000,30734.000,0.000,0.000,0.000
demo-1781204905994-5020,SN Ia,30733.900,30733.900,30734.000,0.000,0.100,0.100
demo-1781204905994-5019,Mira,30733.700,30733.700,30733.900,0.000,0.200,0.200
demo-1781204905978-5018,QSO,30717.700,30717.700,30717.700,0.000,0.000,0.000
demo-1781204905978-5017,RR Lyrae,30717.500,30717.500,30717.700,0.000,0.200,0.200
demo-1781204905978-5016,SN Ia,30717.500,30717.500,30717.500,0.000,0.000,0.000
demo-1781204905978-5015,SN Ia,30717.400,30717.400,30717.500,0.000,0.100,0.100
demo-1781204905978-5014,RR Lyrae,30717.400,30717.400,30717.400,0.000,0.000,0.000
demo-1781204905978-5013,LPV,30717.300,30717.300,30717.400,0.000,0.100,0.100
demo-1781204905978-5012,SN II,30717.200,30717.200,30717.300,0.000,0.100,0.100
demo-1781204905978-5011,Mira,30717.200,30717.200,30717.200,0.000,0.000,0.000
demo-1781204905978-5010,AGN,30717.100,30717.100,30717.200,0.000,0.100,0.100
demo-1781204905962-5009,Cepheid,30701.100,30701.100,30701.200,0.000,0.100,0.100
demo-1781204905961-5008,AGN,30701.100,30701.100,30701.100,0.000,0.000,0.000
demo-1781204905961-5007,SN II,30701.000,30701.000,30701.100,0.000,0.100,0.100
demo-1781204905961-5006,AGN,30700.900,30700.900,30701.000,0.000,0.100,0.100
demo-1781204905961-5005,SN Ia,30700.800,30700.800,30700.900,0.000,0.100,0.100
demo-1781204905961-5004,AGN,30700.700,30700.800,30700.800,0.100,0.000,0.100
demo-1781204905961-5003,RR Lyrae,30700.700,30700.700,30700.700,0.000,0.000,0.000
demo-1781204905961-5002,RR Lyrae,30700.600,30700.600,30700.700,0.000,0.100,0.100
demo-1781204905961-5001,RR Lyrae,30700.500,30700.500,30700.500,0.000,0.000,0.000
demo-1781204905945-5000,SN II,30684.400,30684.400,30684.400,0.000,0.000,0.000
demo-1781204905945-4999,Mira,30684.200,30684.200,30684.300,0.000,0.100,0.100
demo-1781204905945-4998,AGN,30684.200,30684.200,30684.200,0.000,0.000,0.000
demo-1781204905945-4997,SN II,30684.100,30684.100,30684.200,0.000,0.100,0.100
demo-1781204905944-4996,Cepheid,30684.000,30684.000,30684.100,0.000,0.100,0.100
demo-1781204905944-4995,RR Lyrae,30683.900,30683.900,30684.000,0.000,0.100,0.100
demo-1781204905944-4994,Unknown,30683.800,30683.800,30683.900,0.000,0.100,0.100
demo-1781204905944-4993,AGN,30683.700,30683.700,30683.800,0.000,0.100,0.100
demo-1781204905944-4992,RR Lyrae,30683.600,30683.700,30683.700,0.100,0.000,0.100
demo-1781204905928-4991,Mira,30667.400,30667.400,30667.500,0.000,0.100,0.100
demo-1781204905928-4990,LPV,30667.300,30667.300,30667.400,0.000,0.100,0.100
demo-1781204905928-4989,RR Lyrae,30667.300,30667.300,30667.300,0.000,0.000,0.000
demo-1781204905928-4988,Mira,30667.200,30667.200,30667.300,0.000,0.100,0.100
demo-1781204905928-4987,Mira,30667.100,30667.100,30667.200,0.000,0.100,0.100
demo-1781204905927-4986,Unknown,30667.100,30667.100,30667.100,0.000,0.000,0.000
demo-1781204905927-4985,Cepheid,30667.000,30667.000,30667.100,0.000,0.100,0.100
demo-1781204905927-4984,Cepheid,30666.900,30666.900,30666.900,0.000,0.000,0.000
demo-1781204905927-4983,RR Lyrae,30666.800,30666.800,30666.800,0.000,0.000,0.000
demo-1781204905911-4982,RR Lyrae,30650.700,30650.700,30650.800,0.000,0.100,0.100
demo-1781204905911-4981,AGN,30650.600,30650.600,30650.700,0.000,0.100,0.100
demo-1781204905911-4980,Mira,30650.600,30650.600,30650.600,0.000,0.000,0.000
demo-1781204905911-4979,RR Lyrae,30650.500,30650.500,30650.600,0.000,0.100,0.100
demo-1781204905911-4978,AGN,30650.500,30650.500,30650.500,0.000,0.000,0.000
demo-1781204905911-4977,RR Lyrae,30650.400,30650.400,30650.500,0.000,0.100,0.100
demo-1781204905911-4976,SN Ia,30650.300,30650.400,30650.400,0.100,0.000,0.100
demo-1781204905911-4975,LPV,30650.200,30650.200,30650.300,0.000,0.100,0.100
demo-1781204905911-4974,RR Lyrae,30650.200,30650.200,30650.200,0.000,0.000,0.000
demo-1781204905894-4973,Mira,30634.000,30634.000,30634.100,0.000,0.100,0.100
demo-1781204905894-4972,Mira,30634.000,30634.000,30634.000,0.000,0.000,0.000
demo-1781204905894-4971,RR Lyrae,30633.900,30633.900,30633.900,0.000,0.000,0.000
demo-1781204905894-4970,SN Ia,30633.800,30633.800,30633.900,0.000,0.100,0.100
demo-1781204905894-4969,SN Ia,30633.800,30633.800,30633.800,0.000,0.000,0.000
demo-1781204905894-4968,Mira,30633.800,30633.800,30633.800,0.000,0.000,0.000
demo-1781204905894-4967,RR Lyrae,30633.600,30633.600,30633.800,0.000,0.200,0.200
demo-1781204905894-4966,Unknown,30633.500,30633.500,30633.600,0.000,0.100,0.100
demo-1781204905894-4965,Mira,30633.500,30633.500,30633.500,0.000,0.000,0.000
demo-1781204905878-4964,Mira,30617.200,30617.200,30617.300,0.000,0.100,0.100
demo-1781204905878-4963,RR Lyrae,30617.200,30617.200,30617.200,0.000,0.000,0.000
demo-1781204905878-4962,AGN,30617.100,30617.100,30617.200,0.000,0.100,0.100
demo-1781204905878-4961,SN Ia,30617.100,30617.100,30617.100,0.000,0.000,0.000
demo-1781204905877-4960,RR Lyrae,30617.000,30617.000,30617.100,0.000,0.100,0.100
demo-1781204905877-4959,RR Lyrae,30616.900,30616.900,30617.000,0.000,0.100,0.100
demo-1781204905877-4958,SN Ia,30616.800,30616.800,30616.900,0.000,0.100,0.100
demo-1781204905877-4957,AGN,30616.800,30616.800,30616.800,0.000,0.000,0.000
demo-1781204905877-4956,AGN,30616.600,30616.600,30616.800,0.000,0.200,0.200
demo-1781204905861-4955,RR Lyrae,30600.600,30600.600,30600.700,0.000,0.100,0.100
demo-1781204905861-4954,SN II,30600.600,30600.600,30600.600,0.000,0.000,0.000
demo-1781204905861-4953,SN Ia,30600.600,30600.600,30600.600,0.000,0.000,0.000
demo-1781204905861-4952,AGN,30600.500,30600.500,30600.600,0.000,0.100,0.100
demo-1781204905861-4951,RR Lyrae,30600.400,30600.400,30600.500,0.000,0.100,0.100
demo-1781204905861-4950,AGN,30600.400,30600.400,30600.400,0.000,0.000,0.000
demo-1781204905861-4949,LPV,30600.300,30600.300,30600.300,0.000,0.000,0.000
demo-1781204905861-4948,AGN,30600.200,30600.200,30600.300,0.000,0.100,0.100
demo-1781204905861-4947,Cepheid,30600.100,30600.100,30600.200,0.000,0.100,0.100
demo-1781204905845-4946,SN Ia,30584.200,30584.200,30584.200,0.000,0.000,0.000
demo-1781204905845-4945,Cepheid,30584.100,30584.100,30584.200,0.000,0.100,0.100
demo-1781204905845-4944,SN Ic,30584.000,30584.100,30584.100,0.100,0.000,0.100
demo-1781204905844-4943,RR Lyrae,30584.000,30584.000,30584.000,0.000,0.000,0.000
demo-1781204905844-4942,LPV,30584.000,30584.000,30584.000,0.000,0.000,0.000
demo-1781204905844-4941,LPV,30583.800,30583.800,30583.900,0.000,0.100,0.100
demo-1781204905844-4940,RR Lyrae,30583.800,30583.800,30583.800,0.000,0.000,0.000
demo-1781204905844-4939,RR Lyrae,30583.700,30583.700,30583.800,0.000,0.100,0.100
demo-1781204905844-4938,SN Ia,30583.600,30583.600,30583.700,0.000,0.100,0.100
demo-1781204905833-4937,AGN,30572.200,30572.200,30572.300,0.000,0.100,0.100
demo-1781204905833-4936,AGN,30572.200,30572.200,30572.200,0.000,0.000,0.000
demo-1781204905833-4935,Mira,30572.100,30572.100,30572.200,0.000,0.100,0.100
demo-1781204905832-4934,Mira,30572.000,30572.000,30572.000,0.000,0.000,0.000
demo-1781204905832-4933,SN Ia,30571.900,30571.900,30572.000,0.000,0.100,0.100
demo-1781204905832-4932,RR Lyrae,30571.900,30571.900,30571.900,0.000,0.000,0.000
demo-1781204905832-4931,RR Lyrae,30571.700,30571.700,30571.800,0.000,0.100,0.100
demo-1781204905832-4930,LPV,30571.700,30571.700,30571.700,0.000,0.000,0.000
demo-1781204905832-4929,Mira,30571.600,30571.600,30571.700,0.000,0.100,0.100
demo-1781204905827-4928,AGN,30567.000,30567.000,30567.000,0.000,0.000,0.000
demo-1781204905827-4927,Mira,30566.900,30566.900,30567.000,0.000,0.100,0.100
demo-1781204905827-4926,AGN,30566.800,30566.800,30566.900,0.000,0.100,0.100
demo-1781204905827-4925,SN II,30566.700,30566.700,30566.700,0.000,0.000,0.000
demo-1781204905827-4924,RR Lyrae,30566.700,30566.700,30566.700,0.000,0.000,0.000
demo-1781204905827-4923,SN Ic,30566.500,30566.500,30566.700,0.000,0.200,0.200
demo-1781204905827-4922,AGN,30566.500,30566.500,30566.500,0.000,0.000,0.000
demo-1781204905827-4921,RR Lyrae,30566.400,30566.400,30566.500,0.000,0.100,0.100
demo-1781204905827-4920,SN Ia,30566.300,30566.300,30566.400,0.000,0.100,0.100
demo-1781204905744-4919,Cepheid,30484.000,30484.000,30484.000,0.000,0.000,0.000
demo-1781204905744-4918,RR Lyrae,30483.900,30483.900,30484.000,0.000,0.100,0.100
demo-1781204905744-4917,SN II,30483.900,30483.900,30483.900,0.000,0.000,0.000
demo-1781204905744-4916,RR Lyrae,30483.800,30483.800,30483.900,0.000,0.100,0.100
demo-1781204905744-4915,RR Lyrae,30483.700,30483.700,30483.800,0.000,0.100,0.100
demo-1781204905744-4914,RR Lyrae,30483.600,30483.600,30483.700,0.000,0.100,0.100
demo-1781204905744-4913,AGN,30483.600,30483.600,30483.600,0.000,0.000,0.000
demo-1781204905744-4912,RR Lyrae,30483.600,30483.600,30483.600,0.000,0.000,0.000
demo-1781204905744-4911,AGN,30483.400,30483.400,30483.600,0.000,0.200,0.200
demo-1781204905728-4910,Mira,30467.600,30467.600,30467.600,0.000,0.000,0.000
demo-1781204905728-4909,AGN,30467.600,30467.600,30467.600,0.000,0.000,0.000
demo-1781204905728-4908,RR Lyrae,30467.500,30467.500,30467.500,0.000,0.000,0.000
demo-1781204905728-4907,Mira,30467.400,30467.400,30467.500,0.000,0.100,0.100
demo-1781204905728-4906,Mira,30467.300,30467.300,30467.400,0.000,0.100,0.100
demo-1781204905728-4905,RR Lyrae,30467.300,30467.300,30467.300,0.000,0.000,0.000
demo-1781204905728-4904,RR Lyrae,30467.200,30467.200,30467.300,0.000,0.100,0.100
demo-1781204905728-4903,Cepheid,30467.200,30467.200,30467.200,0.000,0.000,0.000
demo-1781204905727-4902,AGN,30467.100,30467.100,30467.200,0.000,0.100,0.100
demo-1781204905712-4901,Mira,30451.200,30451.200,30451.200,0.000,0.000,0.000
demo-1781204905712-4900,Mira,30451.100,30451.100,30451.100,0.000,0.000,0.000
demo-1781204905711-4899,AGN,30451.000,30451.000,30451.100,0.000,0.100,0.100
demo-1781204905711-4898,SN Ic,30451.000,30451.000,30451.000,0.000,0.000,0.000
demo-1781204905711-4897,Mira,30450.800,30450.900,30451.000,0.100,0.100,0.200
demo-1781204905711-4896,RR Lyrae,30450.800,30450.800,30450.800,0.000,0.000,0.000
demo-1781204905711-4895,QSO,30450.800,30450.800,30450.800,0.000,0.000,0.000
demo-1781204905711-4894,SN II,30450.700,30450.700,30450.800,0.000,0.100,0.100
demo-1781204905711-4893,AGN,30450.500,30450.500,30450.600,0.000,0.100,0.100
demo-1781204905697-4892,RR Lyrae,30436.800,30436.800,30436.800,0.000,0.000,0.000
demo-1781204905697-4891,Mira,30436.700,30436.700,30436.800,0.000,0.100,0.100
demo-1781204905697-4890,RR Lyrae,30436.700,30436.700,30436.700,0.000,0.000,0.000
demo-1781204905697-4889,Mira,30436.500,30436.500,30436.700,0.000,0.200,0.200
demo-1781204905697-4888,AGN,30436.500,30436.500,30436.500,0.000,0.000,0.000
demo-1781204905697-4887,Mira,30436.400,30436.400,30436.400,0.000,0.000,0.000
demo-1781204905697-4886,AGN,30436.400,30436.400,30436.400,0.000,0.000,0.000
demo-1781204905697-4885,RR Lyrae,30436.300,30436.300,30436.400,0.000,0.100,0.100
demo-1781204905697-4884,RR Lyrae,30436.200,30436.300,30436.300,0.100,0.000,0.100
demo-1781204905678-4883,Unknown,30417.500,30417.500,30417.600,0.000,0.100,0.100
demo-1781204905678-4882,AGN,30417.500,30417.500,30417.500,0.000,0.000,0.000
demo-1781204905678-4881,Unknown,30417.400,30417.400,30417.400,0.000,0.000,0.000
demo-1781204905678-4880,RR Lyrae,30417.200,30417.200,30417.300,0.000,0.100,0.100
demo-1781204905678-4879,SN Ia,30417.200,30417.200,30417.200,0.000,0.000,0.000
demo-1781204905678-4878,RR Lyrae,30417.100,30417.100,30417.200,0.000,0.100,0.100
demo-1781204905677-4877,SN Ib,30417.000,30417.000,30417.100,0.000,0.100,0.100
demo-1781204905677-4876,RR Lyrae,30416.900,30416.900,30417.000,0.000,0.100,0.100
demo-1781204905677-4875,AGN,30416.800,30416.800,30416.900,0.000,0.100,0.100
demo-1781204905661-4874,Unknown,30400.600,30400.600,30400.700,0.000,0.100,0.100
demo-1781204905661-4873,AGN,30400.600,30400.600,30400.600,0.000,0.000,0.000
demo-1781204905661-4872,AGN,30400.400,30400.400,30400.500,0.000,0.100,0.100
demo-1781204905661-4871,Mira,30400.400,30400.400,30400.400,0.000,0.000,0.000
demo-1781204905661-4870,RR Lyrae,30400.300,30400.400,30400.400,0.100,0.000,0.100
demo-1781204905661-4869,RR Lyrae,30400.300,30400.300,30400.300,0.000,0.000,0.000
demo-1781204905661-4868,Unknown,30400.200,30400.200,30400.300,0.000,0.100,0.100
demo-1781204905661-4867,Cepheid,30400.100,30400.100,30400.200,0.000,0.100,0.100
demo-1781204905660-4866,Unknown,30400.000,30400.000,30400.100,0.000,0.100,0.100
demo-1781204905644-4865,AGN,30383.800,30383.800,30384.000,0.000,0.200,0.200
demo-1781204905644-4864,RR Lyrae,30383.800,30383.800,30383.800,0.000,0.000,0.000
demo-1781204905644-4863,AGN,30383.700,30383.700,30383.800,0.000,0.100,0.100
demo-1781204905644-4862,RR Lyrae,30383.700,30383.700,30383.700,0.000,0.000,0.000
demo-1781204905644-4861,Unknown,30383.600,30383.600,30383.700,0.000,0.100,0.100
demo-1781204905644-4860,RR Lyrae,30383.600,30383.600,30383.600,0.000,0.000,0.000
demo-1781204905644-4859,AGN,30383.500,30383.500,30383.600,0.000,0.100,0.100
demo-1781204905644-4858,SN Ia,30383.500,30383.500,30383.500,0.000,0.000,0.000
demo-1781204905644-4857,SN Ia,30383.400,30383.400,30383.400,0.000,0.000,0.000
demo-1781204905628-4856,RR Lyrae,30367.500,30367.500,30367.500,0.000,0.000,0.000
demo-1781204905628-4855,AGN,30367.300,30367.300,30367.400,0.000,0.100,0.100
demo-1781204905628-4854,SN Ic,30367.300,30367.300,30367.300,0.000,0.000,0.000
demo-1781204905628-4853,Mira,30367.200,30367.200,30367.200,0.000,0.000,0.000
demo-1781204905628-4852,SN II,30367.100,30367.100,30367.200,0.000,0.100,0.100
demo-1781204905628-4851,RR Lyrae,30367.000,30367.000,30367.100,0.000,0.100,0.100
demo-1781204905627-4850,RR Lyrae,30367.000,30367.000,30367.000,0.000,0.000,0.000
demo-1781204905627-4849,RR Lyrae,30366.900,30366.900,30366.900,0.000,0.000,0.000
demo-1781204905627-4848,RR Lyrae,30366.800,30366.800,30366.900,0.000,0.100,0.100
demo-1781204905611-4847,Unknown,30350.700,30350.700,30350.700,0.000,0.000,0.000
demo-1781204905611-4846,LPV,30350.600,30350.600,30350.700,0.000,0.100,0.100
demo-1781204905611-4845,AGN,30350.500,30350.500,30350.500,0.000,0.000,0.000
demo-1781204905611-4844,RR Lyrae,30350.500,30350.500,30350.500,0.000,0.000,0.000
demo-1781204905611-4843,Unknown,30350.300,30350.300,30350.400,0.000,0.100,0.100
demo-1781204905611-4842,SN II,30350.300,30350.300,30350.300,0.000,0.000,0.000
demo-1781204905611-4841,RR Lyrae,30350.300,30350.300,30350.300,0.000,0.000,0.000
demo-1781204905611-4840,AGN,30350.100,30350.100,30350.300,0.000,0.200,0.200
demo-1781204905611-4839,SN II,30350.100,30350.100,30350.100,0.000,0.000,0.000
demo-1781204905595-4838,Mira,30334.100,30334.100,30334.200,0.000,0.100,0.100
demo-1781204905595-4837,RR Lyrae,30334.100,30334.100,30334.100,0.000,0.000,0.000
demo-1781204905594-4836,SN II,30334.000,30334.000,30334.100,0.000,0.100,0.100
demo-1781204905594-4835,RR Lyrae,30333.900,30333.900,30334.000,0.000,0.100,0.100
demo-1781204905594-4834,RR Lyrae,30333.900,30333.900,30333.900,0.000,0.000,0.000
demo-1781204905594-4833,AGN,30333.800,30333.800,30333.900,0.000,0.100,0.100
demo-1781204905594-4832,AGN,30333.700,30333.700,30333.800,0.000,0.100,0.100
demo-1781204905594-4831,RR Lyrae,30333.700,30333.700,30333.700,0.000,0.000,0.000
demo-1781204905594-4830,Mira,30333.600,30333.600,30333.700,0.000,0.100,0.100
demo-1781204905582-4829,Unknown,30321.700,30321.700,30321.800,0.000,0.100,0.100
demo-1781204905582-4828,RR Lyrae,30321.700,30321.700,30321.700,0.000,0.000,0.000
demo-1781204905582-4827,AGN,30321.600,30321.600,30321.600,0.000,0.000,0.000
demo-1781204905582-4826,RR Lyrae,30321.500,30321.500,30321.600,0.000,0.100,0.100
demo-1781204905582-4825,Mira,30321.400,30321.500,30321.500,0.100,0.000,0.100
demo-1781204905582-4824,RR Lyrae,30321.300,30321.300,30321.400,0.000,0.100,0.100
demo-1781204905582-4823,RR Lyrae,30321.300,30321.300,30321.300,0.000,0.000,0.000
demo-1781204905582-4822,SN Ia,30321.100,30321.100,30321.300,0.000,0.200,0.200
demo-1781204905581-4821,SN II,30321.000,30321.000,30321.100,0.000,0.100,0.100
demo-1781204905577-4820,AGN,30317.100,30317.100,30317.100,0.000,0.000,0.000
demo-1781204905577-4819,AGN,30317.000,30317.000,30317.100,0.000,0.100,0.100
demo-1781204905577-4818,RR Lyrae,30317.000,30317.000,30317.000,0.000,0.000,0.000
demo-1781204905577-4817,Mira,30316.900,30316.900,30316.900,0.000,0.000,0.000
demo-1781204905577-4816,Cepheid,30316.800,30316.800,30316.900,0.000,0.100,0.100
demo-1781204905577-4815,RR Lyrae,30316.700,30316.700,30316.800,0.000,0.100,0.100
demo-1781204905577-4814,RR Lyrae,30316.600,30316.600,30316.700,0.000,0.100,0.100
demo-1781204905577-4813,AGN,30316.600,30316.600,30316.600,0.000,0.000,0.000
demo-1781204905577-4812,RR Lyrae,30316.500,30316.500,30316.600,0.000,0.100,0.100
demo-1781204905495-4811,RR Lyrae,30234.400,30234.400,30234.500,0.000,0.100,0.100
demo-1781204905495-4810,Mira,30234.300,30234.300,30234.400,0.000,0.100,0.100
demo-1781204905495-4809,Cepheid,30234.300,30234.300,30234.300,0.000,0.000,0.000
demo-1781204905495-4808,AGN,30234.200,30234.200,30234.300,0.000,0.100,0.100
demo-1781204905495-4807,SN II,30234.100,30234.100,30234.200,0.000,0.100,0.100
demo-1781204905495-4806,Cepheid,30234.100,30234.100,30234.100,0.000,0.000,0.000
demo-1781204905494-4805,AGN,30234.000,30234.000,30234.000,0.000,0.000,0.000
demo-1781204905494-4804,AGN,30233.900,30233.900,30234.000,0.000,0.100,0.100
demo-1781204905494-4803,Mira,30233.800,30233.800,30233.900,0.000,0.100,0.100
demo-1781204905478-4802,AGN,30217.300,30217.300,30217.400,0.000,0.100,0.100
demo-1781204905478-4801,AGN,30217.200,30217.200,30217.300,0.000,0.100,0.100
demo-1781204905478-4800,Mira,30217.200,30217.200,30217.200,0.000,0.000,0.000
demo-1781204905478-4799,LPV,30217.100,30217.100,30217.200,0.000,0.100,0.100
demo-1781204905477-4798,Cepheid,30217.000,30217.000,30217.100,0.000,0.100,0.100
demo-1781204905477-4797,Mira,30216.900,30217.000,30217.000,0.100,0.000,0.100
demo-1781204905477-4796,RR Lyrae,30216.900,30216.900,30216.900,0.000,0.000,0.000
demo-1781204905477-4795,SN Ic,30216.900,30216.900,30216.900,0.000,0.000,0.000
demo-1781204905477-4794,LPV,30216.800,30216.800,30216.900,0.000,0.100,0.100
demo-1781204905460-4793,AGN,30199.900,30200.000,30200.000,0.100,0.000,0.100
demo-1781204905460-4792,Unknown,30199.900,30199.900,30199.900,0.000,0.000,0.000
demo-1781204905460-4791,Mira,30199.900,30199.900,30199.900,0.000,0.000,0.000
demo-1781204905460-4790,RR Lyrae,30199.800,30199.800,30199.900,0.000,0.100,0.100
demo-1781204905460-4789,Unknown,30199.700,30199.700,30199.800,0.000,0.100,0.100
demo-1781204905460-4788,Mira,30199.700,30199.700,30199.700,0.000,0.000,0.000
demo-1781204905460-4787,RR Lyrae,30199.600,30199.600,30199.600,0.000,0.000,0.000
demo-1781204905460-4786,SN Ic,30199.500,30199.500,30199.500,0.000,0.000,0.000
demo-1781204905460-4785,SN II,30199.500,30199.500,30199.500,0.000,0.000,0.000
demo-1781204905445-4784,SN Ia,30184.300,30184.300,30184.300,0.000,0.000,0.000
demo-1781204905445-4783,RR Lyrae,30184.300,30184.300,30184.300,0.000,0.000,0.000
demo-1781204905445-4782,SN Ia,30184.200,30184.200,30184.300,0.000,0.100,0.100
demo-1781204905445-4781,Unknown,30184.100,30184.200,30184.200,0.100,0.000,0.100
demo-1781204905445-4780,AGN,30184.100,30184.100,30184.100,0.000,0.000,0.000
demo-1781204905444-4779,AGN,30184.000,30184.000,30184.100,0.000,0.100,0.100
demo-1781204905444-4778,RR Lyrae,30183.900,30183.900,30184.000,0.000,0.100,0.100
demo-1781204905444-4777,RR Lyrae,30183.900,30183.900,30183.900,0.000,0.000,0.000
demo-1781204905444-4776,Unknown,30183.800,30183.800,30183.900,0.000,0.100,0.100
demo-1781204905428-4775,RR Lyrae,30167.500,30167.500,30167.600,0.000,0.100,0.100
demo-1781204905428-4774,RR Lyrae,30167.500,30167.500,30167.500,0.000,0.000,0.000
demo-1781204905428-4773,Mira,30167.400,30167.400,30167.500,0.000,0.100,0.100
demo-1781204905428-4772,Mira,30167.300,30167.300,30167.400,0.000,0.100,0.100
demo-1781204905428-4771,AGN,30167.200,30167.200,30167.300,0.000,0.100,0.100
demo-1781204905428-4770,RR Lyrae,30167.100,30167.100,30167.200,0.000,0.100,0.100
demo-1781204905428-4769,SN II,30167.100,30167.100,30167.100,0.000,0.000,0.000
demo-1781204905427-4768,SN Ia,30167.000,30167.000,30167.100,0.000,0.100,0.100
demo-1781204905427-4767,RR Lyrae,30166.900,30166.900,30166.900,0.000,0.000,0.000
demo-1781204905412-4766,AGN,30151.200,30151.200,30151.300,0.000,0.100,0.100
demo-1781204905412-4765,AGN,30151.100,30151.100,30151.200,0.000,0.100,0.100
demo-1781204905411-4764,RR Lyrae,30151.100,30151.100,30151.100,0.000,0.000,0.000
demo-1781204905411-4763,Cepheid,30151.000,30151.000,30151.000,0.000,0.000,0.000
demo-1781204905411-4762,Mira,30150.800,30150.800,30151.000,0.000,0.200,0.200
demo-1781204905411-4761,RR Lyrae,30150.800,30150.800,30150.800,0.000,0.000,0.000
demo-1781204905411-4760,RR Lyrae,30150.700,30150.700,30150.700,0.000,0.000,0.000
demo-1781204905411-4759,Mira,30150.600,30150.600,30150.700,0.000,0.100,0.100
demo-1781204905411-4758,QSO,30150.500,30150.500,30150.600,0.000,0.100,0.100
demo-1781204905395-4757,AGN,30134.100,30134.100,30134.100,0.000,0.000,0.000
demo-1781204905394-4756,RR Lyrae,30134.100,30134.100,30134.100,0.000,0.000,0.000
demo-1781204905394-4755,RR Lyrae,30134.000,30134.000,30134.000,0.000,0.000,0.000
demo-1781204905394-4754,Mira,30133.900,30133.900,30134.000,0.000,0.100,0.100
demo-1781204905394-4753,RR Lyrae,30133.800,30133.800,30133.900,0.000,0.100,0.100
demo-1781204905394-4752,RR Lyrae,30133.800,30133.800,30133.800,0.000,0.000,0.000
demo-1781204905394-4751,Mira,30133.700,30133.700,30133.800,0.000,0.100,0.100
demo-1781204905394-4750,RR Lyrae,30133.600,30133.600,30133.700,0.000,0.100,0.100
demo-1781204905394-4749,RR Lyrae,30133.500,30133.500,30133.600,0.000,0.100,0.100
demo-1781204905378-4748,AGN,30117.300,30117.300,30117.400,0.000,0.100,0.100
demo-1781204905378-4747,Mira,30117.300,30117.300,30117.300,0.000,0.000,0.000
demo-1781204905378-4746,AGN,30117.200,30117.200,30117.300,0.000,0.100,0.100
demo-1781204905378-4745,RR Lyrae,30117.200,30117.200,30117.200,0.000,0.000,0.000
demo-1781204905378-4744,LPV,30117.100,30117.100,30117.100,0.000,0.000,0.000
demo-1781204905377-4743,Mira,30117.100,30117.100,30117.100,0.000,0.000,0.000
demo-1781204905377-4742,AGN,30116.900,30116.900,30117.000,0.000,0.100,0.100
demo-1781204905377-4741,SN Ia,30116.900,30116.900,30116.900,0.000,0.000,0.000
demo-1781204905377-4740,RR Lyrae,30116.800,30116.800,30116.900,0.000,0.100,0.100
demo-1781204905361-4739,AGN,30100.600,30100.600,30100.600,0.000,0.000,0.000
demo-1781204905361-4738,LPV,30100.500,30100.500,30100.600,0.000,0.100,0.100
demo-1781204905361-4737,Cepheid,30100.400,30100.400,30100.500,0.000,0.100,0.100
demo-1781204905361-4736,Mira,30100.400,30100.400,30100.400,0.000,0.000,0.000
demo-1781204905361-4735,AGN,30100.300,30100.300,30100.400,0.000,0.100,0.100
demo-1781204905361-4734,RR Lyrae,30100.200,30100.200,30100.300,0.000,0.100,0.100
demo-1781204905361-4733,RR Lyrae,30100.200,30100.200,30100.200,0.000,0.000,0.000
demo-1781204905361-4732,AGN,30100.200,30100.200,30100.200,0.000,0.000,0.000
demo-1781204905360-4731,Cepheid,30100.000,30100.000,30100.100,0.000,0.100,0.100
demo-1781204905344-4730,Mira,30084.000,30084.000,30084.000,0.000,0.000,0.000
demo-1781204905344-4729,RR Lyrae,30083.900,30083.900,30083.900,0.000,0.000,0.000
demo-1781204905344-4728,Mira,30083.800,30083.800,30083.900,0.000,0.100,0.100
demo-1781204905344-4727,RR Lyrae,30083.800,30083.800,30083.800,0.000,0.000,0.000
demo-1781204905344-4726,Unknown,30083.800,30083.800,30083.800,0.000,0.000,0.000
demo-1781204905344-4725,AGN,30083.700,30083.700,30083.800,0.000,0.100,0.100
demo-1781204905344-4724,QSO,30083.600,30083.600,30083.700,0.000,0.100,0.100
demo-1781204905344-4723,AGN,30083.500,30083.500,30083.600,0.000,0.100,0.100
demo-1781204905344-4722,AGN,30083.400,30083.400,30083.500,0.000,0.100,0.100
demo-1781204905334-4721,Cepheid,30073.800,30073.800,30073.900,0.000,0.100,0.100
demo-1781204905334-4720,Unknown,30073.800,30073.800,30073.800,0.000,0.000,0.000
demo-1781204905334-4719,RR Lyrae,30073.700,30073.700,30073.800,0.000,0.100,0.100
demo-1781204905334-4718,LPV,30073.600,30073.600,30073.700,0.000,0.100,0.100
demo-1781204905334-4717,AGN,30073.600,30073.600,30073.600,0.000,0.000,0.000
demo-1781204905334-4716,Unknown,30073.500,30073.500,30073.600,0.000,0.100,0.100
demo-1781204905334-4715,RR Lyrae,30073.400,30073.400,30073.500,0.000,0.100,0.100
demo-1781204905334-4714,Cepheid,30073.300,30073.300,30073.400,0.000,0.100,0.100
demo-1781204905334-4713,RR Lyrae,30073.200,30073.200,30073.300,0.000,0.100,0.100
demo-1781204905329-4712,AGN,30068.800,30068.800,30068.800,0.000,0.000,0.000
demo-1781204905329-4711,LPV,30068.700,30068.700,30068.800,0.000,0.100,0.100
demo-1781204905329-4710,Mira,30068.700,30068.700,30068.700,0.000,0.000,0.000
demo-1781204905329-4709,Mira,30068.600,30068.600,30068.600,0.000,0.000,0.000
demo-1781204905329-4708,Unknown,30068.500,30068.500,30068.600,0.000,0.100,0.100
demo-1781204905329-4707,Mira,30068.500,30068.500,30068.500,0.000,0.000,0.000
demo-1781204905329-4706,RR Lyrae,30068.400,30068.400,30068.500,0.000,0.100,0.100
demo-1781204905329-4705,AGN,30068.300,30068.300,30068.400,0.000,0.100,0.100
demo-1781204905329-4704,LPV,30068.200,30068.200,30068.300,0.000,0.100,0.100
demo-1781204905244-4703,Mira,29983.900,29983.900,29983.900,0.000,0.000,0.000
demo-1781204905244-4702,Cepheid,29983.900,29983.900,29983.900,0.000,0.000,0.000
demo-1781204905244-4701,RR Lyrae,29983.800,29983.800,29983.900,0.000,0.100,0.100
demo-1781204905244-4700,Unknown,29983.800,29983.800,29983.800,0.000,0.000,0.000
demo-1781204905244-4699,RR Lyrae,29983.800,29983.800,29983.800,0.000,0.000,0.000
demo-1781204905244-4698,RR Lyrae,29983.600,29983.600,29983.700,0.000,0.100,0.100
demo-1781204905244-4697,Unknown,29983.600,29983.600,29983.600,0.000,0.000,0.000
demo-1781204905244-4696,SN Ia,29983.600,29983.600,29983.600,0.000,0.000,0.000
demo-1781204905244-4695,Mira,29983.500,29983.500,29983.600,0.000,0.100,0.100
demo-1781204905228-4694,RR Lyrae,29967.300,29967.300,29967.300,0.000,0.000,0.000
demo-1781204905228-4693,SN II,29967.200,29967.200,29967.300,0.000,0.100,0.100
demo-1781204905228-4692,Mira,29967.100,29967.100,29967.200,0.000,0.100,0.100
demo-1781204905228-4691,RR Lyrae,29967.000,29967.000,29967.100,0.000,0.100,0.100
demo-1781204905227-4690,RR Lyrae,29967.000,29967.000,29967.000,0.000,0.000,0.000
demo-1781204905227-4689,AGN,29966.900,29966.900,29967.000,0.000,0.100,0.100
demo-1781204905227-4688,Mira,29966.900,29966.900,29966.900,0.000,0.000,0.000
demo-1781204905227-4687,AGN,29966.900,29966.900,29966.900,0.000,0.000,0.000
demo-1781204905227-4686,QSO,29966.700,29966.700,29966.800,0.000,0.100,0.100
demo-1781204905211-4685,SN Ic,29950.600,29950.600,29950.600,0.000,0.000,0.000
demo-1781204905211-4684,QSO,29950.500,29950.500,29950.600,0.000,0.100,0.100
demo-1781204905211-4683,AGN,29950.500,29950.500,29950.500,0.000,0.000,0.000
demo-1781204905211-4682,Mira,29950.400,29950.400,29950.500,0.000,0.100,0.100
demo-1781204905211-4681,Unknown,29950.400,29950.400,29950.400,0.000,0.000,0.000
demo-1781204905211-4680,AGN,29950.300,29950.300,29950.400,0.000,0.100,0.100
demo-1781204905211-4679,SN II,29950.300,29950.300,29950.300,0.000,0.000,0.000
demo-1781204905211-4678,SN II,29950.200,29950.200,29950.300,0.000,0.100,0.100
demo-1781204905211-4677,SN Ib,29950.100,29950.100,29950.100,0.000,0.000,0.000
demo-1781204905195-4676,RR Lyrae,29934.000,29934.000,29934.100,0.000,0.100,0.100
demo-1781204905194-4675,RR Lyrae,29934.000,29934.000,29934.000,0.000,0.000,0.000
demo-1781204905194-4674,QSO,29933.900,29933.900,29934.000,0.000,0.100,0.100
demo-1781204905194-4673,RR Lyrae,29933.900,29933.900,29933.900,0.000,0.000,0.000
demo-1781204905194-4672,RR Lyrae,29933.800,29933.800,29933.900,0.000,0.100,0.100
demo-1781204905194-4671,AGN,29933.800,29933.800,29933.800,0.000,0.000,0.000
demo-1781204905194-4670,RR Lyrae,29933.700,29933.700,29933.800,0.000,0.100,0.100
demo-1781204905194-4669,AGN,29933.700,29933.700,29933.700,0.000,0.000,0.000
demo-1781204905194-4668,Mira,29933.500,29933.500,29933.600,0.000,0.100,0.100
demo-1781204905178-4667,LPV,29917.500,29917.500,29917.600,0.000,0.100,0.100
demo-1781204905178-4666,RR Lyrae,29917.400,29917.400,29917.500,0.000,0.100,0.100
demo-1781204905178-4665,SN II,29917.400,29917.400,29917.400,0.000,0.000,0.000
demo-1781204905178-4664,QSO,29917.300,29917.300,29917.400,0.000,0.100,0.100
demo-1781204905178-4663,Cepheid,29917.300,29917.300,29917.300,0.000,0.000,0.000
demo-1781204905178-4662,RR Lyrae,29917.200,29917.200,29917.300,0.000,0.100,0.100
demo-1781204905178-4661,QSO,29917.100,29917.100,29917.200,0.000,0.100,0.100
demo-1781204905178-4660,QSO,29917.100,29917.100,29917.100,0.000,0.000,0.000
demo-1781204905177-4659,Mira,29917.000,29917.100,29917.100,0.100,0.000,0.100
demo-1781204905161-4658,RR Lyrae,29900.900,29900.900,29901.000,0.000,0.100,0.100
demo-1781204905161-4657,AGN,29900.900,29900.900,29900.900,0.000,0.000,0.000
demo-1781204905161-4656,RR Lyrae,29900.800,29900.900,29900.900,0.100,0.000,0.100
demo-1781204905161-4655,RR Lyrae,29900.800,29900.800,29900.800,0.000,0.000,0.000
demo-1781204905161-4654,RR Lyrae,29900.700,29900.700,29900.800,0.000,0.100,0.100
demo-1781204905161-4653,QSO,29900.700,29900.700,29900.700,0.000,0.000,0.000
demo-1781204905161-4652,Unknown,29900.500,29900.500,29900.600,0.000,0.100,0.100
demo-1781204905161-4651,RR Lyrae,29900.500,29900.500,29900.500,0.000,0.000,0.000
demo-1781204905161-4650,RR Lyrae,29900.400,29900.400,29900.500,0.000,0.100,0.100
demo-1781204905145-4649,AGN,29884.100,29884.100,29884.100,0.000,0.000,0.000
demo-1781204905144-4648,SN Ic,29884.100,29884.100,29884.100,0.000,0.000,0.000
demo-1781204905144-4647,RR Lyrae,29884.000,29884.000,29884.100,0.000,0.100,0.100
demo-1781204905144-4646,Mira,29883.900,29883.900,29884.000,0.000,0.100,0.100
demo-1781204905144-4645,RR Lyrae,29883.800,29883.800,29883.900,0.000,0.100,0.100
demo-1781204905144-4644,RR Lyrae,29883.800,29883.800,29883.800,0.000,0.000,0.000
demo-1781204905144-4643,RR Lyrae,29883.700,29883.700,29883.800,0.000,0.100,0.100
demo-1781204905144-4642,AGN,29883.600,29883.600,29883.700,0.000,0.100,0.100
demo-1781204905144-4641,AGN,29883.500,29883.500,29883.600,0.000,0.100,0.100
demo-1781204905128-4640,AGN,29867.300,29867.300,29867.400,0.000,0.100,0.100
demo-1781204905128-4639,Mira,29867.300,29867.300,29867.300,0.000,0.000,0.000
demo-1781204905128-4638,RR Lyrae,29867.200,29867.200,29867.300,0.000,0.100,0.100
demo-1781204905128-4637,Mira,29867.100,29867.100,29867.200,0.000,0.100,0.100
demo-1781204905128-4636,SN Ia,29867.100,29867.100,29867.100,0.000,0.000,0.000
demo-1781204905127-4635,RR Lyrae,29867.000,29867.000,29867.100,0.000,0.100,0.100
demo-1781204905127-4634,RR Lyrae,29866.900,29867.000,29867.000,0.100,0.000,0.100
demo-1781204905127-4633,RR Lyrae,29866.800,29866.800,29866.900,0.000,0.100,0.100
demo-1781204905127-4632,Mira,29866.800,29866.800,29866.800,0.000,0.000,0.000
demo-1781204905111-4631,RR Lyrae,29850.600,29850.600,29850.600,0.000,0.000,0.000
demo-1781204905111-4630,AGN,29850.500,29850.500,29850.600,0.000,0.100,0.100
demo-1781204905111-4629,Unknown,29850.500,29850.500,29850.500,0.000,0.000,0.000
demo-1781204905111-4628,AGN,29850.500,29850.500,29850.500,0.000,0.000,0.000
demo-1781204905111-4627,RR Lyrae,29850.400,29850.400,29850.500,0.000,0.100,0.100
demo-1781204905111-4626,RR Lyrae,29850.400,29850.400,29850.400,0.000,0.000,0.000
demo-1781204905111-4625,Mira,29850.200,29850.200,29850.300,0.000,0.100,0.100
demo-1781204905111-4624,RR Lyrae,29850.200,29850.200,29850.200,0.000,0.000,0.000
demo-1781204905111-4623,SN Ic,29850.200,29850.200,29850.200,0.000,0.000,0.000
demo-1781204905094-4622,QSO,29833.900,29833.900,29833.900,0.000,0.000,0.000
demo-1781204905094-4621,RR Lyrae,29833.800,29833.800,29833.900,0.000,0.100,0.100
demo-1781204905094-4620,Mira,29833.800,29833.800,29833.800,0.000,0.000,0.000
demo-1781204905094-4619,SN II,29833.700,29833.700,29833.800,0.000,0.100,0.100
demo-1781204905094-4618,Mira,29833.700,29833.700,29833.700,0.000,0.000,0.000
demo-1781204905094-4617,Unknown,29833.500,29833.500,29833.700,0.000,0.200,0.200
demo-1781204905094-4616,RR Lyrae,29833.500,29833.500,29833.500,0.000,0.000,0.000
demo-1781204905094-4615,RR Lyrae,29833.500,29833.500,29833.500,0.000,0.000,0.000
demo-1781204905094-4614,Mira,29833.400,29833.400,29833.500,0.000,0.100,0.100
demo-1781204905086-4613,Mira,29825.500,29825.500,29825.700,0.000,0.200,0.200
demo-1781204905086-4612,Unknown,29825.500,29825.500,29825.500,0.000,0.000,0.000
demo-1781204905086-4611,RR Lyrae,29825.500,29825.500,29825.500,0.000,0.000,0.000
demo-1781204905086-4610,Unknown,29825.300,29825.300,29825.500,0.000,0.200,0.200
demo-1781204905086-4609,AGN,29825.200,29825.300,29825.300,0.100,0.000,0.100
demo-1781204905086-4608,QSO,29825.200,29825.200,29825.200,0.000,0.000,0.000
demo-1781204905086-4607,AGN,29825.100,29825.100,29825.200,0.000,0.100,0.100
demo-1781204905085-4606,RR Lyrae,29825.000,29825.000,29825.100,0.000,0.100,0.100
demo-1781204905085-4605,RR Lyrae,29824.900,29824.900,29825.000,0.000,0.100,0.100
demo-1781204905082-4604,RR Lyrae,29821.200,29821.200,29821.300,0.000,0.100,0.100
demo-1781204905082-4603,SN Ia,29821.200,29821.200,29821.200,0.000,0.000,0.000
demo-1781204905082-4602,SN II,29821.100,29821.100,29821.200,0.000,0.100,0.100
demo-1781204905082-4601,Unknown,29821.100,29821.100,29821.100,0.000,0.000,0.000
demo-1781204905081-4600,AGN,29821.000,29821.000,29821.000,0.000,0.000,0.000
demo-1781204905081-4599,LPV,29821.000,29821.000,29821.000,0.000,0.000,0.000
demo-1781204905081-4598,QSO,29820.900,29820.900,29821.000,0.000,0.100,0.100
demo-1781204905081-4597,RR Lyrae,29820.800,29820.800,29820.900,0.000,0.100,0.100
demo-1781204905081-4596,SN II,29820.700,29820.700,29820.800,0.000,0.100,0.100
demo-1781204904994-4595,QSO,29734.000,29734.000,29734.000,0.000,0.000,0.000
demo-1781204904994-4594,SN Ia,29733.900,29733.900,29734.000,0.000,0.100,0.100
demo-1781204904994-4593,Mira,29733.900,29733.900,29733.900,0.000,0.000,0.000
demo-1781204904994-4592,QSO,29733.800,29733.800,29733.900,0.000,0.100,0.100
demo-1781204904994-4591,Cepheid,29733.700,29733.700,29733.800,0.000,0.100,0.100
demo-1781204904994-4590,AGN,29733.700,29733.700,29733.700,0.000,0.000,0.000
demo-1781204904994-4589,AGN,29733.500,29733.500,29733.600,0.000,0.100,0.100
demo-1781204904994-4588,Mira,29733.500,29733.500,29733.500,0.000,0.000,0.000
demo-1781204904994-4587,AGN,29733.400,29733.500,29733.500,0.100,0.000,0.100
demo-1781204904978-4586,RR Lyrae,29717.200,29717.200,29717.200,0.000,0.000,0.000
demo-1781204904978-4585,SN Ia,29717.100,29717.100,29717.200,0.000,0.100,0.100
demo-1781204904978-4584,RR Lyrae,29717.100,29717.100,29717.100,0.000,0.000,0.000
demo-1781204904978-4583,Unknown,29717.100,29717.100,29717.100,0.000,0.000,0.000
demo-1781204904977-4582,RR Lyrae,29717.000,29717.000,29717.100,0.000,0.100,0.100
demo-1781204904977-4581,RR Lyrae,29716.900,29716.900,29717.000,0.000,0.100,0.100
demo-1781204904977-4580,Unknown,29716.900,29716.900,29716.900,0.000,0.000,0.000
demo-1781204904977-4579,AGN,29716.900,29716.900,29716.900,0.000,0.000,0.000
demo-1781204904977-4578,Mira,29716.700,29716.700,29716.900,0.000,0.200,0.200
demo-1781204904961-4577,Mira,29700.500,29700.600,29700.600,0.100,0.000,0.100
demo-1781204904961-4576,RR Lyrae,29700.500,29700.500,29700.500,0.000,0.000,0.000
demo-1781204904961-4575,RR Lyrae,29700.400,29700.400,29700.500,0.000,0.100,0.100
demo-1781204904961-4574,AGN,29700.300,29700.300,29700.400,0.000,0.100,0.100
demo-1781204904961-4573,SN Ia,29700.200,29700.200,29700.300,0.000,0.100,0.100
demo-1781204904961-4572,SN Ia,29700.200,29700.200,29700.200,0.000,0.000,0.000
demo-1781204904961-4571,AGN,29700.200,29700.200,29700.200,0.000,0.000,0.000
demo-1781204904961-4570,RR Lyrae,29700.100,29700.100,29700.100,0.000,0.000,0.000
demo-1781204904960-4569,SN Ia,29700.000,29700.000,29700.100,0.000,0.100,0.100
demo-1781204904944-4568,AGN,29683.900,29683.900,29684.000,0.000,0.100,0.100
demo-1781204904944-4567,SN II,29683.800,29683.800,29683.900,0.000,0.100,0.100
demo-1781204904944-4566,RR Lyrae,29683.700,29683.700,29683.800,0.000,0.100,0.100
demo-1781204904944-4565,LPV,29683.700,29683.700,29683.700,0.000,0.000,0.000
demo-1781204904944-4564,LPV,29683.700,29683.700,29683.700,0.000,0.000,0.000
demo-1781204904944-4563,RR Lyrae,29683.600,29683.600,29683.700,0.000,0.100,0.100
demo-1781204904944-4562,RR Lyrae,29683.500,29683.500,29683.600,0.000,0.100,0.100
demo-1781204904944-4561,AGN,29683.500,29683.500,29683.500,0.000,0.000,0.000
demo-1781204904944-4560,Mira,29683.300,29683.300,29683.500,0.000,0.200,0.200
demo-1781204904928-4559,Unknown,29667.400,29667.400,29667.600,0.000,0.200,0.200
demo-1781204904928-4558,RR Lyrae,29667.400,29667.400,29667.400,0.000,0.000,0.000
demo-1781204904928-4557,Mira,29667.400,29667.400,29667.400,0.000,0.000,0.000
demo-1781204904928-4556,SN Ia,29667.300,29667.300,29667.400,0.000,0.100,0.100
demo-1781204904928-4555,Mira,29667.200,29667.300,29667.300,0.100,0.000,0.100
demo-1781204904928-4554,SN Ia,29667.200,29667.200,29667.200,0.000,0.000,0.000
demo-1781204904928-4553,AGN,29667.100,29667.100,29667.200,0.000,0.100,0.100
demo-1781204904927-4552,RR Lyrae,29667.000,29667.000,29667.100,0.000,0.100,0.100
demo-1781204904927-4551,SN II,29667.000,29667.000,29667.000,0.000,0.000,0.000
demo-1781204904911-4550,SN II,29650.900,29650.900,29650.900,0.000,0.000,0.000
demo-1781204904911-4549,Mira,29650.700,29650.700,29650.800,0.000,0.100,0.100
demo-1781204904911-4548,RR Lyrae,29650.700,29650.700,29650.700,0.000,0.000,0.000
demo-1781204904911-4547,AGN,29650.700,29650.700,29650.700,0.000,0.000,0.000
demo-1781204904911-4546,SN II,29650.600,29650.600,29650.700,0.000,0.100,0.100
demo-1781204904911-4545,AGN,29650.600,29650.600,29650.600,0.000,0.000,0.000
demo-1781204904911-4544,AGN,29650.500,29650.500,29650.600,0.000,0.100,0.100
demo-1781204904911-4543,RR Lyrae,29650.400,29650.400,29650.500,0.000,0.100,0.100
demo-1781204904911-4542,QSO,29650.300,29650.300,29650.400,0.000,0.100,0.100
demo-1781204904895-4541,RR Lyrae,29634.100,29634.100,29634.200,0.000,0.100,0.100
demo-1781204904895-4540,QSO,29634.100,29634.100,29634.100,0.000,0.000,0.000
demo-1781204904895-4539,RR Lyrae,29634.100,29634.100,29634.100,0.000,0.000,0.000
demo-1781204904894-4538,RR Lyrae,29634.000,29634.000,29634.100,0.000,0.100,0.100
demo-1781204904894-4537,RR Lyrae,29634.000,29634.000,29634.000,0.000,0.000,0.000
demo-1781204904894-4536,RR Lyrae,29633.900,29633.900,29634.000,0.000,0.100,0.100
demo-1781204904894-4535,Unknown,29633.800,29633.900,29633.900,0.100,0.000,0.100
demo-1781204904894-4534,Mira,29633.700,29633.700,29633.800,0.000,0.100,0.100
demo-1781204904894-4533,SN Ia,29633.600,29633.600,29633.700,0.000,0.100,0.100
demo-1781204904878-4532,AGN,29617.400,29617.400,29617.500,0.000,0.100,0.100
demo-1781204904878-4531,RR Lyrae,29617.400,29617.400,29617.400,0.000,0.000,0.000
demo-1781204904878-4530,QSO,29617.300,29617.300,29617.400,0.000,0.100,0.100
demo-1781204904878-4529,Cepheid,29617.200,29617.200,29617.300,0.000,0.100,0.100
demo-1781204904878-4528,RR Lyrae,29617.100,29617.100,29617.200,0.000,0.100,0.100
demo-1781204904877-4527,RR Lyrae,29617.000,29617.000,29617.100,0.000,0.100,0.100
demo-1781204904877-4526,Mira,29616.900,29616.900,29617.000,0.000,0.100,0.100
demo-1781204904877-4525,RR Lyrae,29616.800,29616.800,29616.900,0.000,0.100,0.100
demo-1781204904877-4524,SN Ia,29616.700,29616.700,29616.800,0.000,0.100,0.100
demo-1781204904861-4523,SN Ia,29600.600,29600.600,29600.600,0.000,0.000,0.000
demo-1781204904861-4522,Mira,29600.500,29600.500,29600.600,0.000,0.100,0.100
demo-1781204904861-4521,RR Lyrae,29600.400,29600.400,29600.500,0.000,0.100,0.100
demo-1781204904861-4520,LPV,29600.400,29600.400,29600.400,0.000,0.000,0.000
demo-1781204904861-4519,RR Lyrae,29600.300,29600.300,29600.400,0.000,0.100,0.100
demo-1781204904861-4518,Unknown,29600.200,29600.200,29600.300,0.000,0.100,0.100
demo-1781204904861-4517,Mira,29600.100,29600.100,29600.200,0.000,0.100,0.100
demo-1781204904861-4516,AGN,29600.100,29600.100,29600.100,0.000,0.000,0.000
demo-1781204904860-4515,RR Lyrae,29600.000,29600.000,29600.100,0.000,0.100,0.100
demo-1781204904844-4514,SN II,29584.000,29584.000,29584.000,0.000,0.000,0.000
demo-1781204904844-4513,RR Lyrae,29584.000,29584.000,29584.000,0.000,0.000,0.000
demo-1781204904844-4512,AGN,29583.900,29583.900,29584.000,0.000,0.100,0.100
demo-1781204904844-4511,Unknown,29583.800,29583.800,29583.900,0.000,0.100,0.100
demo-1781204904844-4510,RR Lyrae,29583.800,29583.800,29583.800,0.000,0.000,0.000
demo-1781204904844-4509,Mira,29583.800,29583.800,29583.800,0.000,0.000,0.000
demo-1781204904844-4508,QSO,29583.600,29583.600,29583.800,0.000,0.200,0.200
demo-1781204904844-4507,AGN,29583.600,29583.600,29583.600,0.000,0.000,0.000
demo-1781204904844-4506,LPV,29583.500,29583.500,29583.600,0.000,0.100,0.100
demo-1781204904833-4505,QSO,29572.200,29572.200,29572.300,0.000,0.100,0.100
demo-1781204904833-4504,Unknown,29572.100,29572.100,29572.200,0.000,0.100,0.100
demo-1781204904833-4503,AGN,29572.100,29572.100,29572.100,0.000,0.000,0.000
demo-1781204904832-4502,AGN,29572.000,29572.000,29572.100,0.000,0.100,0.100
demo-1781204904832-4501,RR Lyrae,29572.000,29572.000,29572.000,0.000,0.000,0.000
demo-1781204904832-4500,AGN,29571.900,29571.900,29572.000,0.000,0.100,0.100
demo-1781204904831-4499,SN II,29570.500,29570.500,29571.900,0.000,1.400,1.400
demo-1781204904831-4498,RR Lyrae,29570.500,29570.500,29570.500,0.000,0.000,0.000
demo-1781204904831-4497,SN Ic,29570.300,29570.300,29570.500,0.000,0.200,0.200
demo-1781204904827-4496,LPV,29566.500,29566.500,29566.500,0.000,0.000,0.000
demo-1781204904827-4495,AGN,29566.400,29566.400,29566.500,0.000,0.100,0.100
demo-1781204904827-4494,Mira,29566.300,29566.300,29566.400,0.000,0.100,0.100
demo-1781204904827-4493,Mira,29566.300,29566.300,29566.300,0.000,0.000,0.000
demo-1781204904827-4492,Mira,29566.200,29566.200,29566.300,0.000,0.100,0.100
demo-1781204904827-4491,SN Ia,29566.200,29566.200,29566.200,0.000,0.000,0.000
demo-1781204904827-4490,AGN,29566.200,29566.200,29566.200,0.000,0.000,0.000
demo-1781204904827-4489,AGN,29566.100,29566.100,29566.100,0.000,0.000,0.000
demo-1781204904826-4488,RR Lyrae,29566.000,29566.000,29566.000,0.000,0.000,0.000
demo-1781204904745-4487,SN Ia,29484.100,29484.100,29484.200,0.000,0.100,0.100
demo-1781204904744-4486,SN Ia,29484.000,29484.000,29484.100,0.000,0.100,0.100
demo-1781204904744-4485,RR Lyrae,29484.000,29484.000,29484.000,0.000,0.000,0.000
demo-1781204904744-4484,Mira,29483.900,29483.900,29484.000,0.000,0.100,0.100
demo-1781204904744-4483,RR Lyrae,29483.800,29483.800,29483.900,0.000,0.100,0.100
demo-1781204904744-4482,Mira,29483.700,29483.700,29483.800,0.000,0.100,0.100
demo-1781204904744-4481,Unknown,29483.700,29483.700,29483.700,0.000,0.000,0.000
demo-1781204904744-4480,RR Lyrae,29483.600,29483.600,29483.600,0.000,0.000,0.000
demo-1781204904744-4479,RR Lyrae,29483.500,29483.500,29483.500,0.000,0.000,0.000
demo-1781204904728-4478,Cepheid,29467.200,29467.300,29467.400,0.100,0.100,0.200
demo-1781204904728-4477,Mira,29467.200,29467.200,29467.200,0.000,0.000,0.000
demo-1781204904728-4476,Unknown,29467.200,29467.200,29467.200,0.000,0.000,0.000
demo-1781204904728-4475,Mira,29467.100,29467.100,29467.200,0.000,0.100,0.100
demo-1781204904727-4474,RR Lyrae,29467.000,29467.000,29467.100,0.000,0.100,0.100
demo-1781204904727-4473,Mira,29467.000,29467.000,29467.000,0.000,0.000,0.000
demo-1781204904727-4472,Cepheid,29466.900,29466.900,29466.900,0.000,0.000,0.000
demo-1781204904727-4471,Mira,29466.900,29466.900,29466.900,0.000,0.000,0.000
demo-1781204904727-4470,Unknown,29466.800,29466.800,29466.900,0.000,0.100,0.100
demo-1781204904711-4469,AGN,29450.500,29450.500,29450.500,0.000,0.000,0.000
demo-1781204904711-4468,RR Lyrae,29450.400,29450.400,29450.500,0.000,0.100,0.100
demo-1781204904711-4467,AGN,29450.400,29450.400,29450.400,0.000,0.000,0.000
demo-1781204904711-4466,RR Lyrae,29450.400,29450.400,29450.400,0.000,0.000,0.000
demo-1781204904711-4465,Unknown,29450.300,29450.300,29450.400,0.000,0.100,0.100
demo-1781204904711-4464,Unknown,29450.200,29450.200,29450.300,0.000,0.100,0.100
demo-1781204904711-4463,SN Ia,29450.200,29450.200,29450.200,0.000,0.000,0.000
demo-1781204904711-4462,RR Lyrae,29450.100,29450.200,29450.200,0.100,0.000,0.100
demo-1781204904711-4461,Mira,29450.000,29450.000,29450.100,0.000,0.100,0.100
demo-1781204904694-4460,Cepheid,29433.800,29433.800,29433.800,0.000,0.000,0.000
demo-1781204904694-4459,Cepheid,29433.700,29433.700,29433.800,0.000,0.100,0.100
demo-1781204904694-4458,Cepheid,29433.700,29433.700,29433.700,0.000,0.000,0.000
demo-1781204904694-4457,QSO,29433.600,29433.600,29433.700,0.000,0.100,0.100
demo-1781204904694-4456,RR Lyrae,29433.500,29433.500,29433.600,0.000,0.100,0.100
demo-1781204904694-4455,SN II,29433.500,29433.500,29433.500,0.000,0.000,0.000
demo-1781204904694-4454,AGN,29433.500,29433.500,29433.500,0.000,0.000,0.000
demo-1781204904694-4453,RR Lyrae,29433.400,29433.400,29433.500,0.000,0.100,0.100
demo-1781204904694-4452,Unknown,29433.300,29433.300,29433.400,0.000,0.100,0.100
demo-1781204904678-4451,Mira,29417.200,29417.200,29417.200,0.000,0.000,0.000
demo-1781204904678-4450,RR Lyrae,29417.100,29417.100,29417.200,0.000,0.100,0.100
demo-1781204904678-4449,RR Lyrae,29417.100,29417.100,29417.100,0.000,0.000,0.000
demo-1781204904677-4448,RR Lyrae,29417.100,29417.100,29417.100,0.000,0.000,0.000
demo-1781204904677-4447,RR Lyrae,29417.000,29417.000,29417.100,0.000,0.100,0.100
demo-1781204904677-4446,SN Ib,29417.000,29417.000,29417.000,0.000,0.000,0.000
demo-1781204904677-4445,AGN,29416.900,29416.900,29417.000,0.000,0.100,0.100
demo-1781204904677-4444,RR Lyrae,29416.800,29416.800,29416.900,0.000,0.100,0.100
demo-1781204904677-4443,RR Lyrae,29416.800,29416.800,29416.800,0.000,0.000,0.000
demo-1781204904661-4442,RR Lyrae,29400.700,29400.700,29400.700,0.000,0.000,0.000
demo-1781204904661-4441,Mira,29400.600,29400.600,29400.600,0.000,0.000,0.000
demo-1781204904661-4440,SN Ia,29400.600,29400.600,29400.600,0.000,0.000,0.000
demo-1781204904661-4439,Unknown,29400.400,29400.400,29400.600,0.000,0.200,0.200
demo-1781204904661-4438,RR Lyrae,29400.400,29400.400,29400.400,0.000,0.000,0.000
demo-1781204904661-4437,SN Ia,29400.300,29400.300,29400.400,0.000,0.100,0.100
demo-1781204904661-4436,Mira,29400.300,29400.300,29400.300,0.000,0.000,0.000
demo-1781204904661-4435,RR Lyrae,29400.300,29400.300,29400.300,0.000,0.000,0.000
demo-1781204904661-4434,LPV,29400.100,29400.200,29400.300,0.100,0.100,0.200
demo-1781204904645-4433,RR Lyrae,29384.100,29384.100,29384.200,0.000,0.100,0.100
demo-1781204904644-4432,SN Ia,29384.100,29384.100,29384.100,0.000,0.000,0.000
demo-1781204904644-4431,AGN,29384.000,29384.000,29384.100,0.000,0.100,0.100
demo-1781204904644-4430,Cepheid,29383.900,29383.900,29384.000,0.000,0.100,0.100
demo-1781204904644-4429,RR Lyrae,29383.900,29383.900,29383.900,0.000,0.000,0.000
demo-1781204904644-4428,QSO,29383.800,29383.800,29383.800,0.000,0.000,0.000
demo-1781204904644-4427,Mira,29383.700,29383.700,29383.800,0.000,0.100,0.100
demo-1781204904644-4426,QSO,29383.700,29383.700,29383.700,0.000,0.000,0.000
demo-1781204904644-4425,RR Lyrae,29383.600,29383.600,29383.700,0.000,0.100,0.100
demo-1781204904628-4424,RR Lyrae,29367.500,29367.500,29367.600,0.000,0.100,0.100
demo-1781204904628-4423,RR Lyrae,29367.400,29367.400,29367.500,0.000,0.100,0.100
demo-1781204904628-4422,LPV,29367.300,29367.400,29367.400,0.100,0.000,0.100
demo-1781204904628-4421,SN II,29367.300,29367.300,29367.300,0.000,0.000,0.000
demo-1781204904628-4420,RR Lyrae,29367.300,29367.300,29367.300,0.000,0.000,0.000
demo-1781204904628-4419,RR Lyrae,29367.200,29367.200,29367.200,0.000,0.000,0.000
demo-1781204904628-4418,SN II,29367.100,29367.100,29367.200,0.000,0.100,0.100
demo-1781204904627-4417,RR Lyrae,29367.100,29367.100,29367.100,0.000,0.000,0.000
demo-1781204904627-4416,Mira,29367.000,29367.000,29367.000,0.000,0.000,0.000
demo-1781204904611-4415,RR Lyrae,29350.600,29350.600,29350.700,0.000,0.100,0.100
demo-1781204904611-4414,AGN,29350.600,29350.600,29350.600,0.000,0.000,0.000
demo-1781204904611-4413,LPV,29350.500,29350.500,29350.600,0.000,0.100,0.100
demo-1781204904611-4412,Unknown,29350.400,29350.400,29350.500,0.000,0.100,0.100
demo-1781204904611-4411,QSO,29350.400,29350.400,29350.400,0.000,0.000,0.000
demo-1781204904611-4410,RR Lyrae,29350.300,29350.300,29350.400,0.000,0.100,0.100
demo-1781204904611-4409,Mira,29350.300,29350.300,29350.300,0.000,0.000,0.000
demo-1781204904611-4408,Mira,29350.200,29350.200,29350.200,0.000,0.000,0.000
demo-1781204904610-4407,QSO,29350.100,29350.100,29350.200,0.000,0.100,0.100
demo-1781204904595-4406,AGN,29334.200,29334.200,29334.300,0.000,0.100,0.100
demo-1781204904595-4405,RR Lyrae,29334.100,29334.100,29334.100,0.000,0.000,0.000
demo-1781204904595-4404,RR Lyrae,29334.100,29334.100,29334.100,0.000,0.000,0.000
demo-1781204904594-4403,RR Lyrae,29334.000,29334.000,29334.100,0.000,0.100,0.100
demo-1781204904594-4402,AGN,29333.900,29333.900,29333.900,0.000,0.000,0.000
demo-1781204904594-4401,SN Ic,29333.900,29333.900,29333.900,0.000,0.000,0.000
demo-1781204904594-4400,AGN,29333.700,29333.800,29333.900,0.100,0.100,0.200
demo-1781204904594-4399,RR Lyrae,29333.700,29333.700,29333.700,0.000,0.000,0.000
demo-1781204904594-4398,RR Lyrae,29333.600,29333.600,29333.700,0.000,0.100,0.100
demo-1781204904582-4397,RR Lyrae,29321.400,29321.400,29321.500,0.000,0.100,0.100
demo-1781204904582-4396,RR Lyrae,29321.300,29321.300,29321.400,0.000,0.100,0.100
demo-1781204904582-4395,RR Lyrae,29321.200,29321.200,29321.300,0.000,0.100,0.100
demo-1781204904582-4394,AGN,29321.200,29321.200,29321.200,0.000,0.000,0.000
demo-1781204904582-4393,RR Lyrae,29321.200,29321.200,29321.200,0.000,0.000,0.000
demo-1781204904582-4392,SN Ia,29321.100,29321.100,29321.200,0.000,0.100,0.100
demo-1781204904581-4391,SN II,29321.000,29321.000,29321.100,0.000,0.100,0.100
demo-1781204904581-4390,Unknown,29321.000,29321.000,29321.000,0.000,0.000,0.000
demo-1781204904581-4389,SN II,29320.800,29320.800,29321.000,0.000,0.200,0.200
demo-1781204904577-4388,AGN,29316.900,29316.900,29316.900,0.000,0.000,0.000
demo-1781204904577-4387,RR Lyrae,29316.800,29316.800,29316.900,0.000,0.100,0.100
demo-1781204904577-4386,QSO,29316.800,29316.800,29316.800,0.000,0.000,0.000
demo-1781204904577-4385,Unknown,29316.600,29316.600,29316.700,0.000,0.100,0.100
demo-1781204904577-4384,SN Ia,29316.600,29316.600,29316.600,0.000,0.000,0.000
demo-1781204904577-4383,AGN,29316.600,29316.600,29316.600,0.000,0.000,0.000
demo-1781204904577-4382,Mira,29316.400,29316.400,29316.600,0.000,0.200,0.200
demo-1781204904577-4381,AGN,29316.400,29316.400,29316.400,0.000,0.000,0.000
demo-1781204904577-4380,QSO,29316.300,29316.300,29316.400,0.000,0.100,0.100
demo-1781204904495-4379,RR Lyrae,29234.100,29234.100,29234.100,0.000,0.000,0.000
demo-1781204904495-4378,Mira,29234.100,29234.100,29234.100,0.000,0.000,0.000
demo-1781204904494-4377,Mira,29234.000,29234.000,29234.100,0.000,0.100,0.100
demo-1781204904494-4376,Cepheid,29233.900,29233.900,29233.900,0.000,0.000,0.000
demo-1781204904494-4375,Mira,29233.800,29233.800,29233.900,0.000,0.100,0.100
demo-1781204904494-4374,Mira,29233.800,29233.800,29233.800,0.000,0.000,0.000
demo-1781204904494-4373,SN Ia,29233.700,29233.700,29233.800,0.000,0.100,0.100
demo-1781204904494-4372,SN Ic,29233.600,29233.600,29233.700,0.000,0.100,0.100
demo-1781204904494-4371,RR Lyrae,29233.500,29233.500,29233.600,0.000,0.100,0.100
demo-1781204904478-4370,SN II,29217.400,29217.400,29217.500,0.000,0.100,0.100
demo-1781204904478-4369,Unknown,29217.400,29217.400,29217.400,0.000,0.000,0.000
demo-1781204904478-4368,QSO,29217.200,29217.200,29217.300,0.000,0.100,0.100
demo-1781204904478-4367,RR Lyrae,29217.200,29217.200,29217.200,0.000,0.000,0.000
demo-1781204904478-4366,RR Lyrae,29217.100,29217.100,29217.100,0.000,0.000,0.000
demo-1781204904477-4365,AGN,29217.100,29217.100,29217.100,0.000,0.000,0.000
demo-1781204904477-4364,Cepheid,29217.000,29217.000,29217.100,0.000,0.100,0.100
demo-1781204904477-4363,QSO,29216.900,29216.900,29217.000,0.000,0.100,0.100
demo-1781204904477-4362,AGN,29216.800,29216.800,29216.800,0.000,0.000,0.000
demo-1781204904461-4361,Cepheid,29200.700,29200.700,29200.800,0.000,0.100,0.100
demo-1781204904461-4360,AGN,29200.700,29200.700,29200.700,0.000,0.000,0.000
demo-1781204904461-4359,AGN,29200.700,29200.700,29200.700,0.000,0.000,0.000
demo-1781204904461-4358,QSO,29200.500,29200.500,29200.700,0.000,0.200,0.200
demo-1781204904461-4357,Unknown,29200.500,29200.500,29200.500,0.000,0.000,0.000
demo-1781204904461-4356,SN Ia,29200.500,29200.500,29200.500,0.000,0.000,0.000
demo-1781204904461-4355,SN Ia,29200.400,29200.400,29200.500,0.000,0.100,0.100
demo-1781204904461-4354,AGN,29200.200,29200.200,29200.300,0.000,0.100,0.100
demo-1781204904461-4353,Cepheid,29200.200,29200.200,29200.200,0.000,0.000,0.000
demo-1781204904447-4352,Mira,29186.800,29186.800,29186.900,0.000,0.100,0.100
demo-1781204904447-4351,AGN,29186.800,29186.800,29186.800,0.000,0.000,0.000
demo-1781204904447-4350,AGN,29186.700,29186.700,29186.800,0.000,0.100,0.100
demo-1781204904447-4349,SN II,29186.700,29186.700,29186.700,0.000,0.000,0.000
demo-1781204904447-4348,RR Lyrae,29186.600,29186.600,29186.700,0.000,0.100,0.100
demo-1781204904447-4347,SN Ia,29186.500,29186.500,29186.600,0.000,0.100,0.100
demo-1781204904447-4346,AGN,29186.500,29186.500,29186.500,0.000,0.000,0.000
demo-1781204904447-4345,SN Ia,29186.400,29186.400,29186.500,0.000,0.100,0.100
demo-1781204904447-4344,Mira,29186.400,29186.400,29186.400,0.000,0.000,0.000
demo-1781204904428-4343,SN Ib,29167.200,29167.200,29167.200,0.000,0.000,0.000
demo-1781204904428-4342,Mira,29167.200,29167.200,29167.200,0.000,0.000,0.000
demo-1781204904428-4341,SN Ia,29167.100,29167.100,29167.100,0.000,0.000,0.000
demo-1781204904427-4340,SN Ia,29167.100,29167.100,29167.100,0.000,0.000,0.000
demo-1781204904427-4339,SN Ic,29167.000,29167.000,29167.000,0.000,0.000,0.000
demo-1781204904427-4338,QSO,29166.800,29166.900,29166.900,0.100,0.000,0.100
demo-1781204904427-4337,RR Lyrae,29166.800,29166.800,29166.800,0.000,0.000,0.000
demo-1781204904427-4336,Mira,29166.800,29166.800,29166.800,0.000,0.000,0.000
demo-1781204904427-4335,AGN,29166.700,29166.700,29166.800,0.000,0.100,0.100
demo-1781204904411-4334,RR Lyrae,29150.500,29150.500,29150.500,0.000,0.000,0.000
demo-1781204904411-4333,RR Lyrae,29150.500,29150.500,29150.500,0.000,0.000,0.000
demo-1781204904411-4332,Cepheid,29150.400,29150.400,29150.500,0.000,0.100,0.100
demo-1781204904411-4331,RR Lyrae,29150.300,29150.300,29150.400,0.000,0.100,0.100
demo-1781204904411-4330,RR Lyrae,29150.300,29150.300,29150.300,0.000,0.000,0.000
demo-1781204904411-4329,Mira,29150.200,29150.200,29150.300,0.000,0.100,0.100
demo-1781204904411-4328,AGN,29150.100,29150.100,29150.200,0.000,0.100,0.100
demo-1781204904411-4327,AGN,29150.100,29150.100,29150.100,0.000,0.000,0.000
demo-1781204904410-4326,SN II,29150.000,29150.000,29150.100,0.000,0.100,0.100
demo-1781204904394-4325,Mira,29134.000,29134.000,29134.000,0.000,0.000,0.000
demo-1781204904394-4324,SN Ia,29133.900,29133.900,29134.000,0.000,0.100,0.100
demo-1781204904394-4323,AGN,29133.900,29133.900,29133.900,0.000,0.000,0.000
demo-1781204904394-4322,RR Lyrae,29133.800,29133.800,29133.900,0.000,0.100,0.100
demo-1781204904394-4321,RR Lyrae,29133.800,29133.800,29133.800,0.000,0.000,0.000
demo-1781204904394-4320,SN Ib,29133.800,29133.800,29133.800,0.000,0.000,0.000
demo-1781204904394-4319,RR Lyrae,29133.700,29133.700,29133.800,0.000,0.100,0.100
demo-1781204904394-4318,Unknown,29133.700,29133.700,29133.700,0.000,0.000,0.000
demo-1781204904394-4317,RR Lyrae,29133.600,29133.600,29133.700,0.000,0.100,0.100
demo-1781204904380-4316,RR Lyrae,29120.100,29120.100,29120.200,0.000,0.100,0.100
demo-1781204904380-4315,AGN,29120.000,29120.000,29120.100,0.000,0.100,0.100
demo-1781204904380-4314,SN Ia,29120.000,29120.000,29120.000,0.000,0.000,0.000
demo-1781204904380-4313,SN II,29119.900,29119.900,29120.000,0.000,0.100,0.100
demo-1781204904380-4312,RR Lyrae,29119.800,29119.800,29119.900,0.000,0.100,0.100
demo-1781204904380-4311,RR Lyrae,29119.800,29119.800,29119.800,0.000,0.000,0.000
demo-1781204904380-4310,RR Lyrae,29119.700,29119.700,29119.800,0.000,0.100,0.100
demo-1781204904380-4309,AGN,29119.700,29119.700,29119.700,0.000,0.000,0.000
demo-1781204904380-4308,RR Lyrae,29119.600,29119.600,29119.700,0.000,0.100,0.100
demo-1781204904372-4307,SN Ic,29111.500,29111.500,29111.600,0.000,0.100,0.100
demo-1781204904372-4306,Cepheid,29111.500,29111.500,29111.500,0.000,0.000,0.000
demo-1781204904372-4305,LPV,29111.400,29111.400,29111.400,0.000,0.000,0.000
demo-1781204904372-4304,Cepheid,29111.400,29111.400,29111.400,0.000,0.000,0.000
demo-1781204904372-4303,AGN,29111.300,29111.300,29111.400,0.000,0.100,0.100
demo-1781204904372-4302,AGN,29111.300,29111.300,29111.300,0.000,0.000,0.000
demo-1781204904372-4301,Cepheid,29111.200,29111.200,29111.300,0.000,0.100,0.100
demo-1781204904372-4300,Mira,29111.100,29111.100,29111.200,0.000,0.100,0.100
demo-1781204904371-4299,Mira,29111.000,29111.000,29111.100,0.000,0.100,0.100
demo-1781204904355-4298,AGN,29094.200,29094.300,29094.400,0.100,0.100,0.200
demo-1781204904355-4297,RR Lyrae,29094.100,29094.100,29094.200,0.000,0.100,0.100
demo-1781204904354-4296,Mira,29094.000,29094.000,29094.100,0.000,0.100,0.100
demo-1781204904354-4295,Unknown,29093.900,29093.900,29094.000,0.000,0.100,0.100
demo-1781204904354-4294,RR Lyrae,29093.800,29093.800,29093.900,0.000,0.100,0.100
demo-1781204904354-4293,RR Lyrae,29093.800,29093.800,29093.800,0.000,0.000,0.000
demo-1781204904354-4292,Unknown,29093.700,29093.700,29093.800,0.000,0.100,0.100
demo-1781204904354-4291,SN Ia,29093.600,29093.700,29093.700,0.100,0.000,0.100
demo-1781204904354-4290,Cepheid,29093.400,29093.400,29093.600,0.000,0.200,0.200
demo-1781204904336-4289,RR Lyrae,29075.400,29075.400,29075.500,0.000,0.100,0.100
demo-1781204904336-4288,AGN,29075.400,29075.400,29075.400,0.000,0.000,0.000
demo-1781204904336-4287,Mira,29075.300,29075.300,29075.400,0.000,0.100,0.100
demo-1781204904336-4286,Mira,29075.200,29075.200,29075.300,0.000,0.100,0.100
demo-1781204904336-4285,Mira,29075.100,29075.100,29075.200,0.000,0.100,0.100
demo-1781204904336-4284,RR Lyrae,29075.100,29075.100,29075.100,0.000,0.000,0.000
demo-1781204904335-4283,LPV,29075.000,29075.000,29075.000,0.000,0.000,0.000
demo-1781204904335-4282,RR Lyrae,29074.900,29074.900,29075.000,0.000,0.100,0.100
demo-1781204904335-4281,AGN,29074.800,29074.800,29074.900,0.000,0.100,0.100
demo-1781204904328-4280,SN II,29067.600,29067.600,29067.700,0.000,0.100,0.100
demo-1781204904328-4279,Unknown,29067.600,29067.600,29067.600,0.000,0.000,0.000
demo-1781204904328-4278,AGN,29067.500,29067.500,29067.600,0.000,0.100,0.100
demo-1781204904328-4277,SN Ib,29067.400,29067.400,29067.500,0.000,0.100,0.100
demo-1781204904328-4276,RR Lyrae,29067.400,29067.400,29067.400,0.000,0.000,0.000
demo-1781204904328-4275,Cepheid,29067.300,29067.300,29067.400,0.000,0.100,0.100
demo-1781204904328-4274,RR Lyrae,29067.200,29067.200,29067.300,0.000,0.100,0.100
demo-1781204904328-4273,RR Lyrae,29067.200,29067.200,29067.200,0.000,0.000,0.000
demo-1781204904327-4272,LPV,29067.000,29067.000,29067.200,0.000,0.200,0.200
demo-1781204904245-4271,SN Ia,28984.100,28984.100,28984.200,0.000,0.100,0.100
demo-1781204904245-4270,AGN,28984.000,28984.000,28984.100,0.000,0.100,0.100
demo-1781204904244-4269,Mira,28984.000,28984.000,28984.000,0.000,0.000,0.000
demo-1781204904244-4268,SN Ia,28983.900,28983.900,28984.000,0.000,0.100,0.100
demo-1781204904244-4267,RR Lyrae,28983.900,28983.900,28983.900,0.000,0.000,0.000
demo-1781204904244-4266,LPV,28983.700,28983.700,28983.900,0.000,0.200,0.200
demo-1781204904244-4265,RR Lyrae,28983.700,28983.700,28983.700,0.000,0.000,0.000
demo-1781204904244-4264,SN Ia,28983.700,28983.700,28983.700,0.000,0.000,0.000
demo-1781204904244-4263,RR Lyrae,28983.500,28983.500,28983.600,0.000,0.100,0.100
demo-1781204904228-4262,AGN,28967.500,28967.500,28967.600,0.000,0.100,0.100
demo-1781204904228-4261,SN Ia,28967.500,28967.500,28967.500,0.000,0.000,0.000
demo-1781204904228-4260,RR Lyrae,28967.400,28967.400,28967.500,0.000,0.100,0.100
demo-1781204904228-4259,RR Lyrae,28967.300,28967.300,28967.400,0.000,0.100,0.100
demo-1781204904228-4258,Cepheid,28967.200,28967.200,28967.300,0.000,0.100,0.100
demo-1781204904228-4257,Mira,28967.200,28967.200,28967.200,0.000,0.000,0.000
demo-1781204904228-4256,RR Lyrae,28967.000,28967.000,28967.200,0.000,0.200,0.200
demo-1781204904227-4255,Unknown,28967.000,28967.000,28967.000,0.000,0.000,0.000
demo-1781204904227-4254,AGN,28966.900,28966.900,28967.000,0.000,0.100,0.100
demo-1781204904211-4253,Unknown,28950.800,28950.800,28950.900,0.000,0.100,0.100
demo-1781204904211-4252,Mira,28950.700,28950.700,28950.800,0.000,0.100,0.100
demo-1781204904211-4251,Unknown,28950.600,28950.600,28950.700,0.000,0.100,0.100
demo-1781204904211-4250,LPV,28950.600,28950.600,28950.600,0.000,0.000,0.000
demo-1781204904211-4249,RR Lyrae,28950.500,28950.500,28950.500,0.000,0.000,0.000
demo-1781204904211-4248,LPV,28950.300,28950.300,28950.500,0.000,0.200,0.200
demo-1781204904211-4247,LPV,28950.300,28950.300,28950.300,0.000,0.000,0.000
demo-1781204904211-4246,AGN,28950.200,28950.200,28950.300,0.000,0.100,0.100
demo-1781204904211-4245,Mira,28950.100,28950.100,28950.200,0.000,0.100,0.100
demo-1781204904195-4244,Unknown,28934.100,28934.100,28934.200,0.000,0.100,0.100
demo-1781204904194-4243,RR Lyrae,28934.000,28934.000,28934.100,0.000,0.100,0.100
demo-1781204904194-4242,Unknown,28934.000,28934.000,28934.000,0.000,0.000,0.000
demo-1781204904194-4241,RR Lyrae,28933.900,28933.900,28934.000,0.000,0.100,0.100
demo-1781204904194-4240,RR Lyrae,28933.800,28933.800,28933.900,0.000,0.100,0.100
demo-1781204904194-4239,QSO,28933.700,28933.700,28933.800,0.000,0.100,0.100
demo-1781204904194-4238,Mira,28933.500,28933.500,28933.700,0.000,0.200,0.200
demo-1781204904194-4237,Mira,28933.500,28933.500,28933.500,0.000,0.000,0.000
demo-1781204904194-4236,RR Lyrae,28933.400,28933.400,28933.500,0.000,0.100,0.100
demo-1781204904178-4235,SN Ia,28917.200,28917.200,28917.300,0.000,0.100,0.100
demo-1781204904178-4234,Mira,28917.200,28917.200,28917.200,0.000,0.000,0.000
demo-1781204904178-4233,AGN,28917.100,28917.100,28917.200,0.000,0.100,0.100
demo-1781204904177-4232,AGN,28917.000,28917.000,28917.100,0.000,0.100,0.100
demo-1781204904177-4231,QSO,28917.000,28917.000,28917.000,0.000,0.000,0.000
demo-1781204904177-4230,Mira,28916.900,28916.900,28917.000,0.000,0.100,0.100
demo-1781204904177-4229,RR Lyrae,28916.900,28916.900,28916.900,0.000,0.000,0.000
demo-1781204904177-4228,RR Lyrae,28916.800,28916.800,28916.800,0.000,0.000,0.000
demo-1781204904177-4227,Mira,28916.700,28916.700,28916.700,0.000,0.000,0.000
demo-1781204904161-4226,QSO,28900.500,28900.500,28900.600,0.000,0.100,0.100
demo-1781204904161-4225,RR Lyrae,28900.400,28900.400,28900.500,0.000,0.100,0.100
demo-1781204904161-4224,Mira,28900.400,28900.400,28900.400,0.000,0.000,0.000
demo-1781204904161-4223,RR Lyrae,28900.300,28900.300,28900.300,0.000,0.000,0.000
demo-1781204904161-4222,Mira,28900.200,28900.200,28900.300,0.000,0.100,0.100
demo-1781204904161-4221,SN Ia,28900.200,28900.200,28900.200,0.000,0.000,0.000
demo-1781204904161-4220,AGN,28900.100,28900.100,28900.200,0.000,0.100,0.100
demo-1781204904161-4219,Mira,28900.100,28900.100,28900.100,0.000,0.000,0.000
demo-1781204904160-4218,AGN,28900.000,28900.000,28900.000,0.000,0.000,0.000
demo-1781204904144-4217,RR Lyrae,28883.900,28883.900,28884.000,0.000,0.100,0.100
demo-1781204904144-4216,SN Ia,28883.900,28883.900,28883.900,0.000,0.000,0.000
demo-1781204904144-4215,AGN,28883.800,28883.800,28883.800,0.000,0.000,0.000
demo-1781204904144-4214,LPV,28883.800,28883.800,28883.800,0.000,0.000,0.000
demo-1781204904144-4213,LPV,28883.700,28883.700,28883.800,0.000,0.100,0.100
demo-1781204904144-4212,Cepheid,28883.600,28883.600,28883.700,0.000,0.100,0.100
demo-1781204904144-4211,RR Lyrae,28883.600,28883.600,28883.600,0.000,0.000,0.000
demo-1781204904144-4210,Mira,28883.400,28883.500,28883.600,0.100,0.100,0.200
demo-1781204904144-4209,RR Lyrae,28883.400,28883.400,28883.400,0.000,0.000,0.000
demo-1781204904128-4208,AGN,28867.300,28867.300,28867.300,0.000,0.000,0.000
demo-1781204904128-4207,RR Lyrae,28867.200,28867.200,28867.300,0.000,0.100,0.100
demo-1781204904128-4206,RR Lyrae,28867.200,28867.200,28867.200,0.000,0.000,0.000
demo-1781204904128-4205,SN II,28867.100,28867.100,28867.100,0.000,0.000,0.000
demo-1781204904127-4204,Unknown,28867.000,28867.000,28867.100,0.000,0.100,0.100
demo-1781204904127-4203,RR Lyrae,28867.000,28867.000,28867.000,0.000,0.000,0.000
demo-1781204904127-4202,RR Lyrae,28866.900,28866.900,28867.000,0.000,0.100,0.100
demo-1781204904127-4201,Unknown,28866.800,28866.800,28866.900,0.000,0.100,0.100
demo-1781204904127-4200,RR Lyrae,28866.700,28866.700,28866.800,0.000,0.100,0.100
demo-1781204904111-4199,RR Lyrae,28850.600,28850.700,28850.700,0.100,0.000,0.100
demo-1781204904111-4198,Unknown,28850.500,28850.500,28850.600,0.000,0.100,0.100
demo-1781204904111-4197,QSO,28850.500,28850.500,28850.500,0.000,0.000,0.000
demo-1781204904111-4196,SN II,28850.400,28850.400,28850.500,0.000,0.100,0.100
demo-1781204904111-4195,Mira,28850.400,28850.400,28850.400,0.000,0.000,0.000
demo-1781204904111-4194,Mira,28850.300,28850.300,28850.400,0.000,0.100,0.100
demo-1781204904111-4193,RR Lyrae,28850.200,28850.200,28850.300,0.000,0.100,0.100
demo-1781204904111-4192,RR Lyrae,28850.200,28850.200,28850.200,0.000,0.000,0.000
demo-1781204904111-4191,AGN,28850.100,28850.100,28850.200,0.000,0.100,0.100
demo-1781204904095-4190,Unknown,28834.100,28834.100,28834.200,0.000,0.100,0.100
demo-1781204904095-4189,RR Lyrae,28834.100,28834.100,28834.100,0.000,0.000,0.000
demo-1781204904094-4188,RR Lyrae,28834.100,28834.100,28834.100,0.000,0.000,0.000
demo-1781204904094-4187,Mira,28833.900,28833.900,28834.000,0.000,0.100,0.100
demo-1781204904094-4186,AGN,28833.900,28833.900,28833.900,0.000,0.000,0.000
demo-1781204904094-4185,AGN,28833.800,28833.800,28833.900,0.000,0.100,0.100
demo-1781204904094-4184,SN Ia,28833.800,28833.800,28833.800,0.000,0.000,0.000
demo-1781204904094-4183,AGN,28833.700,28833.700,28833.800,0.000,0.100,0.100
demo-1781204904094-4182,Mira,28833.500,28833.600,28833.700,0.100,0.100,0.200
demo-1781204904082-4181,RR Lyrae,28821.400,28821.400,28821.400,0.000,0.000,0.000
demo-1781204904082-4180,Mira,28821.300,28821.300,28821.400,0.000,0.100,0.100
demo-1781204904082-4179,AGN,28821.300,28821.300,28821.300,0.000,0.000,0.000
demo-1781204904082-4178,RR Lyrae,28821.200,28821.200,28821.300,0.000,0.100,0.100
demo-1781204904082-4177,RR Lyrae,28821.100,28821.100,28821.100,0.000,0.000,0.000
demo-1781204904082-4176,AGN,28821.100,28821.100,28821.100,0.000,0.000,0.000
demo-1781204904081-4175,AGN,28821.000,28821.000,28821.000,0.000,0.000,0.000
demo-1781204904081-4174,AGN,28820.900,28820.900,28821.000,0.000,0.100,0.100
demo-1781204904081-4173,Mira,28820.800,28820.800,28820.900,0.000,0.100,0.100
demo-1781204904078-4172,AGN,28817.000,28817.000,28817.200,0.000,0.200,0.200
demo-1781204904077-4171,SN Ic,28816.900,28817.000,28817.000,0.100,0.000,0.100
demo-1781204904077-4170,QSO,28816.900,28816.900,28816.900,0.000,0.000,0.000
demo-1781204904077-4169,Mira,28816.900,28816.900,28816.900,0.000,0.000,0.000
demo-1781204904077-4168,RR Lyrae,28816.700,28816.700,28816.900,0.000,0.200,0.200
demo-1781204904077-4167,RR Lyrae,28816.600,28816.700,28816.700,0.100,0.000,0.100
demo-1781204904077-4166,RR Lyrae,28816.600,28816.600,28816.600,0.000,0.000,0.000
demo-1781204904077-4165,Unknown,28816.500,28816.500,28816.500,0.000,0.000,0.000
demo-1781204904077-4164,Mira,28816.400,28816.400,28816.500,0.000,0.100,0.100
demo-1781204903994-4163,Unknown,28734.000,28734.000,28734.000,0.000,0.000,0.000
demo-1781204903994-4162,QSO,28733.900,28733.900,28734.000,0.000,0.100,0.100
demo-1781204903994-4161,Cepheid,28733.800,28733.800,28733.900,0.000,0.100,0.100
demo-1781204903994-4160,SN II,28733.800,28733.800,28733.800,0.000,0.000,0.000
demo-1781204903994-4159,RR Lyrae,28733.800,28733.800,28733.800,0.000,0.000,0.000
demo-1781204903994-4158,RR Lyrae,28733.600,28733.600,28733.800,0.000,0.200,0.200
demo-1781204903994-4157,AGN,28733.600,28733.600,28733.600,0.000,0.000,0.000
demo-1781204903994-4156,AGN,28733.500,28733.500,28733.600,0.000,0.100,0.100
demo-1781204903994-4155,SN Ia,28733.500,28733.500,28733.500,0.000,0.000,0.000
demo-1781204903978-4154,RR Lyrae,28717.400,28717.400,28717.400,0.000,0.000,0.000
demo-1781204903978-4153,QSO,28717.300,28717.300,28717.400,0.000,0.100,0.100
demo-1781204903978-4152,RR Lyrae,28717.200,28717.200,28717.300,0.000,0.100,0.100
demo-1781204903978-4151,Mira,28717.200,28717.200,28717.200,0.000,0.000,0.000
demo-1781204903978-4150,RR Lyrae,28717.100,28717.100,28717.100,0.000,0.000,0.000
demo-1781204903977-4149,SN II,28717.100,28717.100,28717.100,0.000,0.000,0.000
demo-1781204903977-4148,RR Lyrae,28717.000,28717.000,28717.100,0.000,0.100,0.100
demo-1781204903977-4147,Mira,28716.900,28716.900,28716.900,0.000,0.000,0.000
demo-1781204903977-4146,Cepheid,28716.800,28716.800,28716.800,0.000,0.000,0.000
demo-1781204903961-4145,AGN,28700.800,28700.800,28700.900,0.000,0.100,0.100
demo-1781204903961-4144,Mira,28700.800,28700.800,28700.800,0.000,0.000,0.000
demo-1781204903961-4143,RR Lyrae,28700.700,28700.700,28700.700,0.000,0.000,0.000
demo-1781204903961-4142,Mira,28700.600,28700.600,28700.700,0.000,0.100,0.100
demo-1781204903961-4141,SN Ic,28700.500,28700.500,28700.500,0.000,0.000,0.000
demo-1781204903961-4140,QSO,28700.500,28700.500,28700.500,0.000,0.000,0.000
demo-1781204903961-4139,QSO,28700.400,28700.400,28700.400,0.000,0.000,0.000
demo-1781204903961-4138,AGN,28700.200,28700.200,28700.400,0.000,0.200,0.200
demo-1781204903961-4137,SN II,28700.100,28700.100,28700.200,0.000,0.100,0.100
demo-1781204903944-4136,SN Ib,28684.000,28684.000,28684.100,0.000,0.100,0.100
demo-1781204903944-4135,AGN,28684.000,28684.000,28684.000,0.000,0.000,0.000
demo-1781204903944-4134,SN Ib,28683.800,28683.800,28684.000,0.000,0.200,0.200
demo-1781204903944-4133,RR Lyrae,28683.800,28683.800,28683.800,0.000,0.000,0.000
demo-1781204903944-4132,Mira,28683.700,28683.700,28683.800,0.000,0.100,0.100
demo-1781204903944-4131,Unknown,28683.700,28683.700,28683.700,0.000,0.000,0.000
demo-1781204903944-4130,AGN,28683.600,28683.600,28683.600,0.000,0.000,0.000
demo-1781204903944-4129,Mira,28683.500,28683.500,28683.600,0.000,0.100,0.100
demo-1781204903944-4128,Mira,28683.400,28683.400,28683.500,0.000,0.100,0.100
demo-1781204903928-4127,SN Ia,28667.200,28667.200,28667.300,0.000,0.100,0.100
demo-1781204903928-4126,QSO,28667.100,28667.100,28667.200,0.000,0.100,0.100
demo-1781204903927-4125,RR Lyrae,28667.000,28667.000,28667.100,0.000,0.100,0.100
demo-1781204903927-4124,SN Ic,28667.000,28667.000,28667.000,0.000,0.000,0.000
demo-1781204903927-4123,QSO,28666.900,28666.900,28667.000,0.000,0.100,0.100
demo-1781204903927-4122,LPV,28666.800,28666.800,28666.900,0.000,0.100,0.100
demo-1781204903927-4121,RR Lyrae,28666.800,28666.800,28666.800,0.000,0.000,0.000
demo-1781204903927-4120,SN Ib,28666.700,28666.700,28666.800,0.000,0.100,0.100
demo-1781204903927-4119,AGN,28666.500,28666.500,28666.700,0.000,0.200,0.200
demo-1781204903911-4118,RR Lyrae,28650.500,28650.500,28650.600,0.000,0.100,0.100
demo-1781204903911-4117,Unknown,28650.500,28650.500,28650.500,0.000,0.000,0.000
demo-1781204903911-4116,AGN,28650.500,28650.500,28650.500,0.000,0.000,0.000
demo-1781204903911-4115,RR Lyrae,28650.400,28650.400,28650.500,0.000,0.100,0.100
demo-1781204903911-4114,LPV,28650.300,28650.300,28650.400,0.000,0.100,0.100
demo-1781204903911-4113,Mira,28650.300,28650.300,28650.300,0.000,0.000,0.000
demo-1781204903911-4112,SN Ia,28650.200,28650.200,28650.300,0.000,0.100,0.100
demo-1781204903911-4111,QSO,28650.100,28650.100,28650.200,0.000,0.100,0.100
demo-1781204903910-4110,RR Lyrae,28650.000,28650.000,28650.100,0.000,0.100,0.100
demo-1781204903894-4109,Mira,28634.000,28634.000,28634.100,0.000,0.100,0.100
demo-1781204903894-4108,Mira,28634.000,28634.000,28634.000,0.000,0.000,0.000
demo-1781204903894-4107,RR Lyrae,28633.900,28633.900,28634.000,0.000,0.100,0.100
demo-1781204903894-4106,AGN,28633.800,28633.800,28633.900,0.000,0.100,0.100
demo-1781204903894-4105,Mira,28633.800,28633.800,28633.800,0.000,0.000,0.000
demo-1781204903894-4104,RR Lyrae,28633.700,28633.700,28633.800,0.000,0.100,0.100
demo-1781204903894-4103,Unknown,28633.600,28633.600,28633.700,0.000,0.100,0.100
demo-1781204903894-4102,RR Lyrae,28633.500,28633.500,28633.600,0.000,0.100,0.100
demo-1781204903894-4101,AGN,28633.500,28633.500,28633.500,0.000,0.000,0.000
demo-1781204903878-4100,Cepheid,28617.200,28617.200,28617.300,0.000,0.100,0.100
demo-1781204903878-4099,SN Ia,28617.100,28617.100,28617.200,0.000,0.100,0.100
demo-1781204903878-4098,Mira,28617.000,28617.000,28617.100,0.000,0.100,0.100
demo-1781204903877-4097,AGN,28617.000,28617.000,28617.000,0.000,0.000,0.000
demo-1781204903877-4096,AGN,28616.900,28616.900,28617.000,0.000,0.100,0.100
demo-1781204903877-4095,Mira,28616.900,28616.900,28616.900,0.000,0.000,0.000
demo-1781204903877-4094,Cepheid,28616.800,28616.800,28616.900,0.000,0.100,0.100
demo-1781204903877-4093,SN II,28616.700,28616.700,28616.800,0.000,0.100,0.100
demo-1781204903877-4092,SN II,28616.700,28616.700,28616.700,0.000,0.000,0.000
demo-1781204903861-4091,Unknown,28600.700,28600.700,28600.700,0.000,0.000,0.000
demo-1781204903861-4090,QSO,28600.500,28600.500,28600.600,0.000,0.100,0.100
demo-1781204903861-4089,RR Lyrae,28600.500,28600.500,28600.500,0.000,0.000,0.000
demo-1781204903861-4088,SN Ib,28600.500,28600.500,28600.500,0.000,0.000,0.000
demo-1781204903861-4087,RR Lyrae,28600.300,28600.300,28600.500,0.000,0.200,0.200
demo-1781204903861-4086,RR Lyrae,28600.300,28600.300,28600.300,0.000,0.000,0.000
demo-1781204903861-4085,RR Lyrae,28600.200,28600.200,28600.300,0.000,0.100,0.100
demo-1781204903861-4084,LPV,28600.200,28600.200,28600.200,0.000,0.000,0.000
demo-1781204903860-4083,Cepheid,28600.000,28600.000,28600.200,0.000,0.200,0.200
demo-1781204903845-4082,RR Lyrae,28584.100,28584.100,28584.200,0.000,0.100,0.100
demo-1781204903845-4081,RR Lyrae,28584.100,28584.100,28584.100,0.000,0.000,0.000
demo-1781204903844-4080,RR Lyrae,28584.000,28584.000,28584.100,0.000,0.100,0.100
demo-1781204903844-4079,RR Lyrae,28584.000,28584.000,28584.000,0.000,0.000,0.000
demo-1781204903844-4078,RR Lyrae,28583.900,28583.900,28584.000,0.000,0.100,0.100
demo-1781204903844-4077,RR Lyrae,28583.800,28583.800,28583.900,0.000,0.100,0.100
demo-1781204903844-4076,QSO,28583.800,28583.800,28583.800,0.000,0.000,0.000
demo-1781204903844-4075,LPV,28583.700,28583.700,28583.800,0.000,0.100,0.100
demo-1781204903844-4074,Mira,28583.600,28583.600,28583.700,0.000,0.100,0.100
demo-1781204903838-4073,SN II,28577.400,28577.400,28577.500,0.000,0.100,0.100
demo-1781204903838-4072,Mira,28577.300,28577.300,28577.400,0.000,0.100,0.100
demo-1781204903838-4071,Cepheid,28577.300,28577.300,28577.300,0.000,0.000,0.000
demo-1781204903838-4070,LPV,28577.100,28577.100,28577.300,0.000,0.200,0.200
demo-1781204903838-4069,Unknown,28577.100,28577.100,28577.100,0.000,0.000,0.000
demo-1781204903837-4068,SN II,28577.000,28577.000,28577.000,0.000,0.000,0.000
demo-1781204903837-4067,Mira,28576.900,28576.900,28577.000,0.000,0.100,0.100
demo-1781204903837-4066,QSO,28576.800,28576.800,28576.900,0.000,0.100,0.100
demo-1781204903837-4065,QSO,28576.700,28576.700,28576.800,0.000,0.100,0.100
demo-1781204903831-4064,SN Ia,28570.100,28570.100,28570.100,0.000,0.000,0.000
demo-1781204903830-4063,AGN,28570.000,28570.000,28570.000,0.000,0.000,0.000
demo-1781204903830-4062,RR Lyrae,28569.900,28569.900,28570.000,0.000,0.100,0.100
demo-1781204903830-4061,Unknown,28569.800,28569.800,28569.900,0.000,0.100,0.100
demo-1781204903830-4060,AGN,28569.800,28569.800,28569.800,0.000,0.000,0.000
demo-1781204903830-4059,Mira,28569.800,28569.800,28569.800,0.000,0.000,0.000
demo-1781204903830-4058,RR Lyrae,28569.700,28569.700,28569.800,0.000,0.100,0.100
demo-1781204903830-4057,Cepheid,28569.600,28569.600,28569.700,0.000,0.100,0.100
demo-1781204903830-4056,SN Ib,28569.500,28569.500,28569.600,0.000,0.100,0.100
demo-1781204903744-4055,RR Lyrae,28483.800,28483.800,28483.800,0.000,0.000,0.000
demo-1781204903744-4054,Mira,28483.800,28483.800,28483.800,0.000,0.000,0.000
demo-1781204903744-4053,RR Lyrae,28483.600,28483.700,28483.800,0.100,0.100,0.200
demo-1781204903744-4052,SN Ia,28483.600,28483.600,28483.600,0.000,0.000,0.000
demo-1781204903744-4051,Cepheid,28483.500,28483.500,28483.600,0.000,0.100,0.100
demo-1781204903744-4050,RR Lyrae,28483.500,28483.500,28483.500,0.000,0.000,0.000
demo-1781204903744-4049,AGN,28483.400,28483.400,28483.500,0.000,0.100,0.100
demo-1781204903744-4048,RR Lyrae,28483.400,28483.400,28483.400,0.000,0.000,0.000
demo-1781204903744-4047,LPV,28483.300,28483.300,28483.400,0.000,0.100,0.100
demo-1781204903728-4046,Mira,28467.300,28467.300,28467.400,0.000,0.100,0.100
demo-1781204903728-4045,AGN,28467.300,28467.300,28467.300,0.000,0.000,0.000
demo-1781204903728-4044,Unknown,28467.200,28467.200,28467.300,0.000,0.100,0.100
demo-1781204903728-4043,Cepheid,28467.100,28467.100,28467.200,0.000,0.100,0.100
demo-1781204903728-4042,RR Lyrae,28467.100,28467.100,28467.100,0.000,0.000,0.000
demo-1781204903727-4041,RR Lyrae,28467.000,28467.000,28467.100,0.000,0.100,0.100
demo-1781204903727-4040,AGN,28467.000,28467.000,28467.000,0.000,0.000,0.000
demo-1781204903727-4039,AGN,28466.900,28466.900,28467.000,0.000,0.100,0.100
demo-1781204903727-4038,RR Lyrae,28466.800,28466.800,28466.800,0.000,0.000,0.000
demo-1781204903711-4037,RR Lyrae,28450.800,28450.800,28450.900,0.000,0.100,0.100
demo-1781204903711-4036,Mira,28450.700,28450.700,28450.800,0.000,0.100,0.100
demo-1781204903711-4035,RR Lyrae,28450.700,28450.700,28450.700,0.000,0.000,0.000
demo-1781204903711-4034,QSO,28450.600,28450.600,28450.700,0.000,0.100,0.100
demo-1781204903711-4033,AGN,28450.600,28450.600,28450.600,0.000,0.000,0.000
demo-1781204903711-4032,AGN,28450.600,28450.600,28450.600,0.000,0.000,0.000
demo-1781204903711-4031,RR Lyrae,28450.500,28450.500,28450.600,0.000,0.100,0.100
demo-1781204903711-4030,AGN,28450.400,28450.400,28450.500,0.000,0.100,0.100
demo-1781204903711-4029,RR Lyrae,28450.400,28450.400,28450.400,0.000,0.000,0.000
demo-1781204903695-4028,Unknown,28434.300,28434.300,28434.400,0.000,0.100,0.100
demo-1781204903695-4027,RR Lyrae,28434.300,28434.300,28434.300,0.000,0.000,0.000
demo-1781204903695-4026,AGN,28434.200,28434.200,28434.200,0.000,0.000,0.000
demo-1781204903695-4025,LPV,28434.100,28434.100,28434.200,0.000,0.100,0.100
demo-1781204903694-4024,Unknown,28434.000,28434.000,28434.000,0.000,0.000,0.000
demo-1781204903694-4023,AGN,28433.900,28433.900,28434.000,0.000,0.100,0.100
demo-1781204903694-4022,RR Lyrae,28433.900,28433.900,28433.900,0.000,0.000,0.000
demo-1781204903694-4021,AGN,28433.700,28433.700,28433.900,0.000,0.200,0.200
demo-1781204903694-4020,LPV,28433.700,28433.700,28433.700,0.000,0.000,0.000
demo-1781204903678-4019,Mira,28417.800,28417.800,28417.900,0.000,0.100,0.100
demo-1781204903678-4018,RR Lyrae,28417.800,28417.800,28417.800,0.000,0.000,0.000
demo-1781204903678-4017,RR Lyrae,28417.600,28417.600,28417.800,0.000,0.200,0.200
demo-1781204903678-4016,Mira,28417.600,28417.600,28417.600,0.000,0.000,0.000
demo-1781204903678-4015,AGN,28417.500,28417.500,28417.600,0.000,0.100,0.100
demo-1781204903678-4014,Mira,28417.400,28417.500,28417.500,0.100,0.000,0.100
demo-1781204903678-4013,Mira,28417.400,28417.400,28417.400,0.000,0.000,0.000
demo-1781204903678-4012,RR Lyrae,28417.300,28417.300,28417.400,0.000,0.100,0.100
demo-1781204903678-4011,RR Lyrae,28417.000,28417.100,28417.200,0.100,0.100,0.200
demo-1781204903661-4010,AGN,28400.800,28400.800,28400.900,0.000,0.100,0.100
demo-1781204903661-4009,RR Lyrae,28400.700,28400.700,28400.700,0.000,0.000,0.000
demo-1781204903661-4008,SN Ib,28400.600,28400.600,28400.700,0.000,0.100,0.100
demo-1781204903661-4007,LPV,28400.600,28400.600,28400.600,0.000,0.000,0.000
demo-1781204903661-4006,Cepheid,28400.500,28400.500,28400.600,0.000,0.100,0.100
demo-1781204903661-4005,RR Lyrae,28400.500,28400.500,28400.500,0.000,0.000,0.000
demo-1781204903661-4004,RR Lyrae,28400.300,28400.300,28400.500,0.000,0.200,0.200
demo-1781204903661-4003,AGN,28400.300,28400.300,28400.300,0.000,0.000,0.000
demo-1781204903661-4002,RR Lyrae,28400.100,28400.100,28400.200,0.000,0.100,0.100
demo-1781204903644-4001,Cepheid,28384.100,28384.100,28384.100,0.000,0.000,0.000
demo-1781204903644-4000,RR Lyrae,28384.000,28384.000,28384.000,0.000,0.000,0.000
demo-1781204903644-3999,Unknown,28383.900,28383.900,28384.000,0.000,0.100,0.100
demo-1781204903644-3998,RR Lyrae,28383.800,28383.800,28383.900,0.000,0.100,0.100
demo-1781204903644-3997,RR Lyrae,28383.800,28383.800,28383.800,0.000,0.000,0.000
demo-1781204903644-3996,AGN,28383.700,28383.700,28383.800,0.000,0.100,0.100
demo-1781204903644-3995,Mira,28383.700,28383.700,28383.700,0.000,0.000,0.000
demo-1781204903644-3994,Unknown,28383.600,28383.600,28383.600,0.000,0.000,0.000
demo-1781204903644-3993,AGN,28383.500,28383.500,28383.500,0.000,0.000,0.000
demo-1781204903628-3992,RR Lyrae,28367.100,28367.100,28367.100,0.000,0.000,0.000
demo-1781204903627-3991,Unknown,28367.000,28367.000,28367.100,0.000,0.100,0.100
demo-1781204903627-3990,RR Lyrae,28366.900,28366.900,28367.000,0.000,0.100,0.100
demo-1781204903627-3989,SN Ic,28366.900,28366.900,28366.900,0.000,0.000,0.000
demo-1781204903627-3988,Mira,28366.800,28366.800,28366.900,0.000,0.100,0.100
demo-1781204903627-3987,Mira,28366.700,28366.700,28366.700,0.000,0.000,0.000
demo-1781204903627-3986,Mira,28366.700,28366.700,28366.700,0.000,0.000,0.000
demo-1781204903627-3985,RR Lyrae,28366.600,28366.600,28366.700,0.000,0.100,0.100
demo-1781204903627-3984,RR Lyrae,28366.500,28366.500,28366.600,0.000,0.100,0.100
demo-1781204903611-3983,RR Lyrae,28350.600,28350.600,28350.600,0.000,0.000,0.000
demo-1781204903611-3982,RR Lyrae,28350.500,28350.500,28350.600,0.000,0.100,0.100
demo-1781204903611-3981,RR Lyrae,28350.400,28350.400,28350.500,0.000,0.100,0.100
demo-1781204903611-3980,Mira,28350.400,28350.400,28350.400,0.000,0.000,0.000
demo-1781204903611-3979,RR Lyrae,28350.300,28350.300,28350.300,0.000,0.000,0.000
demo-1781204903611-3978,AGN,28350.200,28350.200,28350.300,0.000,0.100,0.100
demo-1781204903611-3977,AGN,28350.200,28350.200,28350.200,0.000,0.000,0.000
demo-1781204903611-3976,AGN,28350.100,28350.100,28350.200,0.000,0.100,0.100
demo-1781204903610-3975,SN Ia,28350.000,28350.000,28350.100,0.000,0.100,0.100
demo-1781204903594-3974,SN Ia,28334.000,28334.000,28334.000,0.000,0.000,0.000
demo-1781204903594-3973,RR Lyrae,28334.000,28334.000,28334.000,0.000,0.000,0.000
demo-1781204903594-3972,RR Lyrae,28333.900,28333.900,28333.900,0.000,0.000,0.000
demo-1781204903594-3971,Mira,28333.900,28333.900,28333.900,0.000,0.000,0.000
demo-1781204903594-3970,RR Lyrae,28333.700,28333.700,28333.800,0.000,0.100,0.100
demo-1781204903594-3969,AGN,28333.700,28333.700,28333.700,0.000,0.000,0.000
demo-1781204903594-3968,RR Lyrae,28333.600,28333.600,28333.600,0.000,0.000,0.000
demo-1781204903594-3967,RR Lyrae,28333.500,28333.500,28333.500,0.000,0.000,0.000
demo-1781204903594-3966,RR Lyrae,28333.400,28333.400,28333.500,0.000,0.100,0.100
demo-1781204903582-3965,Unknown,28321.800,28321.800,28321.900,0.000,0.100,0.100
demo-1781204903582-3964,QSO,28321.800,28321.800,28321.800,0.000,0.000,0.000
demo-1781204903582-3963,AGN,28321.600,28321.600,28321.800,0.000,0.200,0.200
demo-1781204903582-3962,Mira,28321.600,28321.600,28321.600,0.000,0.000,0.000
demo-1781204903582-3961,QSO,28321.500,28321.500,28321.600,0.000,0.100,0.100
demo-1781204903582-3960,AGN,28321.400,28321.400,28321.500,0.000,0.100,0.100
demo-1781204903582-3959,RR Lyrae,28321.300,28321.300,28321.400,0.000,0.100,0.100
demo-1781204903582-3958,SN Ib,28321.200,28321.200,28321.300,0.000,0.100,0.100
demo-1781204903581-3957,QSO,28321.100,28321.100,28321.100,0.000,0.000,0.000
demo-1781204903578-3956,RR Lyrae,28317.300,28317.300,28317.300,0.000,0.000,0.000
demo-1781204903578-3955,RR Lyrae,28317.300,28317.300,28317.300,0.000,0.000,0.000
demo-1781204903578-3954,RR Lyrae,28317.100,28317.100,28317.300,0.000,0.200,0.200
demo-1781204903578-3953,RR Lyrae,28317.100,28317.100,28317.100,0.000,0.000,0.000
demo-1781204903577-3952,RR Lyrae,28317.100,28317.100,28317.100,0.000,0.000,0.000
demo-1781204903577-3951,AGN,28317.000,28317.000,28317.100,0.000,0.100,0.100
demo-1781204903577-3950,AGN,28316.900,28316.900,28317.000,0.000,0.100,0.100
demo-1781204903577-3949,LPV,28316.800,28316.800,28316.900,0.000,0.100,0.100
demo-1781204903577-3948,LPV,28316.700,28316.700,28316.800,0.000,0.100,0.100
demo-1781204903494-3947,AGN,28233.900,28233.900,28234.000,0.000,0.100,0.100
demo-1781204903494-3946,SN Ia,28233.900,28233.900,28233.900,0.000,0.000,0.000
demo-1781204903494-3945,AGN,28233.800,28233.800,28233.900,0.000,0.100,0.100
demo-1781204903494-3944,Unknown,28233.800,28233.800,28233.800,0.000,0.000,0.000
demo-1781204903494-3943,SN Ia,28233.700,28233.700,28233.800,0.000,0.100,0.100
demo-1781204903494-3942,RR Lyrae,28233.700,28233.700,28233.700,0.000,0.000,0.000
demo-1781204903494-3941,QSO,28233.600,28233.600,28233.700,0.000,0.100,0.100
demo-1781204903494-3940,RR Lyrae,28233.400,28233.400,28233.600,0.000,0.200,0.200
demo-1781204903494-3939,AGN,28233.400,28233.400,28233.400,0.000,0.000,0.000
demo-1781204903478-3938,AGN,28217.300,28217.300,28217.300,0.000,0.000,0.000
demo-1781204903478-3937,AGN,28217.200,28217.200,28217.300,0.000,0.100,0.100
demo-1781204903478-3936,QSO,28217.200,28217.200,28217.200,0.000,0.000,0.000
demo-1781204903478-3935,AGN,28217.100,28217.100,28217.200,0.000,0.100,0.100
demo-1781204903477-3934,SN Ia,28217.100,28217.100,28217.100,0.000,0.000,0.000
demo-1781204903477-3933,RR Lyrae,28217.000,28217.000,28217.000,0.000,0.000,0.000
demo-1781204903477-3932,Cepheid,28216.900,28216.900,28217.000,0.000,0.100,0.100
demo-1781204903477-3931,AGN,28216.800,28216.800,28216.900,0.000,0.100,0.100
demo-1781204903477-3930,Unknown,28216.700,28216.700,28216.800,0.000,0.100,0.100
demo-1781204903461-3929,AGN,28200.700,28200.700,28200.700,0.000,0.000,0.000
demo-1781204903461-3928,RR Lyrae,28200.700,28200.700,28200.700,0.000,0.000,0.000
demo-1781204903461-3927,AGN,28200.600,28200.600,28200.600,0.000,0.000,0.000
demo-1781204903461-3926,RR Lyrae,28200.500,28200.500,28200.600,0.000,0.100,0.100
demo-1781204903461-3925,Mira,28200.400,28200.500,28200.500,0.100,0.000,0.100
demo-1781204903461-3924,RR Lyrae,28200.400,28200.400,28200.400,0.000,0.000,0.000
demo-1781204903461-3923,RR Lyrae,28200.300,28200.300,28200.400,0.000,0.100,0.100
demo-1781204903461-3922,LPV,28200.200,28200.200,28200.300,0.000,0.100,0.100
demo-1781204903461-3921,AGN,28200.100,28200.100,28200.200,0.000,0.100,0.100
demo-1781204903444-3920,AGN,28183.300,28183.300,28183.400,0.000,0.100,0.100
demo-1781204903444-3919,RR Lyrae,28183.300,28183.300,28183.300,0.000,0.000,0.000
demo-1781204903444-3918,RR Lyrae,28183.200,28183.200,28183.200,0.000,0.000,0.000
demo-1781204903443-3917,AGN,28183.000,28183.000,28183.200,0.000,0.200,0.200
demo-1781204903443-3916,RR Lyrae,28183.000,28183.000,28183.000,0.000,0.000,0.000
demo-1781204903443-3915,Cepheid,28182.900,28182.900,28183.000,0.000,0.100,0.100
demo-1781204903443-3914,LPV,28182.800,28182.800,28182.900,0.000,0.100,0.100
demo-1781204903443-3913,RR Lyrae,28182.600,28182.600,28182.800,0.000,0.200,0.200
demo-1781204903443-3912,RR Lyrae,28182.500,28182.500,28182.600,0.000,0.100,0.100
demo-1781204903428-3911,Mira,28167.700,28167.700,28167.800,0.000,0.100,0.100
demo-1781204903428-3910,Unknown,28167.600,28167.600,28167.600,0.000,0.000,0.000
demo-1781204903428-3909,Mira,28167.600,28167.600,28167.600,0.000,0.000,0.000
demo-1781204903428-3908,Cepheid,28167.400,28167.400,28167.500,0.000,0.100,0.100
demo-1781204903428-3907,RR Lyrae,28167.400,28167.400,28167.400,0.000,0.000,0.000
demo-1781204903428-3906,RR Lyrae,28167.300,28167.300,28167.400,0.000,0.100,0.100
demo-1781204903428-3905,RR Lyrae,28167.200,28167.200,28167.300,0.000,0.100,0.100
demo-1781204903428-3904,RR Lyrae,28167.100,28167.100,28167.200,0.000,0.100,0.100
demo-1781204903427-3903,Cepheid,28166.900,28167.000,28167.100,0.100,0.100,0.200
demo-1781204903411-3902,QSO,28150.900,28150.900,28150.900,0.000,0.000,0.000
demo-1781204903411-3901,LPV,28150.800,28150.800,28150.800,0.000,0.000,0.000
demo-1781204903411-3900,AGN,28150.700,28150.700,28150.800,0.000,0.100,0.100
demo-1781204903411-3899,RR Lyrae,28150.600,28150.600,28150.700,0.000,0.100,0.100
demo-1781204903411-3898,AGN,28150.600,28150.600,28150.600,0.000,0.000,0.000
demo-1781204903411-3897,Unknown,28150.400,28150.400,28150.600,0.000,0.200,0.200
demo-1781204903411-3896,RR Lyrae,28150.300,28150.300,28150.400,0.000,0.100,0.100
demo-1781204903411-3895,RR Lyrae,28150.300,28150.300,28150.300,0.000,0.000,0.000
demo-1781204903411-3894,AGN,28150.100,28150.100,28150.200,0.000,0.100,0.100
demo-1781204903394-3893,Unknown,28133.800,28133.800,28133.900,0.000,0.100,0.100
demo-1781204903394-3892,RR Lyrae,28133.700,28133.700,28133.800,0.000,0.100,0.100
demo-1781204903394-3891,RR Lyrae,28133.700,28133.700,28133.700,0.000,0.000,0.000
demo-1781204903394-3890,SN Ia,28133.600,28133.700,28133.700,0.100,0.000,0.100
demo-1781204903394-3889,AGN,28133.600,28133.600,28133.600,0.000,0.000,0.000
demo-1781204903394-3888,SN Ia,28133.500,28133.500,28133.500,0.000,0.000,0.000
demo-1781204903394-3887,RR Lyrae,28133.400,28133.400,28133.500,0.000,0.100,0.100
demo-1781204903394-3886,Unknown,28133.300,28133.300,28133.400,0.000,0.100,0.100
demo-1781204903394-3885,AGN,28133.200,28133.200,28133.300,0.000,0.100,0.100
demo-1781204903378-3884,SN Ib,28117.100,28117.100,28117.200,0.000,0.100,0.100
demo-1781204903378-3883,AGN,28117.000,28117.100,28117.100,0.100,0.000,0.100
demo-1781204903377-3882,QSO,28117.000,28117.000,28117.000,0.000,0.000,0.000
demo-1781204903377-3881,QSO,28116.900,28116.900,28117.000,0.000,0.100,0.100
demo-1781204903377-3880,RR Lyrae,28116.800,28116.900,28116.900,0.100,0.000,0.100
demo-1781204903377-3879,Cepheid,28116.800,28116.800,28116.800,0.000,0.000,0.000
demo-1781204903377-3878,AGN,28116.600,28116.600,28116.800,0.000,0.200,0.200
demo-1781204903377-3877,Unknown,28116.600,28116.600,28116.600,0.000,0.000,0.000
demo-1781204903377-3876,SN Ia,28116.500,28116.500,28116.600,0.000,0.100,0.100
demo-1781204903361-3875,AGN,28100.400,28100.400,28100.500,0.000,0.100,0.100
demo-1781204903361-3874,AGN,28100.300,28100.300,28100.400,0.000,0.100,0.100
demo-1781204903361-3873,SN Ia,28100.200,28100.300,28100.300,0.100,0.000,0.100
demo-1781204903361-3872,RR Lyrae,28100.200,28100.200,28100.200,0.000,0.000,0.000
demo-1781204903361-3871,Cepheid,28100.100,28100.100,28100.200,0.000,0.100,0.100
demo-1781204903361-3870,RR Lyrae,28100.000,28100.000,28100.100,0.000,0.100,0.100
demo-1781204903360-3869,Mira,28100.000,28100.000,28100.000,0.000,0.000,0.000
demo-1781204903360-3868,RR Lyrae,28099.900,28099.900,28100.000,0.000,0.100,0.100
demo-1781204903360-3867,RR Lyrae,28099.800,28099.800,28099.900,0.000,0.100,0.100
demo-1781204903344-3866,RR Lyrae,28083.900,28083.900,28083.900,0.000,0.000,0.000
demo-1781204903344-3865,Unknown,28083.800,28083.800,28083.900,0.000,0.100,0.100
demo-1781204903344-3864,Cepheid,28083.800,28083.800,28083.800,0.000,0.000,0.000
demo-1781204903344-3863,AGN,28083.700,28083.700,28083.800,0.000,0.100,0.100
demo-1781204903344-3862,AGN,28083.600,28083.600,28083.700,0.000,0.100,0.100
demo-1781204903344-3861,Unknown,28083.600,28083.600,28083.600,0.000,0.000,0.000
demo-1781204903344-3860,SN II,28083.500,28083.500,28083.600,0.000,0.100,0.100
demo-1781204903344-3859,RR Lyrae,28083.400,28083.400,28083.500,0.000,0.100,0.100
demo-1781204903344-3858,Mira,28083.300,28083.300,28083.400,0.000,0.100,0.100
demo-1781204903333-3857,RR Lyrae,28072.400,28072.400,28072.500,0.000,0.100,0.100
demo-1781204903333-3856,AGN,28072.300,28072.300,28072.400,0.000,0.100,0.100
demo-1781204903333-3855,Cepheid,28072.300,28072.300,28072.300,0.000,0.000,0.000
demo-1781204903333-3854,Mira,28072.300,28072.300,28072.300,0.000,0.000,0.000
demo-1781204903333-3853,RR Lyrae,28072.200,28072.200,28072.200,0.000,0.000,0.000
demo-1781204903333-3852,AGN,28072.100,28072.100,28072.200,0.000,0.100,0.100
demo-1781204903332-3851,QSO,28072.000,28072.000,28072.100,0.000,0.100,0.100
demo-1781204903332-3850,AGN,28071.900,28071.900,28072.000,0.000,0.100,0.100
demo-1781204903332-3849,Mira,28071.900,28071.900,28071.900,0.000,0.000,0.000
demo-1781204903328-3848,SN II,28067.300,28067.300,28067.400,0.000,0.100,0.100
demo-1781204903328-3847,Mira,28067.300,28067.300,28067.300,0.000,0.000,0.000
demo-1781204903328-3846,AGN,28067.200,28067.200,28067.300,0.000,0.100,0.100
demo-1781204903328-3845,SN Ia,28067.200,28067.200,28067.200,0.000,0.000,0.000
demo-1781204903328-3844,AGN,28067.100,28067.100,28067.100,0.000,0.000,0.000
demo-1781204903327-3843,AGN,28067.000,28067.000,28067.100,0.000,0.100,0.100
demo-1781204903327-3842,RR Lyrae,28066.900,28066.900,28067.000,0.000,0.100,0.100
demo-1781204903327-3841,RR Lyrae,28066.900,28066.900,28066.900,0.000,0.000,0.000
demo-1781204903327-3840,LPV,28066.700,28066.700,28066.900,0.000,0.200,0.200
demo-1781204903244-3839,RR Lyrae,27983.900,27983.900,27983.900,0.000,0.000,0.000
demo-1781204903244-3838,SN Ia,27983.800,27983.800,27983.900,0.000,0.100,0.100
demo-1781204903244-3837,Mira,27983.700,27983.700,27983.800,0.000,0.100,0.100
demo-1781204903244-3836,SN Ia,27983.600,27983.600,27983.700,0.000,0.100,0.100
demo-1781204903244-3835,Mira,27983.500,27983.500,27983.600,0.000,0.100,0.100
demo-1781204903244-3834,RR Lyrae,27983.500,27983.500,27983.500,0.000,0.000,0.000
demo-1781204903244-3833,SN II,27983.400,27983.400,27983.500,0.000,0.100,0.100
demo-1781204903244-3832,Unknown,27983.300,27983.300,27983.400,0.000,0.100,0.100
demo-1781204903244-3831,SN II,27983.300,27983.300,27983.300,0.000,0.000,0.000
demo-1781204903228-3830,LPV,27967.200,27967.200,27967.300,0.000,0.100,0.100
demo-1781204903228-3829,Mira,27967.200,27967.200,27967.200,0.000,0.000,0.000
demo-1781204903228-3828,RR Lyrae,27967.100,27967.100,27967.200,0.000,0.100,0.100
demo-1781204903227-3827,LPV,27967.100,27967.100,27967.100,0.000,0.000,0.000
demo-1781204903227-3826,Cepheid,27966.900,27966.900,27967.000,0.000,0.100,0.100
demo-1781204903227-3825,RR Lyrae,27966.900,27966.900,27966.900,0.000,0.000,0.000
demo-1781204903227-3824,SN II,27966.900,27966.900,27966.900,0.000,0.000,0.000
demo-1781204903227-3823,RR Lyrae,27966.700,27966.700,27966.900,0.000,0.200,0.200
demo-1781204903227-3822,RR Lyrae,27966.700,27966.700,27966.700,0.000,0.000,0.000
demo-1781204903211-3821,AGN,27950.500,27950.500,27950.600,0.000,0.100,0.100
demo-1781204903211-3820,Mira,27950.500,27950.500,27950.500,0.000,0.000,0.000
demo-1781204903211-3819,RR Lyrae,27950.400,27950.400,27950.500,0.000,0.100,0.100
demo-1781204903211-3818,Mira,27950.400,27950.400,27950.400,0.000,0.000,0.000
demo-1781204903211-3817,RR Lyrae,27950.300,27950.300,27950.300,0.000,0.000,0.000
demo-1781204903211-3816,LPV,27950.200,27950.200,27950.300,0.000,0.100,0.100
demo-1781204903211-3815,AGN,27950.100,27950.100,27950.200,0.000,0.100,0.100
demo-1781204903210-3814,AGN,27950.000,27950.000,27950.100,0.000,0.100,0.100
demo-1781204903210-3813,Mira,27949.900,27949.900,27950.000,0.000,0.100,0.100
demo-1781204903197-3812,LPV,27936.400,27936.400,27936.500,0.000,0.100,0.100
demo-1781204903197-3811,RR Lyrae,27936.400,27936.400,27936.400,0.000,0.000,0.000
demo-1781204903197-3810,LPV,27936.300,27936.300,27936.300,0.000,0.000,0.000
demo-1781204903197-3809,RR Lyrae,27936.200,27936.200,27936.300,0.000,0.100,0.100
demo-1781204903197-3808,Mira,27936.100,27936.100,27936.200,0.000,0.100,0.100
demo-1781204903197-3807,RR Lyrae,27936.100,27936.100,27936.100,0.000,0.000,0.000
demo-1781204903196-3806,Mira,27936.000,27936.000,27936.100,0.000,0.100,0.100
demo-1781204903196-3805,Mira,27935.900,27935.900,27936.000,0.000,0.100,0.100
demo-1781204903196-3804,AGN,27935.900,27935.900,27935.900,0.000,0.000,0.000
demo-1781204903178-3803,Mira,27917.400,27917.400,27917.500,0.000,0.100,0.100
demo-1781204903178-3802,Unknown,27917.400,27917.400,27917.400,0.000,0.000,0.000
demo-1781204903178-3801,RR Lyrae,27917.300,27917.300,27917.400,0.000,0.100,0.100
demo-1781204903178-3800,AGN,27917.200,27917.300,27917.300,0.100,0.000,0.100
demo-1781204903178-3799,AGN,27917.200,27917.200,27917.200,0.000,0.000,0.000
demo-1781204903178-3798,RR Lyrae,27917.100,27917.100,27917.200,0.000,0.100,0.100
demo-1781204903177-3797,AGN,27917.100,27917.100,27917.100,0.000,0.000,0.000
demo-1781204903177-3796,QSO,27917.000,27917.000,27917.000,0.000,0.000,0.000
demo-1781204903177-3795,AGN,27916.900,27916.900,27917.000,0.000,0.100,0.100
demo-1781204903161-3794,Mira,27900.800,27900.800,27900.800,0.000,0.000,0.000
demo-1781204903161-3793,Mira,27900.800,27900.800,27900.800,0.000,0.000,0.000
demo-1781204903161-3792,LPV,27900.700,27900.700,27900.800,0.000,0.100,0.100
demo-1781204903161-3791,RR Lyrae,27900.700,27900.700,27900.700,0.000,0.000,0.000
demo-1781204903161-3790,RR Lyrae,27900.500,27900.500,27900.600,0.000,0.100,0.100
demo-1781204903161-3789,RR Lyrae,27900.500,27900.500,27900.500,0.000,0.000,0.000
demo-1781204903161-3788,AGN,27900.300,27900.300,27900.500,0.000,0.200,0.200
demo-1781204903161-3787,Mira,27900.200,27900.200,27900.300,0.000,0.100,0.100
demo-1781204903161-3786,SN Ia,27900.100,27900.100,27900.200,0.000,0.100,0.100
demo-1781204903144-3785,RR Lyrae,27884.000,27884.000,27884.100,0.000,0.100,0.100
demo-1781204903144-3784,RR Lyrae,27884.000,27884.000,27884.000,0.000,0.000,0.000
demo-1781204903144-3783,SN Ib,27883.800,27883.800,27884.000,0.000,0.200,0.200
demo-1781204903144-3782,SN II,27883.800,27883.800,27883.800,0.000,0.000,0.000
demo-1781204903144-3781,Unknown,27883.700,27883.700,27883.800,0.000,0.100,0.100
demo-1781204903144-3780,LPV,27883.600,27883.600,27883.700,0.000,0.100,0.100
demo-1781204903144-3779,Mira,27883.500,27883.500,27883.600,0.000,0.100,0.100
demo-1781204903144-3778,RR Lyrae,27883.500,27883.500,27883.500,0.000,0.000,0.000
demo-1781204903144-3777,Mira,27883.400,27883.400,27883.500,0.000,0.100,0.100
demo-1781204903128-3776,Mira,27867.100,27867.100,27867.100,0.000,0.000,0.000
demo-1781204903127-3775,AGN,27867.000,27867.000,27867.100,0.000,0.100,0.100
demo-1781204903127-3774,Mira,27866.900,27866.900,27866.900,0.000,0.000,0.000
demo-1781204903127-3773,AGN,27866.800,27866.800,27866.900,0.000,0.100,0.100
demo-1781204903127-3772,Cepheid,27866.800,27866.800,27866.800,0.000,0.000,0.000
demo-1781204903127-3771,AGN,27866.600,27866.600,27866.800,0.000,0.200,0.200
demo-1781204903127-3770,AGN,27866.600,27866.600,27866.600,0.000,0.000,0.000
demo-1781204903127-3769,RR Lyrae,27866.600,27866.600,27866.600,0.000,0.000,0.000
demo-1781204903127-3768,RR Lyrae,27866.500,27866.500,27866.600,0.000,0.100,0.100
demo-1781204903111-3767,AGN,27850.500,27850.500,27850.600,0.000,0.100,0.100
demo-1781204903111-3766,AGN,27850.400,27850.400,27850.400,0.000,0.000,0.000
demo-1781204903111-3765,SN Ia,27850.300,27850.300,27850.400,0.000,0.100,0.100
demo-1781204903111-3764,SN Ia,27850.300,27850.300,27850.300,0.000,0.000,0.000
demo-1781204903111-3763,Unknown,27850.300,27850.300,27850.300,0.000,0.000,0.000
demo-1781204903111-3762,RR Lyrae,27850.200,27850.200,27850.200,0.000,0.000,0.000
demo-1781204903111-3761,RR Lyrae,27850.100,27850.100,27850.200,0.000,0.100,0.100
demo-1781204903110-3760,RR Lyrae,27850.000,27850.100,27850.100,0.100,0.000,0.100
demo-1781204903110-3759,LPV,27849.900,27849.900,27850.000,0.000,0.100,0.100
demo-1781204903094-3758,AGN,27833.800,27833.800,27834.000,0.000,0.200,0.200
demo-1781204903094-3757,Mira,27833.800,27833.800,27833.800,0.000,0.000,0.000
demo-1781204903094-3756,QSO,27833.700,27833.700,27833.800,0.000,0.100,0.100
demo-1781204903094-3755,RR Lyrae,27833.700,27833.700,27833.700,0.000,0.000,0.000
demo-1781204903094-3754,RR Lyrae,27833.600,27833.600,27833.700,0.000,0.100,0.100
demo-1781204903094-3753,Unknown,27833.600,27833.600,27833.600,0.000,0.000,0.000
demo-1781204903094-3752,Mira,27833.500,27833.500,27833.600,0.000,0.100,0.100
demo-1781204903094-3751,QSO,27833.400,27833.400,27833.500,0.000,0.100,0.100
demo-1781204903094-3750,QSO,27833.200,27833.300,27833.400,0.100,0.100,0.200
demo-1781204903081-3749,Mira,27821.000,27821.000,27821.100,0.000,0.100,0.100
demo-1781204903081-3748,RR Lyrae,27821.000,27821.000,27821.000,0.000,0.000,0.000
demo-1781204903081-3747,RR Lyrae,27820.900,27820.900,27821.000,0.000,0.100,0.100
demo-1781204903081-3746,AGN,27820.900,27820.900,27820.900,0.000,0.000,0.000
demo-1781204903081-3745,QSO,27820.800,27820.800,27820.900,0.000,0.100,0.100
demo-1781204903081-3744,RR Lyrae,27820.800,27820.800,27820.800,0.000,0.000,0.000
demo-1781204903081-3743,Mira,27820.700,27820.700,27820.700,0.000,0.000,0.000
demo-1781204903081-3742,RR Lyrae,27820.600,27820.600,27820.700,0.000,0.100,0.100
demo-1781204903081-3741,SN II,27820.500,27820.500,27820.600,0.000,0.100,0.100
demo-1781204903077-3740,AGN,27816.400,27816.400,27816.500,0.000,0.100,0.100
demo-1781204903077-3739,RR Lyrae,27816.400,27816.400,27816.400,0.000,0.000,0.000
demo-1781204903077-3738,Mira,27816.300,27816.300,27816.300,0.000,0.000,0.000
demo-1781204903077-3737,Mira,27816.300,27816.300,27816.300,0.000,0.000,0.000
demo-1781204903077-3736,Unknown,27816.100,27816.100,27816.300,0.000,0.200,0.200
demo-1781204903077-3735,SN Ib,27816.100,27816.100,27816.100,0.000,0.000,0.000
demo-1781204903076-3734,Mira,27816.000,27816.000,27816.100,0.000,0.100,0.100
demo-1781204903076-3733,RR Lyrae,27816.000,27816.000,27816.000,0.000,0.000,0.000
demo-1781204903076-3732,Unknown,27815.800,27815.800,27815.900,0.000,0.100,0.100
demo-1781204902994-3731,SN II,27733.900,27733.900,27733.900,0.000,0.000,0.000
demo-1781204902994-3730,RR Lyrae,27733.700,27733.700,27733.800,0.000,0.100,0.100
demo-1781204902994-3729,SN II,27733.600,27733.600,27733.700,0.000,0.100,0.100
demo-1781204902994-3728,RR Lyrae,27733.500,27733.500,27733.600,0.000,0.100,0.100
demo-1781204902994-3727,RR Lyrae,27733.500,27733.500,27733.500,0.000,0.000,0.000
demo-1781204902994-3726,AGN,27733.400,27733.400,27733.500,0.000,0.100,0.100
demo-1781204902994-3725,Unknown,27733.400,27733.400,27733.400,0.000,0.000,0.000
demo-1781204902994-3724,Mira,27733.200,27733.200,27733.300,0.000,0.100,0.100
demo-1781204902994-3723,SN Ia,27733.200,27733.200,27733.200,0.000,0.000,0.000
demo-1781204902978-3722,AGN,27717.100,27717.100,27717.300,0.000,0.200,0.200
demo-1781204902978-3721,RR Lyrae,27717.100,27717.100,27717.100,0.000,0.000,0.000
demo-1781204902977-3720,Mira,27717.000,27717.000,27717.100,0.000,0.100,0.100
demo-1781204902977-3719,SN Ia,27716.900,27716.900,27717.000,0.000,0.100,0.100
demo-1781204902977-3718,AGN,27716.800,27716.800,27716.900,0.000,0.100,0.100
demo-1781204902977-3717,RR Lyrae,27716.700,27716.700,27716.800,0.000,0.100,0.100
demo-1781204902977-3716,Mira,27716.700,27716.700,27716.700,0.000,0.000,0.000
demo-1781204902977-3715,Unknown,27716.600,27716.600,27716.700,0.000,0.100,0.100
demo-1781204902977-3714,RR Lyrae,27716.500,27716.500,27716.600,0.000,0.100,0.100
demo-1781204902961-3713,Unknown,27700.800,27700.800,27700.900,0.000,0.100,0.100
demo-1781204902961-3712,QSO,27700.800,27700.800,27700.800,0.000,0.000,0.000
demo-1781204902961-3711,RR Lyrae,27700.700,27700.700,27700.700,0.000,0.000,0.000
demo-1781204902961-3710,RR Lyrae,27700.600,27700.700,27700.700,0.100,0.000,0.100
demo-1781204902961-3709,RR Lyrae,27700.600,27700.600,27700.600,0.000,0.000,0.000
demo-1781204902961-3708,AGN,27700.500,27700.500,27700.600,0.000,0.100,0.100
demo-1781204902961-3707,RR Lyrae,27700.500,27700.500,27700.500,0.000,0.000,0.000
demo-1781204902961-3706,QSO,27700.400,27700.400,27700.500,0.000,0.100,0.100
demo-1781204902961-3705,RR Lyrae,27700.200,27700.200,27700.400,0.000,0.200,0.200
demo-1781204902945-3704,Mira,27684.700,27684.700,27684.900,0.000,0.200,0.200
demo-1781204902945-3703,Unknown,27684.700,27684.700,27684.700,0.000,0.000,0.000
demo-1781204902945-3702,AGN,27684.600,27684.700,27684.700,0.100,0.000,0.100
demo-1781204902945-3701,AGN,27684.600,27684.600,27684.600,0.000,0.000,0.000
demo-1781204902945-3700,AGN,27684.500,27684.500,27684.600,0.000,0.100,0.100
demo-1781204902945-3699,Mira,27684.400,27684.400,27684.500,0.000,0.100,0.100
demo-1781204902945-3698,AGN,27684.400,27684.400,27684.400,0.000,0.000,0.000
demo-1781204902945-3697,Unknown,27684.300,27684.300,27684.400,0.000,0.100,0.100
demo-1781204902945-3696,RR Lyrae,27684.000,27684.100,27684.300,0.100,0.200,0.300
demo-1781204902928-3695,LPV,27667.500,27667.500,27667.500,0.000,0.000,0.000
demo-1781204902928-3694,Cepheid,27667.400,27667.400,27667.500,0.000,0.100,0.100
demo-1781204902928-3693,SN II,27667.400,27667.400,27667.400,0.000,0.000,0.000
demo-1781204902928-3692,Unknown,27667.300,27667.300,27667.400,0.000,0.100,0.100
demo-1781204902928-3691,SN II,27667.300,27667.300,27667.300,0.000,0.000,0.000
demo-1781204902928-3690,RR Lyrae,27667.200,27667.200,27667.200,0.000,0.000,0.000
demo-1781204902928-3689,Cepheid,27667.100,27667.100,27667.200,0.000,0.100,0.100
demo-1781204902927-3688,RR Lyrae,27667.000,27667.000,27667.100,0.000,0.100,0.100
demo-1781204902927-3687,Mira,27666.800,27666.900,27667.000,0.100,0.100,0.200
demo-1781204902912-3686,Mira,27651.200,27651.200,27651.300,0.000,0.100,0.100
demo-1781204902912-3685,RR Lyrae,27651.100,27651.100,27651.200,0.000,0.100,0.100
demo-1781204902912-3684,Mira,27651.000,27651.000,27651.100,0.000,0.100,0.100
demo-1781204902911-3683,RR Lyrae,27651.000,27651.000,27651.000,0.000,0.000,0.000
demo-1781204902911-3682,Mira,27651.000,27651.000,27651.000,0.000,0.000,0.000
demo-1781204902911-3681,Cepheid,27650.800,27650.800,27650.900,0.000,0.100,0.100
demo-1781204902911-3680,AGN,27650.700,27650.700,27650.700,0.000,0.000,0.000
demo-1781204902911-3679,SN II,27650.600,27650.600,27650.700,0.000,0.100,0.100
demo-1781204902911-3678,RR Lyrae,27650.500,27650.500,27650.600,0.000,0.100,0.100
demo-1781204902895-3677,RR Lyrae,27634.400,27634.400,27634.500,0.000,0.100,0.100
demo-1781204902895-3676,SN II,27634.300,27634.300,27634.400,0.000,0.100,0.100
demo-1781204902895-3675,RR Lyrae,27634.300,27634.300,27634.300,0.000,0.000,0.000
demo-1781204902895-3674,Mira,27634.100,27634.100,27634.200,0.000,0.100,0.100
demo-1781204902895-3673,Unknown,27634.100,27634.100,27634.100,0.000,0.000,0.000
demo-1781204902894-3672,AGN,27634.000,27634.000,27634.100,0.000,0.100,0.100
demo-1781204902894-3671,RR Lyrae,27633.900,27633.900,27634.000,0.000,0.100,0.100
demo-1781204902894-3670,SN II,27633.700,27633.700,27633.900,0.000,0.200,0.200
demo-1781204902894-3669,Cepheid,27633.600,27633.600,27633.700,0.000,0.100,0.100
demo-1781204902878-3668,SN Ib,27617.200,27617.200,27617.200,0.000,0.000,0.000
demo-1781204902878-3667,RR Lyrae,27617.100,27617.100,27617.200,0.000,0.100,0.100
demo-1781204902877-3666,AGN,27617.000,27617.000,27617.100,0.000,0.100,0.100
demo-1781204902877-3665,RR Lyrae,27616.900,27616.900,27617.000,0.000,0.100,0.100
demo-1781204902877-3664,LPV,27616.800,27616.800,27616.900,0.000,0.100,0.100
demo-1781204902877-3663,RR Lyrae,27616.700,27616.700,27616.800,0.000,0.100,0.100
demo-1781204902877-3662,AGN,27616.600,27616.700,27616.700,0.100,0.000,0.100
demo-1781204902877-3661,SN II,27616.600,27616.600,27616.600,0.000,0.000,0.000
demo-1781204902877-3660,RR Lyrae,27616.500,27616.500,27616.600,0.000,0.100,0.100
demo-1781204902861-3659,SN Ia,27600.500,27600.500,27600.500,0.000,0.000,0.000
demo-1781204902861-3658,AGN,27600.500,27600.500,27600.500,0.000,0.000,0.000
demo-1781204902861-3657,Mira,27600.400,27600.400,27600.500,0.000,0.100,0.100
demo-1781204902861-3656,AGN,27600.300,27600.300,27600.400,0.000,0.100,0.100
demo-1781204902861-3655,AGN,27600.200,27600.200,27600.300,0.000,0.100,0.100
demo-1781204902861-3654,AGN,27600.100,27600.100,27600.100,0.000,0.000,0.000
demo-1781204902860-3653,RR Lyrae,27600.100,27600.100,27600.100,0.000,0.000,0.000
demo-1781204902860-3652,RR Lyrae,27600.000,27600.000,27600.000,0.000,0.000,0.000
demo-1781204902860-3651,SN II,27599.900,27599.900,27600.000,0.000,0.100,0.100
demo-1781204902845-3650,LPV,27584.500,27584.500,27584.600,0.000,0.100,0.100
demo-1781204902845-3649,Unknown,27584.400,27584.400,27584.500,0.000,0.100,0.100
demo-1781204902845-3648,QSO,27584.300,27584.300,27584.300,0.000,0.000,0.000
demo-1781204902845-3647,SN Ia,27584.200,27584.200,27584.300,0.000,0.100,0.100
demo-1781204902845-3646,RR Lyrae,27584.200,27584.200,27584.200,0.000,0.000,0.000
demo-1781204902845-3645,Unknown,27584.100,27584.100,27584.200,0.000,0.100,0.100
demo-1781204902845-3644,SN Ia,27584.100,27584.100,27584.100,0.000,0.000,0.000
demo-1781204902844-3643,QSO,27584.000,27584.000,27584.100,0.000,0.100,0.100
demo-1781204902844-3642,Unknown,27583.900,27583.900,27584.000,0.000,0.100,0.100
demo-1781204902832-3641,Unknown,27572.000,27572.000,27572.100,0.000,0.100,0.100
demo-1781204902832-3640,AGN,27571.900,27571.900,27572.000,0.000,0.100,0.100
demo-1781204902832-3639,QSO,27571.900,27571.900,27571.900,0.000,0.000,0.000
demo-1781204902832-3638,Mira,27571.800,27571.800,27571.900,0.000,0.100,0.100
demo-1781204902832-3637,RR Lyrae,27571.800,27571.800,27571.800,0.000,0.000,0.000
demo-1781204902832-3636,Mira,27571.700,27571.700,27571.700,0.000,0.000,0.000
demo-1781204902832-3635,AGN,27571.600,27571.600,27571.700,0.000,0.100,0.100
demo-1781204902832-3634,SN Ia,27571.500,27571.500,27571.500,0.000,0.000,0.000
demo-1781204902832-3633,AGN,27571.400,27571.400,27571.500,0.000,0.100,0.100
demo-1781204902827-3632,QSO,27566.800,27566.800,27566.800,0.000,0.000,0.000
demo-1781204902827-3631,Mira,27566.700,27566.700,27566.800,0.000,0.100,0.100
demo-1781204902827-3630,AGN,27566.700,27566.700,27566.700,0.000,0.000,0.000
demo-1781204902827-3629,Mira,27566.600,27566.600,27566.700,0.000,0.100,0.100
demo-1781204902827-3628,SN II,27566.600,27566.600,27566.600,0.000,0.000,0.000
demo-1781204902827-3627,RR Lyrae,27566.400,27566.500,27566.600,0.100,0.100,0.200
demo-1781204902827-3626,RR Lyrae,27566.400,27566.400,27566.400,0.000,0.000,0.000
demo-1781204902827-3625,RR Lyrae,27566.400,27566.400,27566.400,0.000,0.000,0.000
demo-1781204902827-3624,AGN,27566.200,27566.200,27566.400,0.000,0.200,0.200
demo-1781204902744-3623,Mira,27484.000,27484.000,27484.000,0.000,0.000,0.000
demo-1781204902744-3622,AGN,27483.800,27483.800,27484.000,0.000,0.200,0.200
demo-1781204902744-3621,Mira,27483.800,27483.800,27483.800,0.000,0.000,0.000
demo-1781204902744-3620,AGN,27483.600,27483.600,27483.700,0.000,0.100,0.100
demo-1781204902744-3619,RR Lyrae,27483.600,27483.600,27483.600,0.000,0.000,0.000
demo-1781204902744-3618,SN Ia,27483.500,27483.500,27483.600,0.000,0.100,0.100
demo-1781204902744-3617,AGN,27483.400,27483.400,27483.500,0.000,0.100,0.100
demo-1781204902744-3616,RR Lyrae,27483.400,27483.400,27483.400,0.000,0.000,0.000
demo-1781204902744-3615,RR Lyrae,27483.200,27483.200,27483.300,0.000,0.100,0.100
demo-1781204902728-3614,Mira,27467.200,27467.200,27467.200,0.000,0.000,0.000
demo-1781204902728-3613,Mira,27467.100,27467.100,27467.200,0.000,0.100,0.100
demo-1781204902727-3612,RR Lyrae,27467.000,27467.000,27467.100,0.000,0.100,0.100
demo-1781204902727-3611,RR Lyrae,27466.900,27466.900,27467.000,0.000,0.100,0.100
demo-1781204902727-3610,RR Lyrae,27466.900,27466.900,27466.900,0.000,0.000,0.000
demo-1781204902727-3609,Cepheid,27466.800,27466.800,27466.900,0.000,0.100,0.100
demo-1781204902727-3608,SN Ia,27466.700,27466.700,27466.800,0.000,0.100,0.100
demo-1781204902727-3607,RR Lyrae,27466.700,27466.700,27466.700,0.000,0.000,0.000
demo-1781204902727-3606,RR Lyrae,27466.500,27466.500,27466.600,0.000,0.100,0.100
demo-1781204902711-3605,AGN,27450.500,27450.500,27450.500,0.000,0.000,0.000
demo-1781204902711-3604,AGN,27450.400,27450.400,27450.500,0.000,0.100,0.100
demo-1781204902711-3603,RR Lyrae,27450.300,27450.300,27450.300,0.000,0.000,0.000
demo-1781204902711-3602,AGN,27450.200,27450.300,27450.300,0.100,0.000,0.100
demo-1781204902711-3601,RR Lyrae,27450.200,27450.200,27450.200,0.000,0.000,0.000
demo-1781204902711-3600,Unknown,27450.100,27450.100,27450.200,0.000,0.100,0.100
demo-1781204902711-3599,SN Ia,27450.000,27450.000,27450.100,0.000,0.100,0.100
demo-1781204902710-3598,RR Lyrae,27450.000,27450.000,27450.000,0.000,0.000,0.000
demo-1781204902710-3597,RR Lyrae,27449.900,27449.900,27450.000,0.000,0.100,0.100
demo-1781204902694-3596,Unknown,27433.900,27433.900,27434.000,0.000,0.100,0.100
demo-1781204902694-3595,Unknown,27433.900,27433.900,27433.900,0.000,0.000,0.000
demo-1781204902694-3594,AGN,27433.800,27433.800,27433.900,0.000,0.100,0.100
demo-1781204902694-3593,Mira,27433.700,27433.700,27433.800,0.000,0.100,0.100
demo-1781204902694-3592,Mira,27433.700,27433.700,27433.700,0.000,0.000,0.000
demo-1781204902694-3591,LPV,27433.600,27433.600,27433.700,0.000,0.100,0.100
demo-1781204902694-3590,Mira,27433.500,27433.500,27433.600,0.000,0.100,0.100
demo-1781204902694-3589,SN II,27433.400,27433.400,27433.500,0.000,0.100,0.100
demo-1781204902694-3588,AGN,27433.400,27433.400,27433.400,0.000,0.000,0.000
demo-1781204902678-3587,AGN,27417.200,27417.200,27417.300,0.000,0.100,0.100
demo-1781204902678-3586,AGN,27417.200,27417.200,27417.200,0.000,0.000,0.000
demo-1781204902678-3585,RR Lyrae,27417.100,27417.100,27417.200,0.000,0.100,0.100
demo-1781204902678-3584,SN Ia,27417.100,27417.100,27417.100,0.000,0.000,0.000
demo-1781204902677-3583,RR Lyrae,27417.100,27417.100,27417.100,0.000,0.000,0.000
demo-1781204902677-3582,Mira,27416.900,27416.900,27417.100,0.000,0.200,0.200
demo-1781204902677-3581,Mira,27416.900,27416.900,27416.900,0.000,0.000,0.000
demo-1781204902677-3580,RR Lyrae,27416.800,27416.800,27416.900,0.000,0.100,0.100
demo-1781204902677-3579,RR Lyrae,27416.700,27416.700,27416.800,0.000,0.100,0.100
demo-1781204902661-3578,SN Ic,27400.700,27400.700,27400.800,0.000,0.100,0.100
demo-1781204902661-3577,SN Ic,27400.700,27400.700,27400.700,0.000,0.000,0.000
demo-1781204902661-3576,AGN,27400.600,27400.600,27400.700,0.000,0.100,0.100
demo-1781204902661-3575,RR Lyrae,27400.500,27400.500,27400.600,0.000,0.100,0.100
demo-1781204902661-3574,Mira,27400.400,27400.400,27400.500,0.000,0.100,0.100
demo-1781204902661-3573,RR Lyrae,27400.400,27400.400,27400.400,0.000,0.000,0.000
demo-1781204902661-3572,AGN,27400.300,27400.300,27400.400,0.000,0.100,0.100
demo-1781204902661-3571,SN Ia,27400.300,27400.300,27400.300,0.000,0.000,0.000
demo-1781204902661-3570,RR Lyrae,27400.200,27400.200,27400.300,0.000,0.100,0.100
demo-1781204902644-3569,QSO,27384.000,27384.000,27384.100,0.000,0.100,0.100
demo-1781204902644-3568,QSO,27383.900,27383.900,27384.000,0.000,0.100,0.100
demo-1781204902644-3567,RR Lyrae,27383.900,27383.900,27383.900,0.000,0.000,0.000
demo-1781204902644-3566,Unknown,27383.800,27383.900,27383.900,0.100,0.000,0.100
demo-1781204902644-3565,AGN,27383.700,27383.700,27383.800,0.000,0.100,0.100
demo-1781204902644-3564,Cepheid,27383.700,27383.700,27383.700,0.000,0.000,0.000
demo-1781204902644-3563,Cepheid,27383.600,27383.600,27383.700,0.000,0.100,0.100
demo-1781204902644-3562,LPV,27383.500,27383.600,27383.600,0.100,0.000,0.100
demo-1781204902644-3561,Mira,27383.400,27383.400,27383.500,0.000,0.100,0.100
demo-1781204902628-3560,Unknown,27367.600,27367.600,27367.600,0.000,0.000,0.000
demo-1781204902628-3559,LPV,27367.500,27367.500,27367.600,0.000,0.100,0.100
demo-1781204902628-3558,RR Lyrae,27367.400,27367.400,27367.500,0.000,0.100,0.100
demo-1781204902628-3557,Mira,27367.400,27367.400,27367.400,0.000,0.000,0.000
demo-1781204902628-3556,RR Lyrae,27367.300,27367.400,27367.400,0.100,0.000,0.100
demo-1781204902628-3555,RR Lyrae,27367.300,27367.300,27367.300,0.000,0.000,0.000
demo-1781204902628-3554,SN II,27367.100,27367.100,27367.300,0.000,0.200,0.200
demo-1781204902628-3553,RR Lyrae,27367.100,27367.100,27367.100,0.000,0.000,0.000
demo-1781204902627-3552,AGN,27366.900,27367.000,27367.000,0.100,0.000,0.100
demo-1781204902611-3551,RR Lyrae,27350.600,27350.600,27350.700,0.000,0.100,0.100
demo-1781204902611-3550,RR Lyrae,27350.500,27350.500,27350.600,0.000,0.100,0.100
demo-1781204902611-3549,RR Lyrae,27350.500,27350.500,27350.500,0.000,0.000,0.000
demo-1781204902611-3548,SN II,27350.500,27350.500,27350.500,0.000,0.000,0.000
demo-1781204902611-3547,Mira,27350.300,27350.400,27350.400,0.100,0.000,0.100
demo-1781204902611-3546,RR Lyrae,27350.200,27350.200,27350.300,0.000,0.100,0.100
demo-1781204902611-3545,AGN,27350.100,27350.100,27350.200,0.000,0.100,0.100
demo-1781204902610-3544,QSO,27350.000,27350.000,27350.100,0.000,0.100,0.100
demo-1781204902610-3543,QSO,27349.900,27349.900,27350.000,0.000,0.100,0.100
demo-1781204902594-3542,RR Lyrae,27333.800,27333.800,27334.000,0.000,0.200,0.200
demo-1781204902594-3541,Mira,27333.800,27333.800,27333.800,0.000,0.000,0.000
demo-1781204902594-3540,AGN,27333.700,27333.700,27333.800,0.000,0.100,0.100
demo-1781204902594-3539,SN II,27333.700,27333.700,27333.700,0.000,0.000,0.000
demo-1781204902594-3538,AGN,27333.600,27333.600,27333.700,0.000,0.100,0.100
demo-1781204902594-3537,Mira,27333.500,27333.500,27333.600,0.000,0.100,0.100
demo-1781204902594-3536,Mira,27333.400,27333.400,27333.500,0.000,0.100,0.100
demo-1781204902594-3535,SN Ia,27333.400,27333.400,27333.400,0.000,0.000,0.000
demo-1781204902594-3534,SN II,27333.200,27333.300,27333.400,0.100,0.100,0.200
demo-1781204902585-3533,AGN,27324.200,27324.200,27324.300,0.000,0.100,0.100
demo-1781204902585-3532,Unknown,27324.100,27324.100,27324.200,0.000,0.100,0.100
demo-1781204902585-3531,Mira,27324.100,27324.100,27324.100,0.000,0.000,0.000
demo-1781204902584-3530,SN Ia,27324.000,27324.000,27324.100,0.000,0.100,0.100
demo-1781204902584-3529,Mira,27323.900,27323.900,27323.900,0.000,0.000,0.000
demo-1781204902584-3528,Cepheid,27323.800,27323.800,27323.900,0.000,0.100,0.100
demo-1781204902584-3527,Mira,27323.800,27323.800,27323.800,0.000,0.000,0.000
demo-1781204902584-3526,Cepheid,27323.600,27323.600,27323.800,0.000,0.200,0.200
demo-1781204902584-3525,Mira,27323.500,27323.500,27323.600,0.000,0.100,0.100
demo-1781204902580-3524,Mira,27319.900,27319.900,27320.000,0.000,0.100,0.100
demo-1781204902580-3523,AGN,27319.800,27319.800,27319.900,0.000,0.100,0.100
demo-1781204902580-3522,SN Ia,27319.800,27319.800,27319.800,0.000,0.000,0.000
demo-1781204902580-3521,AGN,27319.700,27319.700,27319.800,0.000,0.100,0.100
demo-1781204902580-3520,SN II,27319.600,27319.600,27319.700,0.000,0.100,0.100
demo-1781204902580-3519,SN Ic,27319.600,27319.600,27319.600,0.000,0.000,0.000
demo-1781204902580-3518,QSO,27319.500,27319.500,27319.600,0.000,0.100,0.100
demo-1781204902580-3517,RR Lyrae,27319.400,27319.400,27319.500,0.000,0.100,0.100
demo-1781204902580-3516,AGN,27319.400,27319.400,27319.400,0.000,0.000,0.000
demo-1781204902495-3515,QSO,27234.100,27234.100,27234.100,0.000,0.000,0.000
demo-1781204902494-3514,SN Ic,27233.900,27234.000,27234.100,0.100,0.100,0.200
demo-1781204902494-3513,AGN,27233.900,27233.900,27233.900,0.000,0.000,0.000
demo-1781204902494-3512,Mira,27233.800,27233.800,27233.900,0.000,0.100,0.100
demo-1781204902494-3511,RR Lyrae,27233.800,27233.800,27233.800,0.000,0.000,0.000
demo-1781204902494-3510,QSO,27233.600,27233.600,27233.800,0.000,0.200,0.200
demo-1781204902494-3509,RR Lyrae,27233.500,27233.500,27233.600,0.000,0.100,0.100
demo-1781204902494-3508,AGN,27233.400,27233.500,27233.500,0.100,0.000,0.100
demo-1781204902494-3507,QSO,27233.400,27233.400,27233.400,0.000,0.000,0.000
demo-1781204902478-3506,SN Ia,27217.300,27217.300,27217.400,0.000,0.100,0.100
demo-1781204902478-3505,Mira,27217.200,27217.200,27217.300,0.000,0.100,0.100
demo-1781204902478-3504,AGN,27217.100,27217.100,27217.200,0.000,0.100,0.100
demo-1781204902477-3503,Cepheid,27217.000,27217.000,27217.100,0.000,0.100,0.100
demo-1781204902477-3502,RR Lyrae,27216.900,27216.900,27217.000,0.000,0.100,0.100
demo-1781204902477-3501,RR Lyrae,27216.800,27216.800,27216.900,0.000,0.100,0.100
demo-1781204902477-3500,Unknown,27216.700,27216.800,27216.800,0.100,0.000,0.100
demo-1781204902477-3499,AGN,27216.600,27216.600,27216.700,0.000,0.100,0.100
demo-1781204902477-3498,Mira,27216.600,27216.600,27216.600,0.000,0.000,0.000
demo-1781204902461-3497,RR Lyrae,27200.500,27200.500,27200.600,0.000,0.100,0.100
demo-1781204902461-3496,SN II,27200.500,27200.500,27200.500,0.000,0.000,0.000
demo-1781204902461-3495,LPV,27200.400,27200.400,27200.400,0.000,0.000,0.000
demo-1781204902461-3494,Mira,27200.300,27200.300,27200.400,0.000,0.100,0.100
demo-1781204902461-3493,Unknown,27200.200,27200.200,27200.200,0.000,0.000,0.000
demo-1781204902461-3492,LPV,27200.100,27200.100,27200.200,0.000,0.100,0.100
demo-1781204902460-3491,AGN,27200.000,27200.000,27200.100,0.000,0.100,0.100
demo-1781204902460-3490,RR Lyrae,27199.900,27199.900,27200.000,0.000,0.100,0.100
demo-1781204902460-3489,Mira,27199.800,27199.900,27199.900,0.100,0.000,0.100
demo-1781204902444-3488,Mira,27183.800,27183.800,27183.900,0.000,0.100,0.100
demo-1781204902444-3487,RR Lyrae,27183.800,27183.800,27183.800,0.000,0.000,0.000
demo-1781204902444-3486,RR Lyrae,27183.700,27183.700,27183.800,0.000,0.100,0.100
demo-1781204902444-3485,QSO,27183.700,27183.700,27183.700,0.000,0.000,0.000
demo-1781204902444-3484,AGN,27183.600,27183.600,27183.700,0.000,0.100,0.100
demo-1781204902444-3483,RR Lyrae,27183.600,27183.600,27183.600,0.000,0.000,0.000
demo-1781204902444-3482,SN Ia,27183.500,27183.500,27183.500,0.000,0.000,0.000
demo-1781204902444-3481,Mira,27183.400,27183.400,27183.500,0.000,0.100,0.100
demo-1781204902444-3480,Mira,27183.300,27183.300,27183.400,0.000,0.100,0.100
demo-1781204902428-3479,SN Ia,27167.000,27167.000,27167.100,0.000,0.100,0.100
demo-1781204902427-3478,RR Lyrae,27167.000,27167.000,27167.000,0.000,0.000,0.000
demo-1781204902427-3477,AGN,27166.900,27166.900,27167.000,0.000,0.100,0.100
demo-1781204902427-3476,SN II,27166.900,27166.900,27166.900,0.000,0.000,0.000
demo-1781204902427-3475,Mira,27166.800,27166.800,27166.900,0.000,0.100,0.100
demo-1781204902427-3474,SN Ia,27166.700,27166.700,27166.800,0.000,0.100,0.100
demo-1781204902427-3473,Mira,27166.700,27166.700,27166.700,0.000,0.000,0.000
demo-1781204902427-3472,AGN,27166.600,27166.600,27166.600,0.000,0.000,0.000
demo-1781204902427-3471,AGN,27166.500,27166.500,27166.500,0.000,0.000,0.000
demo-1781204902411-3470,RR Lyrae,27150.400,27150.400,27150.500,0.000,0.100,0.100
demo-1781204902411-3469,SN II,27150.400,27150.400,27150.400,0.000,0.000,0.000
demo-1781204902411-3468,LPV,27150.400,27150.400,27150.400,0.000,0.000,0.000
demo-1781204902411-3467,RR Lyrae,27150.300,27150.300,27150.400,0.000,0.100,0.100
demo-1781204902411-3466,SN II,27150.200,27150.200,27150.300,0.000,0.100,0.100
demo-1781204902411-3465,AGN,27150.200,27150.200,27150.200,0.000,0.000,0.000
demo-1781204902411-3464,Mira,27150.100,27150.100,27150.200,0.000,0.100,0.100
demo-1781204902410-3463,Mira,27150.000,27150.000,27150.100,0.000,0.100,0.100
demo-1781204902410-3462,RR Lyrae,27149.800,27149.800,27150.000,0.000,0.200,0.200
demo-1781204902394-3461,Unknown,27133.800,27133.800,27133.800,0.000,0.000,0.000
demo-1781204902394-3460,RR Lyrae,27133.700,27133.700,27133.800,0.000,0.100,0.100
demo-1781204902394-3459,AGN,27133.700,27133.700,27133.700,0.000,0.000,0.000
demo-1781204902394-3458,Unknown,27133.600,27133.600,27133.700,0.000,0.100,0.100
demo-1781204902394-3457,SN Ic,27133.500,27133.500,27133.600,0.000,0.100,0.100
demo-1781204902394-3456,QSO,27133.500,27133.500,27133.500,0.000,0.000,0.000
demo-1781204902394-3455,QSO,27133.400,27133.400,27133.500,0.000,0.100,0.100
demo-1781204902394-3454,AGN,27133.300,27133.300,27133.400,0.000,0.100,0.100
demo-1781204902394-3453,RR Lyrae,27133.200,27133.200,27133.300,0.000,0.100,0.100
demo-1781204902378-3452,RR Lyrae,27117.300,27117.300,27117.400,0.000,0.100,0.100
demo-1781204902378-3451,AGN,27117.200,27117.200,27117.300,0.000,0.100,0.100
demo-1781204902378-3450,RR Lyrae,27117.100,27117.100,27117.200,0.000,0.100,0.100
demo-1781204902378-3449,AGN,27117.100,27117.100,27117.100,0.000,0.000,0.000
demo-1781204902377-3448,AGN,27117.000,27117.000,27117.100,0.000,0.100,0.100
demo-1781204902377-3447,RR Lyrae,27116.900,27116.900,27117.000,0.000,0.100,0.100
demo-1781204902377-3446,SN Ic,27116.900,27116.900,27116.900,0.000,0.000,0.000
demo-1781204902377-3445,SN Ia,27116.800,27116.800,27116.900,0.000,0.100,0.100
demo-1781204902377-3444,RR Lyrae,27116.700,27116.700,27116.800,0.000,0.100,0.100
demo-1781204902361-3443,Mira,27100.600,27100.600,27100.600,0.000,0.000,0.000
demo-1781204902361-3442,Mira,27100.500,27100.500,27100.600,0.000,0.100,0.100
demo-1781204902361-3441,Unknown,27100.500,27100.500,27100.500,0.000,0.000,0.000
demo-1781204902361-3440,Unknown,27100.300,27100.300,27100.400,0.000,0.100,0.100
demo-1781204902361-3439,Mira,27100.300,27100.300,27100.300,0.000,0.000,0.000
demo-1781204902361-3438,RR Lyrae,27100.200,27100.200,27100.300,0.000,0.100,0.100
demo-1781204902361-3437,RR Lyrae,27100.100,27100.100,27100.200,0.000,0.100,0.100
demo-1781204902360-3436,RR Lyrae,27100.100,27100.100,27100.100,0.000,0.000,0.000
demo-1781204902360-3435,AGN,27100.000,27100.000,27100.000,0.000,0.000,0.000
demo-1781204902344-3434,AGN,27083.900,27083.900,27084.000,0.000,0.100,0.100
demo-1781204902344-3433,AGN,27083.800,27083.800,27083.900,0.000,0.100,0.100
demo-1781204902344-3432,SN Ia,27083.700,27083.700,27083.800,0.000,0.100,0.100
demo-1781204902344-3431,RR Lyrae,27083.700,27083.700,27083.700,0.000,0.000,0.000
demo-1781204902344-3430,RR Lyrae,27083.600,27083.600,27083.700,0.000,0.100,0.100
demo-1781204902344-3429,AGN,27083.500,27083.500,27083.600,0.000,0.100,0.100
demo-1781204902344-3428,SN II,27083.500,27083.500,27083.500,0.000,0.000,0.000
demo-1781204902344-3427,AGN,27083.400,27083.400,27083.500,0.000,0.100,0.100
demo-1781204902344-3426,RR Lyrae,27083.200,27083.300,27083.300,0.100,0.000,0.100
demo-1781204902332-3425,RR Lyrae,27071.500,27071.500,27071.600,0.000,0.100,0.100
demo-1781204902332-3424,RR Lyrae,27071.500,27071.500,27071.500,0.000,0.000,0.000
demo-1781204902332-3423,Mira,27071.400,27071.400,27071.400,0.000,0.000,0.000
demo-1781204902332-3422,SN Ia,27071.300,27071.300,27071.400,0.000,0.100,0.100
demo-1781204902332-3421,SN Ia,27071.300,27071.300,27071.300,0.000,0.000,0.000
demo-1781204902332-3420,AGN,27071.200,27071.200,27071.200,0.000,0.000,0.000
demo-1781204902332-3419,Mira,27071.100,27071.100,27071.200,0.000,0.100,0.100
demo-1781204902331-3418,RR Lyrae,27071.000,27071.100,27071.100,0.100,0.000,0.100
demo-1781204902331-3417,AGN,27070.900,27070.900,27071.000,0.000,0.100,0.100
demo-1781204902327-3416,RR Lyrae,27066.400,27066.400,27066.500,0.000,0.100,0.100
demo-1781204902327-3415,Cepheid,27066.400,27066.400,27066.400,0.000,0.000,0.000
demo-1781204902327-3414,QSO,27066.300,27066.300,27066.400,0.000,0.100,0.100
demo-1781204902327-3413,SN Ia,27066.200,27066.200,27066.200,0.000,0.000,0.000
demo-1781204902327-3412,AGN,27066.200,27066.200,27066.200,0.000,0.000,0.000
demo-1781204902327-3411,SN Ia,27066.100,27066.100,27066.200,0.000,0.100,0.100
demo-1781204902326-3410,RR Lyrae,27066.000,27066.000,27066.100,0.000,0.100,0.100
demo-1781204902326-3409,RR Lyrae,27066.000,27066.000,27066.000,0.000,0.000,0.000
demo-1781204902326-3408,LPV,27065.900,27066.000,27066.000,0.100,0.000,0.100
demo-1781204902244-3407,Mira,26984.000,26984.000,26984.000,0.000,0.000,0.000
demo-1781204902244-3406,RR Lyrae,26983.800,26983.800,26984.000,0.000,0.200,0.200
demo-1781204902244-3405,RR Lyrae,26983.800,26983.800,26983.800,0.000,0.000,0.000
demo-1781204902244-3404,RR Lyrae,26983.800,26983.800,26983.800,0.000,0.000,0.000
demo-1781204902244-3403,Cepheid,26983.700,26983.700,26983.800,0.000,0.100,0.100
demo-1781204902244-3402,Cepheid,26983.600,26983.600,26983.600,0.000,0.000,0.000
demo-1781204902244-3401,AGN,26983.500,26983.500,26983.600,0.000,0.100,0.100
demo-1781204902244-3400,QSO,26983.500,26983.500,26983.500,0.000,0.000,0.000
demo-1781204902244-3399,QSO,26983.400,26983.400,26983.500,0.000,0.100,0.100
demo-1781204902228-3398,SN Ia,26967.500,26967.600,26967.600,0.100,0.000,0.100
demo-1781204902228-3397,LPV,26967.500,26967.500,26967.500,0.000,0.000,0.000
demo-1781204902228-3396,Mira,26967.400,26967.400,26967.400,0.000,0.000,0.000
demo-1781204902228-3395,Unknown,26967.300,26967.300,26967.400,0.000,0.100,0.100
demo-1781204902228-3394,AGN,26967.200,26967.200,26967.300,0.000,0.100,0.100
demo-1781204902228-3393,Unknown,26967.200,26967.200,26967.200,0.000,0.000,0.000
demo-1781204902227-3392,AGN,26967.000,26967.000,26967.200,0.000,0.200,0.200
demo-1781204902227-3391,SN Ic,26967.000,26967.000,26967.000,0.000,0.000,0.000
demo-1781204902227-3390,RR Lyrae,26966.800,26966.800,26967.000,0.000,0.200,0.200
demo-1781204902211-3389,RR Lyrae,26950.800,26950.800,26950.900,0.000,0.100,0.100
demo-1781204902211-3388,RR Lyrae,26950.700,26950.700,26950.800,0.000,0.100,0.100
demo-1781204902211-3387,SN Ia,26950.600,26950.600,26950.700,0.000,0.100,0.100
demo-1781204902211-3386,Mira,26950.600,26950.600,26950.600,0.000,0.000,0.000
demo-1781204902211-3385,AGN,26950.600,26950.600,26950.600,0.000,0.000,0.000
demo-1781204902211-3384,RR Lyrae,26950.400,26950.400,26950.500,0.000,0.100,0.100
demo-1781204902211-3383,SN Ia,26950.300,26950.300,26950.400,0.000,0.100,0.100
demo-1781204902211-3382,Mira,26950.300,26950.300,26950.300,0.000,0.000,0.000
demo-1781204902211-3381,SN II,26950.200,26950.200,26950.300,0.000,0.100,0.100
demo-1781204902194-3380,Cepheid,26934.000,26934.000,26934.100,0.000,0.100,0.100
demo-1781204902194-3379,RR Lyrae,26934.000,26934.000,26934.000,0.000,0.000,0.000
demo-1781204902194-3378,AGN,26933.900,26933.900,26934.000,0.000,0.100,0.100
demo-1781204902194-3377,QSO,26933.800,26933.800,26933.900,0.000,0.100,0.100
demo-1781204902194-3376,AGN,26933.800,26933.800,26933.800,0.000,0.000,0.000
demo-1781204902194-3375,RR Lyrae,26933.600,26933.600,26933.800,0.000,0.200,0.200
demo-1781204902194-3374,Mira,26933.500,26933.600,26933.600,0.100,0.000,0.100
demo-1781204902194-3373,Mira,26933.500,26933.500,26933.500,0.000,0.000,0.000
demo-1781204902194-3372,Mira,26933.300,26933.300,26933.400,0.000,0.100,0.100
demo-1781204902178-3371,AGN,26917.200,26917.200,26917.200,0.000,0.000,0.000
demo-1781204902178-3370,Unknown,26917.100,26917.100,26917.200,0.000,0.100,0.100
demo-1781204902177-3369,AGN,26917.000,26917.000,26917.100,0.000,0.100,0.100
demo-1781204902177-3368,RR Lyrae,26917.000,26917.000,26917.000,0.000,0.000,0.000
demo-1781204902177-3367,AGN,26916.900,26916.900,26917.000,0.000,0.100,0.100
demo-1781204902177-3366,Mira,26916.900,26916.900,26916.900,0.000,0.000,0.000
demo-1781204902177-3365,AGN,26916.800,26916.800,26916.900,0.000,0.100,0.100
demo-1781204902177-3364,QSO,26916.700,26916.700,26916.800,0.000,0.100,0.100
demo-1781204902177-3363,Mira,26916.600,26916.700,26916.700,0.100,0.000,0.100
demo-1781204902161-3362,AGN,26900.300,26900.300,26900.400,0.000,0.100,0.100
demo-1781204902161-3361,AGN,26900.300,26900.300,26900.300,0.000,0.000,0.000
demo-1781204902161-3360,Mira,26900.200,26900.200,26900.300,0.000,0.100,0.100
demo-1781204902161-3359,AGN,26900.200,26900.200,26900.200,0.000,0.000,0.000
demo-1781204902161-3358,Mira,26900.100,26900.100,26900.200,0.000,0.100,0.100
demo-1781204902160-3357,RR Lyrae,26900.100,26900.100,26900.100,0.000,0.000,0.000
demo-1781204902160-3356,AGN,26900.000,26900.000,26900.000,0.000,0.000,0.000
demo-1781204902160-3355,Mira,26899.900,26899.900,26900.000,0.000,0.100,0.100
demo-1781204902160-3354,RR Lyrae,26899.700,26899.700,26899.900,0.000,0.200,0.200
demo-1781204902144-3353,AGN,26883.700,26883.700,26883.800,0.000,0.100,0.100
demo-1781204902144-3352,RR Lyrae,26883.700,26883.700,26883.700,0.000,0.000,0.000
demo-1781204902144-3351,SN II,26883.700,26883.700,26883.700,0.000,0.000,0.000
demo-1781204902144-3350,AGN,26883.500,26883.500,26883.600,0.000,0.100,0.100
demo-1781204902144-3349,LPV,26883.400,26883.400,26883.500,0.000,0.100,0.100
demo-1781204902144-3348,SN II,26883.400,26883.400,26883.400,0.000,0.000,0.000
demo-1781204902144-3347,Mira,26883.400,26883.400,26883.400,0.000,0.000,0.000
demo-1781204902144-3346,RR Lyrae,26883.200,26883.200,26883.400,0.000,0.200,0.200
demo-1781204902144-3345,AGN,26883.100,26883.100,26883.200,0.000,0.100,0.100
demo-1781204902128-3344,LPV,26867.100,26867.100,26867.200,0.000,0.100,0.100
demo-1781204902127-3343,LPV,26867.000,26867.000,26867.100,0.000,0.100,0.100
demo-1781204902127-3342,Mira,26867.000,26867.000,26867.000,0.000,0.000,0.000
demo-1781204902127-3341,RR Lyrae,26866.900,26866.900,26867.000,0.000,0.100,0.100
demo-1781204902127-3340,Mira,26866.800,26866.800,26866.900,0.000,0.100,0.100
demo-1781204902127-3339,LPV,26866.800,26866.800,26866.800,0.000,0.000,0.000
demo-1781204902127-3338,Mira,26866.600,26866.600,26866.700,0.000,0.100,0.100
demo-1781204902127-3337,SN Ia,26866.600,26866.600,26866.600,0.000,0.000,0.000
demo-1781204902127-3336,Unknown,26866.600,26866.600,26866.600,0.000,0.000,0.000
demo-1781204902111-3335,SN II,26850.500,26850.500,26850.500,0.000,0.000,0.000
demo-1781204902111-3334,Mira,26850.400,26850.400,26850.500,0.000,0.100,0.100
demo-1781204902111-3333,RR Lyrae,26850.400,26850.400,26850.400,0.000,0.000,0.000
demo-1781204902111-3332,Cepheid,26850.200,26850.200,26850.300,0.000,0.100,0.100
demo-1781204902111-3331,RR Lyrae,26850.200,26850.200,26850.200,0.000,0.000,0.000
demo-1781204902111-3330,RR Lyrae,26850.100,26850.100,26850.200,0.000,0.100,0.100
demo-1781204902111-3329,Mira,26850.000,26850.000,26850.100,0.000,0.100,0.100
demo-1781204902110-3328,Mira,26850.000,26850.000,26850.000,0.000,0.000,0.000
demo-1781204902110-3327,LPV,26849.900,26849.900,26850.000,0.000,0.100,0.100
demo-1781204902093-3326,Mira,26832.800,26832.900,26832.900,0.100,0.000,0.100
demo-1781204902093-3325,Unknown,26832.800,26832.800,26832.800,0.000,0.000,0.000
demo-1781204902093-3324,RR Lyrae,26832.700,26832.700,26832.800,0.000,0.100,0.100
demo-1781204902093-3323,RR Lyrae,26832.700,26832.700,26832.700,0.000,0.000,0.000
demo-1781204902093-3322,RR Lyrae,26832.600,26832.600,26832.700,0.000,0.100,0.100
demo-1781204902093-3321,LPV,26832.500,26832.500,26832.600,0.000,0.100,0.100
demo-1781204902093-3320,Unknown,26832.400,26832.400,26832.500,0.000,0.100,0.100
demo-1781204902093-3319,QSO,26832.400,26832.400,26832.400,0.000,0.000,0.000
demo-1781204902093-3318,Mira,26832.300,26832.300,26832.400,0.000,0.100,0.100
demo-1781204902081-3317,QSO,26820.300,26820.300,26820.400,0.000,0.100,0.100
demo-1781204902081-3316,RR Lyrae,26820.200,26820.200,26820.300,0.000,0.100,0.100
demo-1781204902081-3315,Mira,26820.200,26820.200,26820.200,0.000,0.000,0.000
demo-1781204902081-3314,SN Ia,26820.100,26820.100,26820.200,0.000,0.100,0.100
demo-1781204902081-3313,SN II,26820.000,26820.000,26820.100,0.000,0.100,0.100
demo-1781204902080-3312,SN Ia,26820.000,26820.000,26820.000,0.000,0.000,0.000
demo-1781204902080-3311,RR Lyrae,26819.900,26819.900,26820.000,0.000,0.100,0.100
demo-1781204902080-3310,Mira,26819.900,26819.900,26819.900,0.000,0.000,0.000
demo-1781204902080-3309,Unknown,26819.800,26819.800,26819.800,0.000,0.000,0.000
demo-1781204902077-3308,LPV,26816.100,26816.100,26816.100,0.000,0.000,0.000
demo-1781204902076-3307,RR Lyrae,26816.000,26816.000,26816.100,0.000,0.100,0.100
demo-1781204902076-3306,RR Lyrae,26816.000,26816.000,26816.000,0.000,0.000,0.000
demo-1781204902076-3305,RR Lyrae,26815.900,26815.900,26816.000,0.000,0.100,0.100
demo-1781204902076-3304,AGN,26815.800,26815.900,26815.900,0.100,0.000,0.100
demo-1781204902076-3303,Mira,26815.800,26815.800,26815.800,0.000,0.000,0.000
demo-1781204902076-3302,AGN,26815.700,26815.700,26815.800,0.000,0.100,0.100
demo-1781204902076-3301,AGN,26815.600,26815.600,26815.700,0.000,0.100,0.100
demo-1781204902076-3300,Mira,26815.600,26815.600,26815.600,0.000,0.000,0.000
demo-1781204901994-3299,Mira,26733.800,26733.800,26734.000,0.000,0.200,0.200
demo-1781204901994-3298,AGN,26733.800,26733.800,26733.800,0.000,0.000,0.000
demo-1781204901994-3297,Cepheid,26733.800,26733.800,26733.800,0.000,0.000,0.000
demo-1781204901994-3296,AGN,26733.700,26733.700,26733.800,0.000,0.100,0.100
demo-1781204901994-3295,RR Lyrae,26733.600,26733.600,26733.700,0.000,0.100,0.100
demo-1781204901994-3294,RR Lyrae,26733.600,26733.600,26733.600,0.000,0.000,0.000
demo-1781204901994-3293,RR Lyrae,26733.500,26733.500,26733.600,0.000,0.100,0.100
demo-1781204901994-3292,SN Ia,26733.400,26733.400,26733.500,0.000,0.100,0.100
demo-1781204901994-3291,Unknown,26733.300,26733.300,26733.400,0.000,0.100,0.100
demo-1781204901978-3290,Mira,26717.400,26717.400,26717.500,0.000,0.100,0.100
demo-1781204901978-3289,LPV,26717.300,26717.300,26717.400,0.000,0.100,0.100
demo-1781204901978-3288,Cepheid,26717.200,26717.200,26717.300,0.000,0.100,0.100
demo-1781204901978-3287,SN II,26717.200,26717.200,26717.200,0.000,0.000,0.000
demo-1781204901978-3286,Cepheid,26717.100,26717.100,26717.200,0.000,0.100,0.100
demo-1781204901978-3285,RR Lyrae,26717.000,26717.000,26717.100,0.000,0.100,0.100
demo-1781204901977-3284,AGN,26717.000,26717.000,26717.000,0.000,0.000,0.000
demo-1781204901977-3283,QSO,26717.000,26717.000,26717.000,0.000,0.000,0.000
demo-1781204901977-3282,SN Ia,26716.800,26716.800,26717.000,0.000,0.200,0.200
demo-1781204901961-3281,RR Lyrae,26700.700,26700.700,26700.700,0.000,0.000,0.000
demo-1781204901961-3280,SN II,26700.600,26700.600,26700.700,0.000,0.100,0.100
demo-1781204901961-3279,RR Lyrae,26700.500,26700.500,26700.600,0.000,0.100,0.100
demo-1781204901961-3278,AGN,26700.400,26700.400,26700.500,0.000,0.100,0.100
demo-1781204901961-3277,RR Lyrae,26700.300,26700.300,26700.400,0.000,0.100,0.100
demo-1781204901961-3276,RR Lyrae,26700.300,26700.300,26700.300,0.000,0.000,0.000
demo-1781204901961-3275,SN Ia,26700.200,26700.200,26700.200,0.000,0.000,0.000
demo-1781204901961-3274,Cepheid,26700.100,26700.100,26700.200,0.000,0.100,0.100
demo-1781204901960-3273,LPV,26700.000,26700.000,26700.100,0.000,0.100,0.100
demo-1781204901947-3272,Cepheid,26686.800,26686.800,26686.800,0.000,0.000,0.000
demo-1781204901947-3271,Mira,26686.700,26686.800,26686.800,0.100,0.000,0.100
demo-1781204901947-3270,SN Ic,26686.700,26686.700,26686.700,0.000,0.000,0.000
demo-1781204901947-3269,AGN,26686.600,26686.600,26686.700,0.000,0.100,0.100
demo-1781204901947-3268,Mira,26686.600,26686.600,26686.600,0.000,0.000,0.000
demo-1781204901947-3267,RR Lyrae,26686.500,26686.500,26686.600,0.000,0.100,0.100
demo-1781204901947-3266,AGN,26686.400,26686.400,26686.500,0.000,0.100,0.100
demo-1781204901947-3265,SN Ia,26686.300,26686.400,26686.400,0.100,0.000,0.100
demo-1781204901947-3264,Unknown,26686.300,26686.300,26686.300,0.000,0.000,0.000
demo-1781204901928-3263,AGN,26667.200,26667.200,26667.300,0.000,0.100,0.100
demo-1781204901928-3262,SN II,26667.100,26667.100,26667.200,0.000,0.100,0.100
demo-1781204901928-3261,RR Lyrae,26667.100,26667.100,26667.100,0.000,0.000,0.000
demo-1781204901927-3260,AGN,26667.000,26667.000,26667.100,0.000,0.100,0.100
demo-1781204901927-3259,RR Lyrae,26667.000,26667.000,26667.000,0.000,0.000,0.000
demo-1781204901927-3258,SN II,26666.900,26666.900,26667.000,0.000,0.100,0.100
demo-1781204901927-3257,SN II,26666.800,26666.800,26666.900,0.000,0.100,0.100
demo-1781204901927-3256,Mira,26666.700,26666.700,26666.800,0.000,0.100,0.100
demo-1781204901927-3255,SN Ia,26666.600,26666.600,26666.700,0.000,0.100,0.100
demo-1781204901911-3254,RR Lyrae,26650.500,26650.500,26650.500,0.000,0.000,0.000
demo-1781204901911-3253,AGN,26650.500,26650.500,26650.500,0.000,0.000,0.000
demo-1781204901911-3252,RR Lyrae,26650.400,26650.400,26650.400,0.000,0.000,0.000
demo-1781204901911-3251,RR Lyrae,26650.300,26650.300,26650.400,0.000,0.100,0.100
demo-1781204901911-3250,AGN,26650.200,26650.200,26650.300,0.000,0.100,0.100
demo-1781204901911-3249,Mira,26650.200,26650.200,26650.200,0.000,0.000,0.000
demo-1781204901911-3248,Mira,26650.100,26650.100,26650.200,0.000,0.100,0.100
demo-1781204901910-3247,AGN,26650.000,26650.000,26650.100,0.000,0.100,0.100
demo-1781204901910-3246,Unknown,26649.900,26650.000,26650.000,0.100,0.000,0.100
demo-1781204901894-3245,SN II,26633.500,26633.500,26633.700,0.000,0.200,0.200
demo-1781204901894-3244,QSO,26633.500,26633.500,26633.500,0.000,0.000,0.000
demo-1781204901894-3243,RR Lyrae,26633.500,26633.500,26633.500,0.000,0.000,0.000
demo-1781204901894-3242,QSO,26633.400,26633.400,26633.400,0.000,0.000,0.000
demo-1781204901894-3241,RR Lyrae,26633.300,26633.300,26633.400,0.000,0.100,0.100
demo-1781204901894-3240,AGN,26633.300,26633.300,26633.300,0.000,0.000,0.000
demo-1781204901894-3239,RR Lyrae,26633.200,26633.200,26633.300,0.000,0.100,0.100
demo-1781204901894-3238,RR Lyrae,26633.200,26633.200,26633.200,0.000,0.000,0.000
demo-1781204901894-3237,RR Lyrae,26633.100,26633.100,26633.200,0.000,0.100,0.100
demo-1781204901877-3236,Mira,26617.000,26617.000,26617.100,0.000,0.100,0.100
demo-1781204901877-3235,RR Lyrae,26616.900,26616.900,26616.900,0.000,0.000,0.000
demo-1781204901877-3234,AGN,26616.900,26616.900,26616.900,0.000,0.000,0.000
demo-1781204901877-3233,Mira,26616.800,26616.800,26616.900,0.000,0.100,0.100
demo-1781204901877-3232,Mira,26616.700,26616.700,26616.800,0.000,0.100,0.100
demo-1781204901877-3231,RR Lyrae,26616.700,26616.700,26616.700,0.000,0.000,0.000
demo-1781204901877-3230,Mira,26616.600,26616.600,26616.700,0.000,0.100,0.100
demo-1781204901877-3229,Mira,26616.500,26616.500,26616.600,0.000,0.100,0.100
demo-1781204901877-3228,Mira,26616.500,26616.500,26616.500,0.000,0.000,0.000
demo-1781204901861-3227,RR Lyrae,26600.400,26600.400,26600.400,0.000,0.000,0.000
demo-1781204901861-3226,Mira,26600.400,26600.400,26600.400,0.000,0.000,0.000
demo-1781204901861-3225,QSO,26600.300,26600.300,26600.400,0.000,0.100,0.100
demo-1781204901861-3224,AGN,26600.200,26600.200,26600.300,0.000,0.100,0.100
demo-1781204901861-3223,SN II,26600.200,26600.200,26600.200,0.000,0.000,0.000
demo-1781204901861-3222,Mira,26600.100,26600.100,26600.200,0.000,0.100,0.100
demo-1781204901861-3221,RR Lyrae,26600.100,26600.100,26600.100,0.000,0.000,0.000
demo-1781204901860-3220,AGN,26600.000,26600.000,26600.100,0.000,0.100,0.100
demo-1781204901860-3219,RR Lyrae,26599.900,26599.900,26600.000,0.000,0.100,0.100
demo-1781204901844-3218,Unknown,26584.000,26584.000,26584.000,0.000,0.000,0.000
demo-1781204901844-3217,RR Lyrae,26584.000,26584.000,26584.000,0.000,0.000,0.000
demo-1781204901844-3216,RR Lyrae,26583.900,26583.900,26584.000,0.000,0.100,0.100
demo-1781204901844-3215,RR Lyrae,26583.900,26583.900,26583.900,0.000,0.000,0.000
demo-1781204901844-3214,Mira,26583.800,26583.800,26583.900,0.000,0.100,0.100
demo-1781204901844-3213,QSO,26583.700,26583.700,26583.800,0.000,0.100,0.100
demo-1781204901844-3212,RR Lyrae,26583.600,26583.600,26583.700,0.000,0.100,0.100
demo-1781204901844-3211,SN II,26583.600,26583.600,26583.600,0.000,0.000,0.000
demo-1781204901844-3210,Cepheid,26583.500,26583.500,26583.600,0.000,0.100,0.100
demo-1781204901829-3209,RR Lyrae,26568.200,26568.200,26568.200,0.000,0.000,0.000
demo-1781204901829-3208,Mira,26568.200,26568.200,26568.200,0.000,0.000,0.000
demo-1781204901829-3207,Mira,26568.100,26568.100,26568.200,0.000,0.100,0.100
demo-1781204901828-3206,RR Lyrae,26568.100,26568.100,26568.100,0.000,0.000,0.000
demo-1781204901828-3205,AGN,26568.000,26568.000,26568.100,0.000,0.100,0.100
demo-1781204901828-3204,AGN,26567.900,26567.900,26568.000,0.000,0.100,0.100
demo-1781204901828-3203,SN Ia,26567.900,26567.900,26567.900,0.000,0.000,0.000
demo-1781204901828-3202,RR Lyrae,26567.800,26567.800,26567.900,0.000,0.100,0.100
demo-1781204901828-3201,AGN,26567.700,26567.700,26567.800,0.000,0.100,0.100
demo-1781204901825-3200,RR Lyrae,26564.200,26564.200,26564.200,0.000,0.000,0.000
demo-1781204901825-3199,Unknown,26564.100,26564.100,26564.200,0.000,0.100,0.100
demo-1781204901825-3198,AGN,26564.100,26564.100,26564.100,0.000,0.000,0.000
demo-1781204901824-3197,RR Lyrae,26564.100,26564.100,26564.100,0.000,0.000,0.000
demo-1781204901824-3196,RR Lyrae,26563.900,26563.900,26564.100,0.000,0.200,0.200
demo-1781204901824-3195,Cepheid,26563.900,26563.900,26563.900,0.000,0.000,0.000
demo-1781204901824-3194,Unknown,26563.900,26563.900,26563.900,0.000,0.000,0.000
demo-1781204901824-3193,RR Lyrae,26563.800,26563.800,26563.900,0.000,0.100,0.100
demo-1781204901824-3192,Mira,26563.700,26563.700,26563.800,0.000,0.100,0.100
demo-1781204901744-3191,RR Lyrae,26483.600,26483.600,26483.700,0.000,0.100,0.100
demo-1781204901744-3190,LPV,26483.600,26483.600,26483.600,0.000,0.000,0.000
demo-1781204901744-3189,LPV,26483.500,26483.500,26483.500,0.000,0.000,0.000
demo-1781204901744-3188,SN Ia,26483.400,26483.400,26483.500,0.000,0.100,0.100
demo-1781204901744-3187,SN Ic,26483.400,26483.400,26483.400,0.000,0.000,0.000
demo-1781204901744-3186,AGN,26483.300,26483.300,26483.300,0.000,0.000,0.000
demo-1781204901744-3185,LPV,26483.300,26483.300,26483.300,0.000,0.000,0.000
demo-1781204901744-3184,AGN,26483.200,26483.200,26483.300,0.000,0.100,0.100
demo-1781204901744-3183,Mira,26483.200,26483.200,26483.200,0.000,0.000,0.000
demo-1781204901728-3182,RR Lyrae,26467.100,26467.100,26467.200,0.000,0.100,0.100
demo-1781204901727-3181,AGN,26467.100,26467.100,26467.100,0.000,0.000,0.000
demo-1781204901727-3180,AGN,26467.000,26467.000,26467.100,0.000,0.100,0.100
demo-1781204901727-3179,AGN,26466.900,26466.900,26467.000,0.000,0.100,0.100
demo-1781204901727-3178,AGN,26466.800,26466.800,26466.900,0.000,0.100,0.100
demo-1781204901727-3177,Cepheid,26466.800,26466.800,26466.800,0.000,0.000,0.000
demo-1781204901727-3176,AGN,26466.700,26466.700,26466.800,0.000,0.100,0.100
demo-1781204901727-3175,RR Lyrae,26466.700,26466.700,26466.700,0.000,0.000,0.000
demo-1781204901727-3174,AGN,26466.600,26466.600,26466.700,0.000,0.100,0.100
demo-1781204901711-3173,Mira,26450.600,26450.600,26450.700,0.000,0.100,0.100
demo-1781204901711-3172,AGN,26450.500,26450.500,26450.600,0.000,0.100,0.100
demo-1781204901711-3171,Mira,26450.500,26450.500,26450.500,0.000,0.000,0.000
demo-1781204901711-3170,SN Ia,26450.500,26450.500,26450.500,0.000,0.000,0.000
demo-1781204901711-3169,RR Lyrae,26450.400,26450.400,26450.500,0.000,0.100,0.100
demo-1781204901711-3168,Mira,26450.300,26450.300,26450.400,0.000,0.100,0.100
demo-1781204901711-3167,LPV,26450.200,26450.200,26450.300,0.000,0.100,0.100
demo-1781204901711-3166,RR Lyrae,26450.200,26450.200,26450.200,0.000,0.000,0.000
demo-1781204901711-3165,QSO,26450.100,26450.100,26450.200,0.000,0.100,0.100
demo-1781204901694-3164,SN Ia,26433.900,26433.900,26434.100,0.000,0.200,0.200
demo-1781204901694-3163,AGN,26433.900,26433.900,26433.900,0.000,0.000,0.000
demo-1781204901694-3162,QSO,26433.900,26433.900,26433.900,0.000,0.000,0.000
demo-1781204901694-3161,AGN,26433.700,26433.700,26433.900,0.000,0.200,0.200
demo-1781204901694-3160,Cepheid,26433.700,26433.700,26433.700,0.000,0.000,0.000
demo-1781204901694-3159,AGN,26433.600,26433.600,26433.700,0.000,0.100,0.100
demo-1781204901694-3158,SN Ia,26433.500,26433.500,26433.600,0.000,0.100,0.100
demo-1781204901694-3157,Mira,26433.500,26433.500,26433.500,0.000,0.000,0.000
demo-1781204901694-3156,RR Lyrae,26433.400,26433.400,26433.500,0.000,0.100,0.100
demo-1781204901678-3155,LPV,26417.300,26417.300,26417.400,0.000,0.100,0.100
demo-1781204901678-3154,SN II,26417.300,26417.300,26417.300,0.000,0.000,0.000
demo-1781204901678-3153,Mira,26417.200,26417.200,26417.200,0.000,0.000,0.000
demo-1781204901678-3152,AGN,26417.100,26417.100,26417.200,0.000,0.100,0.100
demo-1781204901678-3151,RR Lyrae,26417.100,26417.100,26417.100,0.000,0.000,0.000
demo-1781204901677-3150,RR Lyrae,26417.000,26417.000,26417.100,0.000,0.100,0.100
demo-1781204901677-3149,RR Lyrae,26417.000,26417.000,26417.000,0.000,0.000,0.000
demo-1781204901677-3148,Mira,26416.800,26416.800,26416.900,0.000,0.100,0.100
demo-1781204901677-3147,RR Lyrae,26416.800,26416.800,26416.800,0.000,0.000,0.000
demo-1781204901661-3146,Unknown,26400.600,26400.600,26400.600,0.000,0.000,0.000
demo-1781204901661-3145,Unknown,26400.500,26400.500,26400.600,0.000,0.100,0.100
demo-1781204901661-3144,SN Ia,26400.400,26400.400,26400.500,0.000,0.100,0.100
demo-1781204901661-3143,SN Ia,26400.300,26400.300,26400.400,0.000,0.100,0.100
demo-1781204901661-3142,RR Lyrae,26400.200,26400.200,26400.300,0.000,0.100,0.100
demo-1781204901661-3141,Cepheid,26400.100,26400.100,26400.200,0.000,0.100,0.100
demo-1781204901661-3140,RR Lyrae,26400.100,26400.100,26400.100,0.000,0.000,0.000
demo-1781204901660-3139,QSO,26400.000,26400.000,26400.100,0.000,0.100,0.100
demo-1781204901660-3138,AGN,26400.000,26400.000,26400.000,0.000,0.000,0.000
demo-1781204901644-3137,Unknown,26383.800,26383.800,26383.800,0.000,0.000,0.000
demo-1781204901644-3136,SN Ia,26383.700,26383.700,26383.700,0.000,0.000,0.000
demo-1781204901644-3135,RR Lyrae,26383.600,26383.600,26383.700,0.000,0.100,0.100
demo-1781204901644-3134,SN II,26383.600,26383.600,26383.600,0.000,0.000,0.000
demo-1781204901644-3133,QSO,26383.600,26383.600,26383.600,0.000,0.000,0.000
demo-1781204901644-3132,Mira,26383.400,26383.400,26383.500,0.000,0.100,0.100
demo-1781204901644-3131,LPV,26383.400,26383.400,26383.400,0.000,0.000,0.000
demo-1781204901644-3130,Mira,26383.300,26383.300,26383.400,0.000,0.100,0.100
demo-1781204901644-3129,SN Ia,26383.200,26383.200,26383.300,0.000,0.100,0.100
demo-1781204901627-3128,Mira,26367.000,26367.000,26367.000,0.000,0.000,0.000
demo-1781204901627-3127,Mira,26366.900,26366.900,26367.000,0.000,0.100,0.100
demo-1781204901627-3126,SN II,26366.800,26366.800,26366.900,0.000,0.100,0.100
demo-1781204901627-3125,RR Lyrae,26366.800,26366.800,26366.800,0.000,0.000,0.000
demo-1781204901627-3124,Unknown,26366.700,26366.700,26366.800,0.000,0.100,0.100
demo-1781204901627-3123,RR Lyrae,26366.700,26366.700,26366.700,0.000,0.000,0.000
demo-1781204901627-3122,Mira,26366.600,26366.600,26366.700,0.000,0.100,0.100
demo-1781204901627-3121,RR Lyrae,26366.500,26366.500,26366.600,0.000,0.100,0.100
demo-1781204901627-3120,AGN,26366.400,26366.400,26366.500,0.000,0.100,0.100
demo-1781204901611-3119,SN II,26350.300,26350.300,26350.300,0.000,0.000,0.000
demo-1781204901611-3118,SN Ia,26350.200,26350.200,26350.300,0.000,0.100,0.100
demo-1781204901611-3117,Cepheid,26350.200,26350.200,26350.200,0.000,0.000,0.000
demo-1781204901611-3116,Mira,26350.100,26350.100,26350.100,0.000,0.000,0.000
demo-1781204901610-3115,Cepheid,26350.000,26350.000,26350.100,0.000,0.100,0.100
demo-1781204901610-3114,Unknown,26349.900,26349.900,26350.000,0.000,0.100,0.100
demo-1781204901610-3113,AGN,26349.900,26349.900,26349.900,0.000,0.000,0.000
demo-1781204901610-3112,RR Lyrae,26349.800,26349.800,26349.900,0.000,0.100,0.100
demo-1781204901610-3111,AGN,26349.800,26349.800,26349.800,0.000,0.000,0.000
demo-1781204901594-3110,AGN,26333.700,26333.700,26333.800,0.000,0.100,0.100
demo-1781204901594-3109,SN II,26333.700,26333.700,26333.700,0.000,0.000,0.000
demo-1781204901594-3108,SN Ic,26333.700,26333.700,26333.700,0.000,0.000,0.000
demo-1781204901594-3107,SN II,26333.600,26333.600,26333.700,0.000,0.100,0.100
demo-1781204901594-3106,AGN,26333.600,26333.600,26333.600,0.000,0.000,0.000
demo-1781204901594-3105,AGN,26333.500,26333.500,26333.500,0.000,0.000,0.000
demo-1781204901594-3104,AGN,26333.400,26333.400,26333.500,0.000,0.100,0.100
demo-1781204901594-3103,Mira,26333.300,26333.300,26333.400,0.000,0.100,0.100
demo-1781204901594-3102,RR Lyrae,26333.200,26333.200,26333.300,0.000,0.100,0.100
demo-1781204901585-3101,Mira,26324.400,26324.400,26324.500,0.000,0.100,0.100
demo-1781204901585-3100,Cepheid,26324.300,26324.300,26324.400,0.000,0.100,0.100
demo-1781204901585-3099,LPV,26324.300,26324.300,26324.300,0.000,0.000,0.000
demo-1781204901585-3098,Unknown,26324.200,26324.200,26324.300,0.000,0.100,0.100
demo-1781204901585-3097,RR Lyrae,26324.200,26324.200,26324.200,0.000,0.000,0.000
demo-1781204901585-3096,RR Lyrae,26324.100,26324.100,26324.200,0.000,0.100,0.100
demo-1781204901584-3095,Mira,26324.000,26324.000,26324.100,0.000,0.100,0.100
demo-1781204901584-3094,AGN,26324.000,26324.000,26324.000,0.000,0.000,0.000
demo-1781204901584-3093,Mira,26323.900,26323.900,26324.000,0.000,0.100,0.100
demo-1781204901580-3092,RR Lyrae,26319.900,26319.900,26319.900,0.000,0.000,0.000
demo-1781204901580-3091,RR Lyrae,26319.900,26319.900,26319.900,0.000,0.000,0.000
demo-1781204901580-3090,RR Lyrae,26319.800,26319.800,26319.900,0.000,0.100,0.100
demo-1781204901580-3089,SN II,26319.700,26319.700,26319.800,0.000,0.100,0.100
demo-1781204901580-3088,Mira,26319.700,26319.700,26319.700,0.000,0.000,0.000
demo-1781204901580-3087,AGN,26319.600,26319.700,26319.700,0.100,0.000,0.100
demo-1781204901580-3086,Mira,26319.500,26319.500,26319.600,0.000,0.100,0.100
demo-1781204901580-3085,SN Ia,26319.500,26319.500,26319.500,0.000,0.000,0.000
demo-1781204901580-3084,LPV,26319.400,26319.400,26319.500,0.000,0.100,0.100
demo-1781204901494-3083,RR Lyrae,26233.600,26233.600,26233.600,0.000,0.000,0.000
demo-1781204901494-3082,RR Lyrae,26233.500,26233.500,26233.600,0.000,0.100,0.100
demo-1781204901494-3081,AGN,26233.500,26233.500,26233.500,0.000,0.000,0.000
demo-1781204901494-3080,AGN,26233.400,26233.400,26233.500,0.000,0.100,0.100
demo-1781204901494-3079,AGN,26233.300,26233.300,26233.400,0.000,0.100,0.100
demo-1781204901494-3078,Unknown,26233.200,26233.200,26233.300,0.000,0.100,0.100
demo-1781204901494-3077,AGN,26233.200,26233.200,26233.200,0.000,0.000,0.000
demo-1781204901494-3076,SN Ia,26233.200,26233.200,26233.200,0.000,0.000,0.000
demo-1781204901494-3075,SN II,26233.100,26233.100,26233.200,0.000,0.100,0.100
demo-1781204901477-3074,Mira,26216.900,26216.900,26217.000,0.000,0.100,0.100
demo-1781204901477-3073,AGN,26216.900,26216.900,26216.900,0.000,0.000,0.000
demo-1781204901477-3072,SN II,26216.800,26216.800,26216.800,0.000,0.000,0.000
demo-1781204901477-3071,Mira,26216.800,26216.800,26216.800,0.000,0.000,0.000
demo-1781204901477-3070,SN Ia,26216.700,26216.700,26216.800,0.000,0.100,0.100
demo-1781204901477-3069,Mira,26216.700,26216.700,26216.700,0.000,0.000,0.000
demo-1781204901477-3068,Cepheid,26216.600,26216.600,26216.700,0.000,0.100,0.100
demo-1781204901477-3067,SN Ia,26216.500,26216.500,26216.600,0.000,0.100,0.100
demo-1781204901477-3066,RR Lyrae,26216.400,26216.500,26216.500,0.100,0.000,0.100
demo-1781204901461-3065,AGN,26200.300,26200.300,26200.400,0.000,0.100,0.100
demo-1781204901461-3064,AGN,26200.200,26200.200,26200.300,0.000,0.100,0.100
demo-1781204901461-3063,RR Lyrae,26200.200,26200.200,26200.200,0.000,0.000,0.000
demo-1781204901461-3062,SN Ib,26200.200,26200.200,26200.200,0.000,0.000,0.000
demo-1781204901461-3061,QSO,26200.100,26200.100,26200.100,0.000,0.000,0.000
demo-1781204901460-3060,QSO,26200.000,26200.000,26200.100,0.000,0.100,0.100
demo-1781204901460-3059,RR Lyrae,26199.900,26199.900,26200.000,0.000,0.100,0.100
demo-1781204901460-3058,Unknown,26199.900,26199.900,26199.900,0.000,0.000,0.000
demo-1781204901460-3057,RR Lyrae,26199.800,26199.800,26199.900,0.000,0.100,0.100
demo-1781204901444-3056,SN Ia,26183.800,26183.800,26183.900,0.000,0.100,0.100
demo-1781204901444-3055,Cepheid,26183.700,26183.700,26183.800,0.000,0.100,0.100
demo-1781204901444-3054,AGN,26183.700,26183.700,26183.700,0.000,0.000,0.000
demo-1781204901444-3053,Mira,26183.700,26183.700,26183.700,0.000,0.000,0.000
demo-1781204901444-3052,RR Lyrae,26183.500,26183.500,26183.600,0.000,0.100,0.100
demo-1781204901444-3051,AGN,26183.500,26183.500,26183.500,0.000,0.000,0.000
demo-1781204901444-3050,RR Lyrae,26183.500,26183.500,26183.500,0.000,0.000,0.000
demo-1781204901444-3049,Mira,26183.400,26183.400,26183.500,0.000,0.100,0.100
demo-1781204901444-3048,RR Lyrae,26183.300,26183.300,26183.400,0.000,0.100,0.100
demo-1781204901428-3047,Unknown,26167.300,26167.300,26167.300,0.000,0.000,0.000
demo-1781204901428-3046,QSO,26167.200,26167.200,26167.300,0.000,0.100,0.100
demo-1781204901428-3045,RR Lyrae,26167.100,26167.100,26167.200,0.000,0.100,0.100
demo-1781204901428-3044,QSO,26167.100,26167.100,26167.100,0.000,0.000,0.000
demo-1781204901427-3043,AGN,26167.000,26167.000,26167.000,0.000,0.000,0.000
demo-1781204901427-3042,RR Lyrae,26166.900,26166.900,26167.000,0.000,0.100,0.100
demo-1781204901427-3041,RR Lyrae,26166.800,26166.800,26166.800,0.000,0.000,0.000
demo-1781204901427-3040,QSO,26166.700,26166.700,26166.800,0.000,0.100,0.100
demo-1781204901427-3039,AGN,26166.600,26166.600,26166.700,0.000,0.100,0.100
demo-1781204901411-3038,AGN,26150.500,26150.500,26150.500,0.000,0.000,0.000
demo-1781204901411-3037,SN Ia,26150.400,26150.400,26150.500,0.000,0.100,0.100
demo-1781204901411-3036,RR Lyrae,26150.300,26150.300,26150.300,0.000,0.000,0.000
demo-1781204901411-3035,SN Ia,26150.200,26150.200,26150.300,0.000,0.100,0.100
demo-1781204901411-3034,AGN,26150.200,26150.200,26150.200,0.000,0.000,0.000
demo-1781204901411-3033,Unknown,26150.100,26150.100,26150.200,0.000,0.100,0.100
demo-1781204901410-3032,Cepheid,26150.100,26150.100,26150.100,0.000,0.000,0.000
demo-1781204901410-3031,Mira,26149.900,26149.900,26150.100,0.000,0.200,0.200
demo-1781204901410-3030,Mira,26149.900,26149.900,26149.900,0.000,0.000,0.000
demo-1781204901394-3029,RR Lyrae,26133.900,26133.900,26133.900,0.000,0.000,0.000
demo-1781204901394-3028,Cepheid,26133.900,26133.900,26133.900,0.000,0.000,0.000
demo-1781204901394-3027,AGN,26133.800,26133.800,26133.900,0.000,0.100,0.100
demo-1781204901394-3026,SN Ic,26133.800,26133.800,26133.800,0.000,0.000,0.000
demo-1781204901394-3025,RR Lyrae,26133.700,26133.700,26133.800,0.000,0.100,0.100
demo-1781204901394-3024,RR Lyrae,26133.600,26133.600,26133.700,0.000,0.100,0.100
demo-1781204901394-3023,RR Lyrae,26133.500,26133.500,26133.600,0.000,0.100,0.100
demo-1781204901394-3022,AGN,26133.500,26133.500,26133.500,0.000,0.000,0.000
demo-1781204901394-3021,RR Lyrae,26133.300,26133.400,26133.500,0.100,0.100,0.200
demo-1781204901379-3020,RR Lyrae,26118.900,26118.900,26118.900,0.000,0.000,0.000
demo-1781204901379-3019,RR Lyrae,26118.800,26118.800,26118.900,0.000,0.100,0.100
demo-1781204901379-3018,AGN,26118.800,26118.800,26118.800,0.000,0.000,0.000
demo-1781204901379-3017,RR Lyrae,26118.700,26118.700,26118.800,0.000,0.100,0.100
demo-1781204901379-3016,Mira,26118.700,26118.700,26118.700,0.000,0.000,0.000
demo-1781204901379-3015,Cepheid,26118.600,26118.600,26118.700,0.000,0.100,0.100
demo-1781204901379-3014,AGN,26118.500,26118.500,26118.600,0.000,0.100,0.100
demo-1781204901379-3013,AGN,26118.400,26118.400,26118.500,0.000,0.100,0.100
demo-1781204901379-3012,Unknown,26118.400,26118.400,26118.400,0.000,0.000,0.000
demo-1781204901371-3011,AGN,26110.300,26110.300,26110.400,0.000,0.100,0.100
demo-1781204901371-3010,RR Lyrae,26110.300,26110.300,26110.300,0.000,0.000,0.000
demo-1781204901371-3009,RR Lyrae,26110.300,26110.300,26110.300,0.000,0.000,0.000
demo-1781204901371-3008,RR Lyrae,26110.200,26110.200,26110.200,0.000,0.000,0.000
demo-1781204901371-3007,SN Ic,26110.100,26110.100,26110.200,0.000,0.100,0.100
demo-1781204901371-3006,Unknown,26110.100,26110.100,26110.100,0.000,0.000,0.000
demo-1781204901370-3005,SN II,26110.000,26110.000,26110.100,0.000,0.100,0.100
demo-1781204901370-3004,RR Lyrae,26110.000,26110.000,26110.000,0.000,0.000,0.000
demo-1781204901370-3003,SN II,26109.900,26109.900,26110.000,0.000,0.100,0.100
demo-1781204901354-3002,RR Lyrae,26093.300,26093.300,26093.300,0.000,0.000,0.000
demo-1781204901354-3001,AGN,26093.200,26093.200,26093.200,0.000,0.000,0.000
demo-1781204901354-3000,LPV,26093.100,26093.100,26093.200,0.000,0.100,0.100
demo-1781204901354-2999,RR Lyrae,26093.000,26093.000,26093.100,0.000,0.100,0.100
demo-1781204901353-2998,Mira,26093.000,26093.000,26093.000,0.000,0.000,0.000
demo-1781204901353-2997,RR Lyrae,26093.000,26093.000,26093.000,0.000,0.000,0.000
demo-1781204901353-2996,LPV,26092.900,26093.000,26093.000,0.100,0.000,0.100
demo-1781204901353-2995,AGN,26092.800,26092.800,26092.900,0.000,0.100,0.100
demo-1781204901353-2994,AGN,26092.800,26092.800,26092.800,0.000,0.000,0.000
demo-1781204901337-2993,AGN,26076.700,26076.700,26076.700,0.000,0.000,0.000
demo-1781204901337-2992,Unknown,26076.600,26076.600,26076.700,0.000,0.100,0.100
demo-1781204901337-2991,Mira,26076.500,26076.500,26076.600,0.000,0.100,0.100
demo-1781204901337-2990,AGN,26076.400,26076.400,26076.500,0.000,0.100,0.100
demo-1781204901337-2989,RR Lyrae,26076.300,26076.300,26076.400,0.000,0.100,0.100
demo-1781204901337-2988,LPV,26076.300,26076.300,26076.300,0.000,0.000,0.000
demo-1781204901337-2987,Mira,26076.200,26076.200,26076.300,0.000,0.100,0.100
demo-1781204901337-2986,RR Lyrae,26076.100,26076.100,26076.100,0.000,0.000,0.000
demo-1781204901336-2985,RR Lyrae,26075.900,26076.000,26076.100,0.100,0.100,0.200
demo-1781204901332-2984,Cepheid,26071.800,26071.800,26071.800,0.000,0.000,0.000
demo-1781204901332-2983,LPV,26071.800,26071.800,26071.800,0.000,0.000,0.000
demo-1781204901332-2982,QSO,26071.700,26071.700,26071.800,0.000,0.100,0.100
demo-1781204901332-2981,RR Lyrae,26071.700,26071.700,26071.700,0.000,0.000,0.000
demo-1781204901332-2980,RR Lyrae,26071.600,26071.600,26071.700,0.000,0.100,0.100
demo-1781204901332-2979,RR Lyrae,26071.500,26071.500,26071.600,0.000,0.100,0.100
demo-1781204901332-2978,RR Lyrae,26071.500,26071.500,26071.500,0.000,0.000,0.000
demo-1781204901332-2977,Mira,26071.500,26071.500,26071.500,0.000,0.000,0.000
demo-1781204901332-2976,Cepheid,26071.300,26071.300,26071.400,0.000,0.100,0.100
demo-1781204901244-2975,RR Lyrae,25983.500,25983.500,25983.600,0.000,0.100,0.100
demo-1781204901244-2974,AGN,25983.400,25983.400,25983.500,0.000,0.100,0.100
demo-1781204901244-2973,QSO,25983.400,25983.400,25983.400,0.000,0.000,0.000
demo-1781204901244-2972,LPV,25983.300,25983.300,25983.400,0.000,0.100,0.100
demo-1781204901244-2971,Mira,25983.200,25983.200,25983.300,0.000,0.100,0.100
demo-1781204901244-2970,RR Lyrae,25983.200,25983.200,25983.200,0.000,0.000,0.000
demo-1781204901244-2969,AGN,25983.100,25983.100,25983.200,0.000,0.100,0.100
demo-1781204901244-2968,AGN,25983.100,25983.100,25983.100,0.000,0.000,0.000
demo-1781204901243-2967,SN II,25982.900,25982.900,25983.100,0.000,0.200,0.200
demo-1781204901227-2966,SN Ia,25966.700,25966.700,25966.900,0.000,0.200,0.200
demo-1781204901227-2965,LPV,25966.700,25966.700,25966.700,0.000,0.000,0.000
demo-1781204901227-2964,SN Ic,25966.600,25966.600,25966.700,0.000,0.100,0.100
demo-1781204901227-2963,AGN,25966.600,25966.600,25966.600,0.000,0.000,0.000
demo-1781204901227-2962,AGN,25966.500,25966.500,25966.600,0.000,0.100,0.100
demo-1781204901227-2961,Mira,25966.400,25966.400,25966.500,0.000,0.100,0.100
demo-1781204901227-2960,Unknown,25966.400,25966.400,25966.400,0.000,0.000,0.000
demo-1781204901227-2959,Mira,25966.300,25966.300,25966.400,0.000,0.100,0.100
demo-1781204901227-2958,AGN,25966.200,25966.200,25966.300,0.000,0.100,0.100
demo-1781204901211-2957,Unknown,25950.200,25950.200,25950.300,0.000,0.100,0.100
demo-1781204901211-2956,RR Lyrae,25950.200,25950.200,25950.200,0.000,0.000,0.000
demo-1781204901211-2955,QSO,25950.100,25950.100,25950.200,0.000,0.100,0.100
demo-1781204901210-2954,LPV,25950.000,25950.000,25950.000,0.000,0.000,0.000
demo-1781204901210-2953,AGN,25950.000,25950.000,25950.000,0.000,0.000,0.000
demo-1781204901210-2952,SN Ia,25950.000,25950.000,25950.000,0.000,0.000,0.000
demo-1781204901210-2951,SN Ia,25949.800,25949.800,25950.000,0.000,0.200,0.200
demo-1781204901210-2950,SN II,25949.800,25949.800,25949.800,0.000,0.000,0.000
demo-1781204901210-2949,AGN,25949.700,25949.700,25949.800,0.000,0.100,0.100
demo-1781204901194-2948,RR Lyrae,25933.800,25933.800,25933.800,0.000,0.000,0.000
demo-1781204901194-2947,RR Lyrae,25933.800,25933.800,25933.800,0.000,0.000,0.000
demo-1781204901194-2946,Cepheid,25933.700,25933.700,25933.800,0.000,0.100,0.100
demo-1781204901194-2945,AGN,25933.600,25933.600,25933.700,0.000,0.100,0.100
demo-1781204901194-2944,AGN,25933.600,25933.600,25933.600,0.000,0.000,0.000
demo-1781204901194-2943,RR Lyrae,25933.500,25933.500,25933.600,0.000,0.100,0.100
demo-1781204901194-2942,QSO,25933.500,25933.500,25933.500,0.000,0.000,0.000
demo-1781204901194-2941,Mira,25933.300,25933.300,25933.400,0.000,0.100,0.100
demo-1781204901194-2940,RR Lyrae,25933.200,25933.200,25933.300,0.000,0.100,0.100
demo-1781204901178-2939,LPV,25917.200,25917.200,25917.200,0.000,0.000,0.000
demo-1781204901178-2938,RR Lyrae,25917.200,25917.200,25917.200,0.000,0.000,0.000
demo-1781204901178-2937,RR Lyrae,25917.100,25917.100,25917.200,0.000,0.100,0.100
demo-1781204901178-2936,AGN,25917.000,25917.000,25917.100,0.000,0.100,0.100
demo-1781204901177-2935,RR Lyrae,25917.000,25917.000,25917.000,0.000,0.000,0.000
demo-1781204901177-2934,RR Lyrae,25916.900,25916.900,25917.000,0.000,0.100,0.100
demo-1781204901177-2933,AGN,25916.900,25916.900,25916.900,0.000,0.000,0.000
demo-1781204901177-2932,AGN,25916.700,25916.700,25916.900,0.000,0.200,0.200
demo-1781204901177-2931,RR Lyrae,25916.600,25916.700,25916.700,0.100,0.000,0.100
demo-1781204901161-2930,LPV,25900.600,25900.600,25900.600,0.000,0.000,0.000
demo-1781204901161-2929,AGN,25900.500,25900.500,25900.600,0.000,0.100,0.100
demo-1781204901161-2928,SN II,25900.400,25900.400,25900.400,0.000,0.000,0.000
demo-1781204901161-2927,SN Ia,25900.300,25900.300,25900.400,0.000,0.100,0.100
demo-1781204901161-2926,AGN,25900.200,25900.200,25900.300,0.000,0.100,0.100
demo-1781204901161-2925,QSO,25900.200,25900.200,25900.200,0.000,0.000,0.000
demo-1781204901161-2924,Unknown,25900.100,25900.100,25900.200,0.000,0.100,0.100
demo-1781204901160-2923,RR Lyrae,25900.000,25900.000,25900.100,0.000,0.100,0.100
demo-1781204901160-2922,SN Ia,25899.800,25899.800,25900.000,0.000,0.200,0.200
demo-1781204901144-2921,AGN,25883.700,25883.700,25883.800,0.000,0.100,0.100
demo-1781204901144-2920,RR Lyrae,25883.700,25883.700,25883.700,0.000,0.000,0.000
demo-1781204901144-2919,SN Ia,25883.600,25883.600,25883.700,0.000,0.100,0.100
demo-1781204901144-2918,Unknown,25883.500,25883.500,25883.600,0.000,0.100,0.100
demo-1781204901144-2917,LPV,25883.400,25883.400,25883.500,0.000,0.100,0.100
demo-1781204901144-2916,SN Ia,25883.400,25883.400,25883.400,0.000,0.000,0.000
demo-1781204901144-2915,RR Lyrae,25883.200,25883.200,25883.400,0.000,0.200,0.200
demo-1781204901144-2914,SN Ia,25883.100,25883.100,25883.200,0.000,0.100,0.100
demo-1781204901143-2913,AGN,25883.100,25883.100,25883.100,0.000,0.000,0.000
demo-1781204901127-2912,QSO,25866.700,25866.700,25866.800,0.000,0.100,0.100
demo-1781204901127-2911,Unknown,25866.700,25866.700,25866.700,0.000,0.000,0.000
demo-1781204901127-2910,AGN,25866.600,25866.600,25866.700,0.000,0.100,0.100
demo-1781204901127-2909,Cepheid,25866.500,25866.500,25866.600,0.000,0.100,0.100
demo-1781204901127-2908,QSO,25866.500,25866.500,25866.500,0.000,0.000,0.000
demo-1781204901127-2907,Unknown,25866.400,25866.400,25866.400,0.000,0.000,0.000
demo-1781204901127-2906,RR Lyrae,25866.300,25866.300,25866.400,0.000,0.100,0.100
demo-1781204901127-2905,RR Lyrae,25866.300,25866.300,25866.300,0.000,0.000,0.000
demo-1781204901127-2904,RR Lyrae,25866.200,25866.200,25866.300,0.000,0.100,0.100
demo-1781204901111-2903,SN II,25850.200,25850.200,25850.300,0.000,0.100,0.100
demo-1781204901111-2902,RR Lyrae,25850.200,25850.200,25850.200,0.000,0.000,0.000
demo-1781204901111-2901,RR Lyrae,25850.100,25850.100,25850.200,0.000,0.100,0.100
demo-1781204901110-2900,RR Lyrae,25850.000,25850.000,25850.100,0.000,0.100,0.100
demo-1781204901110-2899,Unknown,25849.900,25849.900,25850.000,0.000,0.100,0.100
demo-1781204901110-2898,Unknown,25849.900,25849.900,25849.900,0.000,0.000,0.000
demo-1781204901110-2897,Unknown,25849.800,25849.800,25849.900,0.000,0.100,0.100
demo-1781204901110-2896,SN Ib,25849.700,25849.700,25849.800,0.000,0.100,0.100
demo-1781204901110-2895,QSO,25849.700,25849.700,25849.700,0.000,0.000,0.000
demo-1781204901094-2894,Unknown,25833.600,25833.600,25833.600,0.000,0.000,0.000
demo-1781204901094-2893,Unknown,25833.600,25833.600,25833.600,0.000,0.000,0.000
demo-1781204901094-2892,RR Lyrae,25833.500,25833.500,25833.600,0.000,0.100,0.100
demo-1781204901094-2891,Unknown,25833.400,25833.400,25833.400,0.000,0.000,0.000
demo-1781204901094-2890,Mira,25833.300,25833.300,25833.300,0.000,0.000,0.000
demo-1781204901094-2889,AGN,25833.200,25833.200,25833.300,0.000,0.100,0.100
demo-1781204901094-2888,AGN,25833.200,25833.200,25833.200,0.000,0.000,0.000
demo-1781204901094-2887,AGN,25833.100,25833.100,25833.200,0.000,0.100,0.100
demo-1781204901093-2886,RR Lyrae,25833.000,25833.000,25833.100,0.000,0.100,0.100
demo-1781204901084-2885,AGN,25823.600,25823.600,25823.700,0.000,0.100,0.100
demo-1781204901084-2884,RR Lyrae,25823.600,25823.600,25823.600,0.000,0.000,0.000
demo-1781204901084-2883,QSO,25823.500,25823.500,25823.600,0.000,0.100,0.100
demo-1781204901084-2882,RR Lyrae,25823.400,25823.400,25823.500,0.000,0.100,0.100
demo-1781204901084-2881,Unknown,25823.400,25823.400,25823.400,0.000,0.000,0.000
demo-1781204901084-2880,AGN,25823.200,25823.300,25823.400,0.100,0.100,0.200
demo-1781204901084-2879,QSO,25823.200,25823.200,25823.200,0.000,0.000,0.000
demo-1781204901084-2878,RR Lyrae,25823.200,25823.200,25823.200,0.000,0.000,0.000
demo-1781204901083-2877,LPV,25823.100,25823.100,25823.100,0.000,0.000,0.000
demo-1781204901079-2876,AGN,25818.600,25818.600,25818.700,0.000,0.100,0.100
demo-1781204901079-2875,Cepheid,25818.600,25818.600,25818.600,0.000,0.000,0.000
demo-1781204901079-2874,QSO,25818.500,25818.500,25818.600,0.000,0.100,0.100
demo-1781204901079-2873,Mira,25818.400,25818.400,25818.500,0.000,0.100,0.100
demo-1781204901079-2872,RR Lyrae,25818.300,25818.300,25818.400,0.000,0.100,0.100
demo-1781204901079-2871,AGN,25818.200,25818.300,25818.300,0.100,0.000,0.100
demo-1781204901079-2870,RR Lyrae,25818.200,25818.200,25818.200,0.000,0.000,0.000
demo-1781204901079-2869,RR Lyrae,25818.100,25818.100,25818.200,0.000,0.100,0.100
demo-1781204901078-2868,Cepheid,25818.000,25818.100,25818.100,0.100,0.000,0.100
demo-1781204900994-2867,RR Lyrae,25733.600,25733.600,25733.800,0.000,0.200,0.200
demo-1781204900994-2866,Cepheid,25733.500,25733.500,25733.600,0.000,0.100,0.100
demo-1781204900994-2865,Unknown,25733.500,25733.500,25733.500,0.000,0.000,0.000
demo-1781204900994-2864,AGN,25733.400,25733.400,25733.500,0.000,0.100,0.100
demo-1781204900994-2863,LPV,25733.300,25733.400,25733.400,0.100,0.000,0.100
demo-1781204900994-2862,Cepheid,25733.300,25733.300,25733.300,0.000,0.000,0.000
demo-1781204900994-2861,RR Lyrae,25733.200,25733.200,25733.200,0.000,0.000,0.000
demo-1781204900994-2860,Mira,25733.100,25733.100,25733.200,0.000,0.100,0.100
demo-1781204900993-2859,RR Lyrae,25733.000,25733.000,25733.100,0.000,0.100,0.100
demo-1781204900977-2858,RR Lyrae,25716.800,25716.800,25716.900,0.000,0.100,0.100
demo-1781204900977-2857,AGN,25716.800,25716.800,25716.800,0.000,0.000,0.000
demo-1781204900977-2856,AGN,25716.800,25716.800,25716.800,0.000,0.000,0.000
demo-1781204900977-2855,AGN,25716.700,25716.700,25716.800,0.000,0.100,0.100
demo-1781204900977-2854,SN II,25716.700,25716.700,25716.700,0.000,0.000,0.000
demo-1781204900977-2853,Mira,25716.600,25716.600,25716.700,0.000,0.100,0.100
demo-1781204900977-2852,Cepheid,25716.600,25716.600,25716.600,0.000,0.000,0.000
demo-1781204900977-2851,Cepheid,25716.500,25716.500,25716.500,0.000,0.000,0.000
demo-1781204900977-2850,Mira,25716.400,25716.400,25716.400,0.000,0.000,0.000
demo-1781204900961-2849,RR Lyrae,25700.300,25700.300,25700.400,0.000,0.100,0.100
demo-1781204900961-2848,Mira,25700.300,25700.300,25700.300,0.000,0.000,0.000
demo-1781204900961-2847,AGN,25700.200,25700.200,25700.300,0.000,0.100,0.100
demo-1781204900961-2846,RR Lyrae,25700.100,25700.100,25700.200,0.000,0.100,0.100
demo-1781204900961-2845,LPV,25700.100,25700.100,25700.100,0.000,0.000,0.000
demo-1781204900960-2844,AGN,25700.100,25700.100,25700.100,0.000,0.000,0.000
demo-1781204900960-2843,LPV,25699.900,25699.900,25700.000,0.000,0.100,0.100
demo-1781204900960-2842,SN Ia,25699.900,25699.900,25699.900,0.000,0.000,0.000
demo-1781204900960-2841,QSO,25699.800,25699.800,25699.800,0.000,0.000,0.000
demo-1781204900944-2840,SN Ia,25683.700,25683.700,25683.800,0.000,0.100,0.100
demo-1781204900944-2839,AGN,25683.700,25683.700,25683.700,0.000,0.000,0.000
demo-1781204900944-2838,AGN,25683.600,25683.600,25683.700,0.000,0.100,0.100
demo-1781204900944-2837,RR Lyrae,25683.500,25683.500,25683.600,0.000,0.100,0.100
demo-1781204900944-2836,RR Lyrae,25683.400,25683.400,25683.500,0.000,0.100,0.100
demo-1781204900944-2835,Unknown,25683.400,25683.400,25683.400,0.000,0.000,0.000
demo-1781204900944-2834,SN Ia,25683.300,25683.300,25683.400,0.000,0.100,0.100
demo-1781204900944-2833,RR Lyrae,25683.200,25683.200,25683.300,0.000,0.100,0.100
demo-1781204900944-2832,SN II,25683.100,25683.100,25683.200,0.000,0.100,0.100
demo-1781204900927-2831,RR Lyrae,25667.000,25667.000,25667.000,0.000,0.000,0.000
demo-1781204900927-2830,SN Ia,25667.000,25667.000,25667.000,0.000,0.000,0.000
demo-1781204900927-2829,RR Lyrae,25666.900,25666.900,25666.900,0.000,0.000,0.000
demo-1781204900927-2828,SN II,25666.800,25666.800,25666.900,0.000,0.100,0.100
demo-1781204900927-2827,RR Lyrae,25666.800,25666.800,25666.800,0.000,0.000,0.000
demo-1781204900927-2826,Mira,25666.700,25666.700,25666.700,0.000,0.000,0.000
demo-1781204900927-2825,LPV,25666.600,25666.600,25666.700,0.000,0.100,0.100
demo-1781204900927-2824,SN II,25666.500,25666.500,25666.600,0.000,0.100,0.100
demo-1781204900927-2823,Mira,25666.400,25666.400,25666.500,0.000,0.100,0.100
demo-1781204900911-2822,Mira,25650.600,25650.600,25650.600,0.000,0.000,0.000
demo-1781204900911-2821,LPV,25650.500,25650.500,25650.600,0.000,0.100,0.100
demo-1781204900911-2820,SN Ia,25650.400,25650.400,25650.500,0.000,0.100,0.100
demo-1781204900911-2819,AGN,25650.400,25650.400,25650.400,0.000,0.000,0.000
demo-1781204900911-2818,RR Lyrae,25650.300,25650.300,25650.400,0.000,0.100,0.100
demo-1781204900911-2817,SN Ia,25650.200,25650.200,25650.300,0.000,0.100,0.100
demo-1781204900911-2816,SN Ia,25650.100,25650.100,25650.200,0.000,0.100,0.100
demo-1781204900911-2815,QSO,25650.100,25650.100,25650.100,0.000,0.000,0.000
demo-1781204900910-2814,RR Lyrae,25650.000,25650.000,25650.100,0.000,0.100,0.100
demo-1781204900895-2813,RR Lyrae,25634.200,25634.200,25634.200,0.000,0.000,0.000
demo-1781204900895-2812,AGN,25634.100,25634.100,25634.200,0.000,0.100,0.100
demo-1781204900894-2811,RR Lyrae,25634.000,25634.000,25634.100,0.000,0.100,0.100
demo-1781204900894-2810,AGN,25633.900,25633.900,25634.000,0.000,0.100,0.100
demo-1781204900894-2809,Mira,25633.800,25633.800,25633.900,0.000,0.100,0.100
demo-1781204900894-2808,LPV,25633.800,25633.800,25633.800,0.000,0.000,0.000
demo-1781204900894-2807,Cepheid,25633.700,25633.700,25633.700,0.000,0.000,0.000
demo-1781204900894-2806,SN II,25633.600,25633.700,25633.700,0.100,0.000,0.100
demo-1781204900894-2805,RR Lyrae,25633.400,25633.400,25633.500,0.000,0.100,0.100
demo-1781204900877-2804,AGN,25617.000,25617.000,25617.000,0.000,0.000,0.000
demo-1781204900877-2803,RR Lyrae,25616.900,25616.900,25617.000,0.000,0.100,0.100
demo-1781204900877-2802,RR Lyrae,25616.900,25616.900,25616.900,0.000,0.000,0.000
demo-1781204900877-2801,Unknown,25616.700,25616.700,25616.800,0.000,0.100,0.100
demo-1781204900877-2800,QSO,25616.700,25616.700,25616.700,0.000,0.000,0.000
demo-1781204900877-2799,Mira,25616.600,25616.600,25616.700,0.000,0.100,0.100
demo-1781204900877-2798,RR Lyrae,25616.500,25616.500,25616.600,0.000,0.100,0.100
demo-1781204900877-2797,SN II,25616.500,25616.500,25616.500,0.000,0.000,0.000
demo-1781204900877-2796,RR Lyrae,25616.400,25616.400,25616.500,0.000,0.100,0.100
demo-1781204900861-2795,AGN,25600.200,25600.200,25600.300,0.000,0.100,0.100
demo-1781204900861-2794,SN II,25600.200,25600.200,25600.200,0.000,0.000,0.000
demo-1781204900860-2793,RR Lyrae,25600.100,25600.100,25600.200,0.000,0.100,0.100
demo-1781204900860-2792,RR Lyrae,25600.000,25600.000,25600.100,0.000,0.100,0.100
demo-1781204900860-2791,Unknown,25599.900,25599.900,25600.000,0.000,0.100,0.100
demo-1781204900860-2790,SN Ia,25599.800,25599.800,25599.900,0.000,0.100,0.100
demo-1781204900860-2789,RR Lyrae,25599.800,25599.800,25599.800,0.000,0.000,0.000
demo-1781204900860-2788,RR Lyrae,25599.800,25599.800,25599.800,0.000,0.000,0.000
demo-1781204900860-2787,QSO,25599.700,25599.700,25599.800,0.000,0.100,0.100
demo-1781204900844-2786,RR Lyrae,25583.600,25583.600,25583.700,0.000,0.100,0.100
demo-1781204900844-2785,QSO,25583.600,25583.600,25583.600,0.000,0.000,0.000
demo-1781204900844-2784,Mira,25583.500,25583.500,25583.500,0.000,0.000,0.000
demo-1781204900844-2783,Unknown,25583.400,25583.400,25583.400,0.000,0.000,0.000
demo-1781204900844-2782,RR Lyrae,25583.300,25583.300,25583.400,0.000,0.100,0.100
demo-1781204900844-2781,AGN,25583.300,25583.300,25583.300,0.000,0.000,0.000
demo-1781204900844-2780,AGN,25583.200,25583.200,25583.300,0.000,0.100,0.100
demo-1781204900844-2779,Mira,25583.100,25583.100,25583.200,0.000,0.100,0.100
demo-1781204900843-2778,Mira,25583.100,25583.100,25583.100,0.000,0.000,0.000
demo-1781204900832-2777,SN II,25571.900,25571.900,25572.000,0.000,0.100,0.100
demo-1781204900832-2776,SN Ia,25571.900,25571.900,25571.900,0.000,0.000,0.000
demo-1781204900832-2775,RR Lyrae,25571.800,25571.800,25571.900,0.000,0.100,0.100
demo-1781204900832-2774,RR Lyrae,25571.700,25571.700,25571.800,0.000,0.100,0.100
demo-1781204900832-2773,RR Lyrae,25571.600,25571.600,25571.700,0.000,0.100,0.100
demo-1781204900832-2772,RR Lyrae,25571.500,25571.500,25571.600,0.000,0.100,0.100
demo-1781204900832-2771,Mira,25571.500,25571.500,25571.500,0.000,0.000,0.000
demo-1781204900832-2770,RR Lyrae,25571.400,25571.400,25571.500,0.000,0.100,0.100
demo-1781204900832-2769,RR Lyrae,25571.400,25571.400,25571.400,0.000,0.000,0.000
demo-1781204900827-2768,Unknown,25567.100,25567.100,25567.100,0.000,0.000,0.000
demo-1781204900827-2767,QSO,25567.000,25567.000,25567.100,0.000,0.100,0.100
demo-1781204900827-2766,RR Lyrae,25566.900,25567.000,25567.000,0.100,0.000,0.100
demo-1781204900827-2765,RR Lyrae,25566.800,25566.800,25566.900,0.000,0.100,0.100
demo-1781204900827-2764,RR Lyrae,25566.800,25566.800,25566.800,0.000,0.000,0.000
demo-1781204900827-2763,AGN,25566.700,25566.700,25566.700,0.000,0.000,0.000
demo-1781204900827-2762,RR Lyrae,25566.600,25566.600,25566.700,0.000,0.100,0.100
demo-1781204900827-2761,RR Lyrae,25566.600,25566.600,25566.600,0.000,0.000,0.000
demo-1781204900827-2760,QSO,25566.500,25566.500,25566.500,0.000,0.000,0.000
demo-1781204900743-2759,AGN,25482.600,25482.600,25482.600,0.000,0.000,0.000
demo-1781204900743-2758,QSO,25482.500,25482.500,25482.600,0.000,0.100,0.100
demo-1781204900743-2757,RR Lyrae,25482.500,25482.500,25482.500,0.000,0.000,0.000
demo-1781204900743-2756,Mira,25482.400,25482.400,25482.500,0.000,0.100,0.100
demo-1781204900743-2755,RR Lyrae,25482.300,25482.300,25482.400,0.000,0.100,0.100
demo-1781204900743-2754,Mira,25482.200,25482.200,25482.300,0.000,0.100,0.100
demo-1781204900743-2753,Unknown,25482.200,25482.200,25482.200,0.000,0.000,0.000
demo-1781204900743-2752,Mira,25482.100,25482.100,25482.200,0.000,0.100,0.100
demo-1781204900742-2751,Unknown,25482.000,25482.000,25482.100,0.000,0.100,0.100
demo-1781204900727-2750,RR Lyrae,25467.000,25467.000,25467.000,0.000,0.000,0.000
demo-1781204900727-2749,Unknown,25466.900,25466.900,25467.000,0.000,0.100,0.100
demo-1781204900727-2748,Unknown,25466.800,25466.800,25466.900,0.000,0.100,0.100
demo-1781204900727-2747,AGN,25466.700,25466.700,25466.800,0.000,0.100,0.100
demo-1781204900727-2746,RR Lyrae,25466.600,25466.600,25466.700,0.000,0.100,0.100
demo-1781204900727-2745,Cepheid,25466.600,25466.600,25466.600,0.000,0.000,0.000
demo-1781204900727-2744,AGN,25466.500,25466.500,25466.600,0.000,0.100,0.100
demo-1781204900727-2743,RR Lyrae,25466.400,25466.400,25466.500,0.000,0.100,0.100
demo-1781204900727-2742,RR Lyrae,25466.300,25466.300,25466.400,0.000,0.100,0.100
demo-1781204900711-2741,LPV,25450.200,25450.200,25450.400,0.000,0.200,0.200
demo-1781204900711-2740,RR Lyrae,25450.200,25450.200,25450.200,0.000,0.000,0.000
demo-1781204900711-2739,Mira,25450.200,25450.200,25450.200,0.000,0.000,0.000
demo-1781204900711-2738,SN Ia,25450.100,25450.100,25450.200,0.000,0.100,0.100
demo-1781204900710-2737,RR Lyrae,25450.000,25450.000,25450.100,0.000,0.100,0.100
demo-1781204900710-2736,RR Lyrae,25449.900,25449.900,25450.000,0.000,0.100,0.100
demo-1781204900710-2735,SN Ia,25449.900,25449.900,25449.900,0.000,0.000,0.000
demo-1781204900710-2734,QSO,25449.800,25449.800,25449.900,0.000,0.100,0.100
demo-1781204900710-2733,Mira,25449.700,25449.700,25449.800,0.000,0.100,0.100
demo-1781204900697-2732,Mira,25436.400,25436.400,25436.400,0.000,0.000,0.000
demo-1781204900697-2731,SN II,25436.200,25436.200,25436.400,0.000,0.200,0.200
demo-1781204900697-2730,RR Lyrae,25436.200,25436.200,25436.200,0.000,0.000,0.000
demo-1781204900697-2729,Mira,25436.100,25436.100,25436.200,0.000,0.100,0.100
demo-1781204900696-2728,AGN,25436.000,25436.100,25436.100,0.100,0.000,0.100
demo-1781204900696-2727,RR Lyrae,25436.000,25436.000,25436.000,0.000,0.000,0.000
demo-1781204900696-2726,SN Ia,25435.900,25435.900,25436.000,0.000,0.100,0.100
demo-1781204900696-2725,AGN,25435.800,25435.800,25435.900,0.000,0.100,0.100
demo-1781204900696-2724,AGN,25435.700,25435.700,25435.700,0.000,0.000,0.000
demo-1781204900678-2723,SN Ia,25417.500,25417.500,25417.500,0.000,0.000,0.000
demo-1781204900678-2722,SN II,25417.500,25417.500,25417.500,0.000,0.000,0.000
demo-1781204900678-2721,RR Lyrae,25417.400,25417.400,25417.500,0.000,0.100,0.100
demo-1781204900678-2720,AGN,25417.300,25417.300,25417.400,0.000,0.100,0.100
demo-1781204900678-2719,LPV,25417.300,25417.300,25417.300,0.000,0.000,0.000
demo-1781204900678-2718,RR Lyrae,25417.200,25417.300,25417.300,0.100,0.000,0.100
demo-1781204900678-2717,RR Lyrae,25417.100,25417.100,25417.200,0.000,0.100,0.100
demo-1781204900677-2716,AGN,25417.100,25417.100,25417.100,0.000,0.000,0.000
demo-1781204900677-2715,AGN,25416.900,25416.900,25417.100,0.000,0.200,0.200
demo-1781204900661-2714,RR Lyrae,25400.400,25400.400,25400.400,0.000,0.000,0.000
demo-1781204900661-2713,SN II,25400.300,25400.300,25400.400,0.000,0.100,0.100
demo-1781204900661-2712,RR Lyrae,25400.300,25400.300,25400.300,0.000,0.000,0.000
demo-1781204900661-2711,Mira,25400.200,25400.200,25400.300,0.000,0.100,0.100
demo-1781204900661-2710,Mira,25400.200,25400.200,25400.200,0.000,0.000,0.000
demo-1781204900661-2709,RR Lyrae,25400.000,25400.100,25400.200,0.100,0.100,0.200
demo-1781204900660-2708,SN Ia,25400.000,25400.000,25400.000,0.000,0.000,0.000
demo-1781204900660-2707,AGN,25400.000,25400.000,25400.000,0.000,0.000,0.000
demo-1781204900660-2706,AGN,25399.800,25399.800,25399.900,0.000,0.100,0.100
demo-1781204900644-2705,RR Lyrae,25383.900,25383.900,25384.000,0.000,0.100,0.100
demo-1781204900644-2704,RR Lyrae,25383.800,25383.800,25383.900,0.000,0.100,0.100
demo-1781204900644-2703,LPV,25383.700,25383.700,25383.800,0.000,0.100,0.100
demo-1781204900644-2702,RR Lyrae,25383.700,25383.700,25383.700,0.000,0.000,0.000
demo-1781204900644-2701,RR Lyrae,25383.600,25383.600,25383.700,0.000,0.100,0.100
demo-1781204900644-2700,Mira,25383.600,25383.600,25383.600,0.000,0.000,0.000
demo-1781204900644-2699,RR Lyrae,25383.400,25383.400,25383.600,0.000,0.200,0.200
demo-1781204900644-2698,RR Lyrae,25383.400,25383.400,25383.400,0.000,0.000,0.000
demo-1781204900644-2697,RR Lyrae,25383.300,25383.300,25383.400,0.000,0.100,0.100
demo-1781204900628-2696,Mira,25367.100,25367.100,25367.200,0.000,0.100,0.100
demo-1781204900627-2695,AGN,25367.100,25367.100,25367.100,0.000,0.000,0.000
demo-1781204900627-2694,SN Ia,25367.000,25367.000,25367.000,0.000,0.000,0.000
demo-1781204900627-2693,Unknown,25366.900,25366.900,25367.000,0.000,0.100,0.100
demo-1781204900627-2692,Cepheid,25366.900,25366.900,25366.900,0.000,0.000,0.000
demo-1781204900627-2691,Mira,25366.700,25366.700,25366.800,0.000,0.100,0.100
demo-1781204900627-2690,SN Ic,25366.700,25366.700,25366.700,0.000,0.000,0.000
demo-1781204900627-2689,Mira,25366.600,25366.600,25366.600,0.000,0.000,0.000
demo-1781204900627-2688,QSO,25366.500,25366.500,25366.600,0.000,0.100,0.100
demo-1781204900611-2687,AGN,25350.200,25350.200,25350.300,0.000,0.100,0.100
demo-1781204900611-2686,RR Lyrae,25350.100,25350.100,25350.200,0.000,0.100,0.100
demo-1781204900610-2685,AGN,25350.100,25350.100,25350.100,0.000,0.000,0.000
demo-1781204900610-2684,Mira,25350.000,25350.000,25350.100,0.000,0.100,0.100
demo-1781204900610-2683,RR Lyrae,25350.000,25350.000,25350.000,0.000,0.000,0.000
demo-1781204900610-2682,RR Lyrae,25349.800,25349.800,25349.900,0.000,0.100,0.100
demo-1781204900610-2681,AGN,25349.800,25349.800,25349.800,0.000,0.000,0.000
demo-1781204900610-2680,RR Lyrae,25349.700,25349.700,25349.800,0.000,0.100,0.100
demo-1781204900610-2679,RR Lyrae,25349.600,25349.600,25349.700,0.000,0.100,0.100
demo-1781204900593-2678,Unknown,25332.600,25332.600,25332.600,0.000,0.000,0.000
demo-1781204900593-2677,QSO,25332.600,25332.600,25332.600,0.000,0.000,0.000
demo-1781204900593-2676,RR Lyrae,25332.500,25332.500,25332.600,0.000,0.100,0.100
demo-1781204900593-2675,RR Lyrae,25332.400,25332.400,25332.500,0.000,0.100,0.100
demo-1781204900593-2674,SN Ia,25332.300,25332.300,25332.400,0.000,0.100,0.100
demo-1781204900593-2673,AGN,25332.300,25332.300,25332.300,0.000,0.000,0.000
demo-1781204900593-2672,Mira,25332.200,25332.200,25332.300,0.000,0.100,0.100
demo-1781204900593-2671,Mira,25332.200,25332.200,25332.200,0.000,0.000,0.000
demo-1781204900592-2670,Unknown,25332.000,25332.100,25332.200,0.100,0.100,0.200
demo-1781204900582-2669,AGN,25321.900,25321.900,25322.000,0.000,0.100,0.100
demo-1781204900582-2668,RR Lyrae,25321.800,25321.800,25321.900,0.000,0.100,0.100
demo-1781204900582-2667,Mira,25321.700,25321.700,25321.800,0.000,0.100,0.100
demo-1781204900582-2666,RR Lyrae,25321.700,25321.700,25321.700,0.000,0.000,0.000
demo-1781204900582-2665,Mira,25321.600,25321.600,25321.700,0.000,0.100,0.100
demo-1781204900582-2664,Mira,25321.600,25321.600,25321.600,0.000,0.000,0.000
demo-1781204900582-2663,AGN,25321.500,25321.500,25321.600,0.000,0.100,0.100
demo-1781204900582-2662,RR Lyrae,25321.400,25321.400,25321.500,0.000,0.100,0.100
demo-1781204900582-2661,Unknown,25321.300,25321.400,25321.400,0.100,0.000,0.100
demo-1781204900578-2660,AGN,25317.600,25317.600,25317.800,0.000,0.200,0.200
demo-1781204900578-2659,RR Lyrae,25317.600,25317.600,25317.600,0.000,0.000,0.000
demo-1781204900578-2658,Unknown,25317.500,25317.600,25317.600,0.100,0.000,0.100
demo-1781204900578-2657,RR Lyrae,25317.500,25317.500,25317.500,0.000,0.000,0.000
demo-1781204900578-2656,AGN,25317.400,25317.400,25317.500,0.000,0.100,0.100
demo-1781204900578-2655,AGN,25317.300,25317.300,25317.300,0.000,0.000,0.000
demo-1781204900578-2654,AGN,25317.300,25317.300,25317.300,0.000,0.000,0.000
demo-1781204900578-2653,RR Lyrae,25317.200,25317.200,25317.300,0.000,0.100,0.100
demo-1781204900578-2652,Mira,25317.100,25317.100,25317.200,0.000,0.100,0.100
demo-1781204900494-2651,AGN,25233.800,25233.800,25233.900,0.000,0.100,0.100
demo-1781204900494-2650,AGN,25233.700,25233.700,25233.800,0.000,0.100,0.100
demo-1781204900494-2649,SN II,25233.600,25233.600,25233.700,0.000,0.100,0.100
demo-1781204900494-2648,RR Lyrae,25233.500,25233.500,25233.600,0.000,0.100,0.100
demo-1781204900494-2647,RR Lyrae,25233.500,25233.500,25233.500,0.000,0.000,0.000
demo-1781204900494-2646,RR Lyrae,25233.400,25233.400,25233.500,0.000,0.100,0.100
demo-1781204900494-2645,AGN,25233.200,25233.300,25233.400,0.100,0.100,0.200
demo-1781204900494-2644,AGN,25233.200,25233.200,25233.200,0.000,0.000,0.000
demo-1781204900493-2643,Unknown,25233.000,25233.000,25233.200,0.000,0.200,0.200
demo-1781204900477-2642,Unknown,25217.000,25217.000,25217.000,0.000,0.000,0.000
demo-1781204900477-2641,RR Lyrae,25216.900,25216.900,25217.000,0.000,0.100,0.100
demo-1781204900477-2640,RR Lyrae,25216.800,25216.800,25216.900,0.000,0.100,0.100
demo-1781204900477-2639,Mira,25216.700,25216.700,25216.800,0.000,0.100,0.100
demo-1781204900477-2638,RR Lyrae,25216.700,25216.700,25216.700,0.000,0.000,0.000
demo-1781204900477-2637,RR Lyrae,25216.600,25216.600,25216.700,0.000,0.100,0.100
demo-1781204900477-2636,QSO,25216.600,25216.600,25216.600,0.000,0.000,0.000
demo-1781204900477-2635,RR Lyrae,25216.500,25216.500,25216.500,0.000,0.000,0.000
demo-1781204900477-2634,TDE,25216.300,25216.300,25216.500,0.000,0.200,0.200
demo-1781204900461-2633,AGN,25200.200,25200.200,25200.200,0.000,0.000,0.000
demo-1781204900461-2632,Mira,25200.100,25200.100,25200.200,0.000,0.100,0.100
demo-1781204900460-2631,Mira,25200.000,25200.000,25200.100,0.000,0.100,0.100
demo-1781204900460-2630,Mira,25200.000,25200.000,25200.000,0.000,0.000,0.000
demo-1781204900460-2629,AGN,25199.900,25199.900,25200.000,0.000,0.100,0.100
demo-1781204900460-2628,RR Lyrae,25199.800,25199.800,25199.900,0.000,0.100,0.100
demo-1781204900460-2627,AGN,25199.800,25199.800,25199.800,0.000,0.000,0.000
demo-1781204900460-2626,AGN,25199.600,25199.600,25199.800,0.000,0.200,0.200
demo-1781204900460-2625,Mira,25199.600,25199.600,25199.600,0.000,0.000,0.000
demo-1781204900444-2624,RR Lyrae,25183.500,25183.500,25183.600,0.000,0.100,0.100
demo-1781204900444-2623,Mira,25183.400,25183.400,25183.500,0.000,0.100,0.100
demo-1781204900444-2622,AGN,25183.300,25183.300,25183.400,0.000,0.100,0.100
demo-1781204900444-2621,LPV,25183.300,25183.300,25183.300,0.000,0.000,0.000
demo-1781204900444-2620,SN II,25183.200,25183.200,25183.200,0.000,0.000,0.000
demo-1781204900444-2619,Mira,25183.200,25183.200,25183.200,0.000,0.000,0.000
demo-1781204900444-2618,RR Lyrae,25183.100,25183.100,25183.200,0.000,0.100,0.100
demo-1781204900443-2617,AGN,25183.100,25183.100,25183.100,0.000,0.000,0.000
demo-1781204900443-2616,SN II,25182.900,25182.900,25183.000,0.000,0.100,0.100
demo-1781204900427-2615,Unknown,25166.800,25166.800,25166.900,0.000,0.100,0.100
demo-1781204900427-2614,RR Lyrae,25166.800,25166.800,25166.800,0.000,0.000,0.000
demo-1781204900427-2613,LPV,25166.700,25166.700,25166.800,0.000,0.100,0.100
demo-1781204900427-2612,QSO,25166.700,25166.700,25166.700,0.000,0.000,0.000
demo-1781204900427-2611,SN II,25166.500,25166.500,25166.700,0.000,0.200,0.200
demo-1781204900427-2610,LPV,25166.500,25166.500,25166.500,0.000,0.000,0.000
demo-1781204900427-2609,AGN,25166.500,25166.500,25166.500,0.000,0.000,0.000
demo-1781204900427-2608,SN Ia,25166.400,25166.400,25166.500,0.000,0.100,0.100
demo-1781204900427-2607,RR Lyrae,25166.200,25166.200,25166.400,0.000,0.200,0.200
demo-1781204900411-2606,AGN,25150.200,25150.200,25150.200,0.000,0.000,0.000
demo-1781204900411-2605,Cepheid,25150.100,25150.100,25150.200,0.000,0.100,0.100
demo-1781204900411-2604,Mira,25150.100,25150.100,25150.100,0.000,0.000,0.000
demo-1781204900410-2603,AGN,25150.000,25150.000,25150.100,0.000,0.100,0.100
demo-1781204900410-2602,RR Lyrae,25149.900,25149.900,25150.000,0.000,0.100,0.100
demo-1781204900410-2601,QSO,25149.900,25149.900,25149.900,0.000,0.000,0.000
demo-1781204900410-2600,SN Ib,25149.800,25149.800,25149.900,0.000,0.100,0.100
demo-1781204900410-2599,AGN,25149.700,25149.700,25149.800,0.000,0.100,0.100
demo-1781204900410-2598,RR Lyrae,25149.700,25149.700,25149.700,0.000,0.000,0.000
demo-1781204900393-2597,RR Lyrae,25132.900,25132.900,25133.000,0.000,0.100,0.100
demo-1781204900393-2596,AGN,25132.900,25132.900,25132.900,0.000,0.000,0.000
demo-1781204900393-2595,RR Lyrae,25132.800,25132.900,25132.900,0.100,0.000,0.100
demo-1781204900393-2594,Mira,25132.800,25132.800,25132.800,0.000,0.000,0.000
demo-1781204900393-2593,Mira,25132.700,25132.700,25132.800,0.000,0.100,0.100
demo-1781204900393-2592,AGN,25132.600,25132.600,25132.700,0.000,0.100,0.100
demo-1781204900393-2591,SN Ic,25132.500,25132.500,25132.600,0.000,0.100,0.100
demo-1781204900393-2590,RR Lyrae,25132.400,25132.400,25132.500,0.000,0.100,0.100
demo-1781204900393-2589,AGN,25132.300,25132.300,25132.400,0.000,0.100,0.100
demo-1781204900378-2588,AGN,25117.100,25117.100,25117.100,0.000,0.000,0.000
demo-1781204900377-2587,LPV,25117.000,25117.000,25117.100,0.000,0.100,0.100
demo-1781204900377-2586,AGN,25117.000,25117.000,25117.000,0.000,0.000,0.000
demo-1781204900377-2585,RR Lyrae,25116.900,25116.900,25117.000,0.000,0.100,0.100
demo-1781204900377-2584,RR Lyrae,25116.800,25116.800,25116.900,0.000,0.100,0.100
demo-1781204900377-2583,QSO,25116.800,25116.800,25116.800,0.000,0.000,0.000
demo-1781204900377-2582,Mira,25116.700,25116.700,25116.800,0.000,0.100,0.100
demo-1781204900377-2581,SN II,25116.600,25116.600,25116.700,0.000,0.100,0.100
demo-1781204900377-2580,AGN,25116.500,25116.600,25116.600,0.100,0.000,0.100
demo-1781204900361-2579,Cepheid,25100.400,25100.400,25100.400,0.000,0.000,0.000
demo-1781204900361-2578,SN II,25100.300,25100.300,25100.400,0.000,0.100,0.100
demo-1781204900361-2577,SN Ib,25100.300,25100.300,25100.300,0.000,0.000,0.000
demo-1781204900361-2576,RR Lyrae,25100.200,25100.200,25100.300,0.000,0.100,0.100
demo-1781204900360-2575,QSO,25100.000,25100.000,25100.200,0.000,0.200,0.200
demo-1781204900360-2574,RR Lyrae,25099.900,25099.900,25100.000,0.000,0.100,0.100
demo-1781204900360-2573,RR Lyrae,25099.800,25099.800,25099.900,0.000,0.100,0.100
demo-1781204900360-2572,LPV,25099.700,25099.800,25099.800,0.100,0.000,0.100
demo-1781204900360-2571,AGN,25099.700,25099.700,25099.700,0.000,0.000,0.000
demo-1781204900344-2570,Mira,25083.600,25083.600,25083.700,0.000,0.100,0.100
demo-1781204900344-2569,AGN,25083.600,25083.600,25083.600,0.000,0.000,0.000
demo-1781204900344-2568,Mira,25083.500,25083.500,25083.600,0.000,0.100,0.100
demo-1781204900344-2567,RR Lyrae,25083.400,25083.400,25083.500,0.000,0.100,0.100
demo-1781204900344-2566,AGN,25083.400,25083.400,25083.400,0.000,0.000,0.000
demo-1781204900344-2565,SN II,25083.300,25083.300,25083.400,0.000,0.100,0.100
demo-1781204900344-2564,RR Lyrae,25083.200,25083.200,25083.300,0.000,0.100,0.100
demo-1781204900344-2563,Mira,25083.200,25083.200,25083.200,0.000,0.000,0.000
demo-1781204900343-2562,Cepheid,25083.100,25083.100,25083.200,0.000,0.100,0.100
demo-1781204900330-2561,RR Lyrae,25069.900,25069.900,25070.000,0.000,0.100,0.100
demo-1781204900330-2560,RR Lyrae,25069.900,25069.900,25069.900,0.000,0.000,0.000
demo-1781204900330-2559,Mira,25069.800,25069.800,25069.900,0.000,0.100,0.100
demo-1781204900330-2558,Unknown,25069.700,25069.700,25069.800,0.000,0.100,0.100
demo-1781204900330-2557,RR Lyrae,25069.600,25069.600,25069.700,0.000,0.100,0.100
demo-1781204900330-2556,Mira,25069.600,25069.600,25069.600,0.000,0.000,0.000
demo-1781204900330-2555,RR Lyrae,25069.500,25069.500,25069.600,0.000,0.100,0.100
demo-1781204900330-2554,AGN,25069.500,25069.500,25069.500,0.000,0.000,0.000
demo-1781204900330-2553,RR Lyrae,25069.400,25069.400,25069.500,0.000,0.100,0.100
demo-1781204900326-2552,SN Ia,25065.900,25065.900,25066.000,0.000,0.100,0.100
demo-1781204900326-2551,SN Ic,25065.900,25065.900,25065.900,0.000,0.000,0.000
demo-1781204900326-2550,SN Ia,25065.900,25065.900,25065.900,0.000,0.000,0.000
demo-1781204900326-2549,QSO,25065.800,25065.800,25065.800,0.000,0.000,0.000
demo-1781204900326-2548,SN Ia,25065.700,25065.700,25065.800,0.000,0.100,0.100
demo-1781204900326-2547,RR Lyrae,25065.700,25065.700,25065.700,0.000,0.000,0.000
demo-1781204900326-2546,RR Lyrae,25065.600,25065.600,25065.700,0.000,0.100,0.100
demo-1781204900326-2545,AGN,25065.500,25065.500,25065.600,0.000,0.100,0.100
demo-1781204900326-2544,SN II,25065.400,25065.400,25065.500,0.000,0.100,0.100
demo-1781204900244-2543,AGN,24983.700,24983.700,24983.800,0.000,0.100,0.100
demo-1781204900244-2542,RR Lyrae,24983.700,24983.700,24983.700,0.000,0.000,0.000
demo-1781204900244-2541,RR Lyrae,24983.700,24983.700,24983.700,0.000,0.000,0.000
demo-1781204900244-2540,Mira,24983.600,24983.600,24983.700,0.000,0.100,0.100
demo-1781204900244-2539,RR Lyrae,24983.500,24983.500,24983.600,0.000,0.100,0.100
demo-1781204900244-2538,Unknown,24983.500,24983.500,24983.500,0.000,0.000,0.000
demo-1781204900244-2537,AGN,24983.400,24983.400,24983.500,0.000,0.100,0.100
demo-1781204900244-2536,RR Lyrae,24983.300,24983.300,24983.300,0.000,0.000,0.000
demo-1781204900244-2535,RR Lyrae,24983.200,24983.200,24983.300,0.000,0.100,0.100
demo-1781204900227-2534,Mira,24966.900,24966.900,24967.000,0.000,0.100,0.100
demo-1781204900227-2533,AGN,24966.900,24966.900,24966.900,0.000,0.000,0.000
demo-1781204900227-2532,AGN,24966.800,24966.800,24966.900,0.000,0.100,0.100
demo-1781204900227-2531,AGN,24966.700,24966.700,24966.800,0.000,0.100,0.100
demo-1781204900227-2530,Unknown,24966.600,24966.600,24966.700,0.000,0.100,0.100
demo-1781204900227-2529,RR Lyrae,24966.600,24966.600,24966.600,0.000,0.000,0.000
demo-1781204900227-2528,LPV,24966.500,24966.600,24966.600,0.100,0.000,0.100
demo-1781204900227-2527,RR Lyrae,24966.300,24966.400,24966.500,0.100,0.100,0.200
demo-1781204900227-2526,LPV,24966.300,24966.300,24966.300,0.000,0.000,0.000
demo-1781204900211-2525,Unknown,24950.300,24950.300,24950.400,0.000,0.100,0.100
demo-1781204900211-2524,Mira,24950.200,24950.200,24950.300,0.000,0.100,0.100
demo-1781204900211-2523,RR Lyrae,24950.100,24950.100,24950.100,0.000,0.000,0.000
demo-1781204900210-2522,Mira,24950.000,24950.000,24950.100,0.000,0.100,0.100
demo-1781204900210-2521,AGN,24950.000,24950.000,24950.000,0.000,0.000,0.000
demo-1781204900210-2520,AGN,24949.900,24949.900,24950.000,0.000,0.100,0.100
demo-1781204900210-2519,AGN,24949.800,24949.800,24949.900,0.000,0.100,0.100
demo-1781204900210-2518,RR Lyrae,24949.800,24949.800,24949.800,0.000,0.000,0.000
demo-1781204900210-2517,Unknown,24949.600,24949.600,24949.700,0.000,0.100,0.100
demo-1781204900194-2516,SN II,24933.400,24933.400,24933.400,0.000,0.000,0.000
demo-1781204900194-2515,SN Ia,24933.300,24933.300,24933.400,0.000,0.100,0.100
demo-1781204900194-2514,AGN,24933.300,24933.300,24933.300,0.000,0.000,0.000
demo-1781204900194-2513,Mira,24933.300,24933.300,24933.300,0.000,0.000,0.000
demo-1781204900194-2512,RR Lyrae,24933.100,24933.100,24933.300,0.000,0.200,0.200
demo-1781204900194-2511,AGN,24933.100,24933.100,24933.100,0.000,0.000,0.000
demo-1781204900193-2510,RR Lyrae,24933.100,24933.100,24933.100,0.000,0.000,0.000
demo-1781204900193-2509,SN II,24933.000,24933.000,24933.100,0.000,0.100,0.100
demo-1781204900193-2508,AGN,24932.900,24932.900,24933.000,0.000,0.100,0.100
demo-1781204900177-2507,RR Lyrae,24916.800,24916.800,24916.900,0.000,0.100,0.100
demo-1781204900177-2506,RR Lyrae,24916.700,24916.700,24916.800,0.000,0.100,0.100
demo-1781204900177-2505,SN Ia,24916.700,24916.700,24916.700,0.000,0.000,0.000
demo-1781204900177-2504,Mira,24916.700,24916.700,24916.700,0.000,0.000,0.000
demo-1781204900177-2503,RR Lyrae,24916.600,24916.600,24916.700,0.000,0.100,0.100
demo-1781204900177-2502,AGN,24916.500,24916.500,24916.600,0.000,0.100,0.100
demo-1781204900177-2501,SN Ic,24916.400,24916.400,24916.500,0.000,0.100,0.100
demo-1781204900177-2500,AGN,24916.300,24916.300,24916.400,0.000,0.100,0.100
demo-1781204900177-2499,AGN,24916.300,24916.300,24916.300,0.000,0.000,0.000
demo-1781204900161-2498,AGN,24900.100,24900.100,24900.300,0.000,0.200,0.200
demo-1781204900161-2497,Mira,24900.100,24900.100,24900.100,0.000,0.000,0.000
demo-1781204900160-2496,SN II,24900.000,24900.000,24900.100,0.000,0.100,0.100
demo-1781204900160-2495,RR Lyrae,24900.000,24900.000,24900.000,0.000,0.000,0.000
demo-1781204900160-2494,RR Lyrae,24899.900,24899.900,24900.000,0.000,0.100,0.100
demo-1781204900160-2493,RR Lyrae,24899.800,24899.800,24899.900,0.000,0.100,0.100
demo-1781204900160-2492,RR Lyrae,24899.700,24899.700,24899.700,0.000,0.000,0.000
demo-1781204900160-2491,Cepheid,24899.700,24899.700,24899.700,0.000,0.000,0.000
demo-1781204900160-2490,RR Lyrae,24899.500,24899.500,24899.600,0.000,0.100,0.100
demo-1781204900144-2489,SN II,24883.600,24883.600,24883.600,0.000,0.000,0.000
demo-1781204900144-2488,AGN,24883.500,24883.500,24883.600,0.000,0.100,0.100
demo-1781204900144-2487,AGN,24883.400,24883.500,24883.500,0.100,0.000,0.100
demo-1781204900144-2486,RR Lyrae,24883.300,24883.300,24883.400,0.000,0.100,0.100
demo-1781204900144-2485,RR Lyrae,24883.300,24883.300,24883.300,0.000,0.000,0.000
demo-1781204900144-2484,AGN,24883.300,24883.300,24883.300,0.000,0.000,0.000
demo-1781204900144-2483,AGN,24883.100,24883.100,24883.300,0.000,0.200,0.200
demo-1781204900144-2482,QSO,24883.100,24883.100,24883.100,0.000,0.000,0.000
demo-1781204900143-2481,RR Lyrae,24883.000,24883.000,24883.100,0.000,0.100,0.100
demo-1781204900128-2480,AGN,24867.200,24867.200,24867.200,0.000,0.000,0.000
demo-1781204900128-2479,AGN,24867.200,24867.200,24867.200,0.000,0.000,0.000
demo-1781204900128-2478,AGN,24867.100,24867.100,24867.100,0.000,0.000,0.000
demo-1781204900127-2477,Cepheid,24867.000,24867.000,24867.100,0.000,0.100,0.100
demo-1781204900127-2476,Mira,24866.900,24866.900,24867.000,0.000,0.100,0.100
demo-1781204900127-2475,SN Ia,24866.800,24866.800,24866.900,0.000,0.100,0.100
demo-1781204900127-2474,RR Lyrae,24866.800,24866.800,24866.800,0.000,0.000,0.000
demo-1781204900127-2473,RR Lyrae,24866.700,24866.700,24866.800,0.000,0.100,0.100
demo-1781204900127-2472,AGN,24866.500,24866.600,24866.700,0.100,0.100,0.200
demo-1781204900111-2471,AGN,24850.400,24850.400,24850.500,0.000,0.100,0.100
demo-1781204900111-2470,RR Lyrae,24850.400,24850.400,24850.400,0.000,0.000,0.000
demo-1781204900111-2469,SN Ia,24850.300,24850.300,24850.400,0.000,0.100,0.100
demo-1781204900111-2468,TDE,24850.300,24850.300,24850.300,0.000,0.000,0.000
demo-1781204900111-2467,SN Ia,24850.200,24850.200,24850.300,0.000,0.100,0.100
demo-1781204900111-2466,Mira,24850.200,24850.200,24850.200,0.000,0.000,0.000
demo-1781204900111-2465,RR Lyrae,24850.100,24850.100,24850.200,0.000,0.100,0.100
demo-1781204900110-2464,Unknown,24850.000,24850.000,24850.100,0.000,0.100,0.100
demo-1781204900110-2463,SN II,24849.800,24849.800,24850.000,0.000,0.200,0.200
demo-1781204900094-2462,RR Lyrae,24833.600,24833.700,24833.700,0.100,0.000,0.100
demo-1781204900094-2461,AGN,24833.600,24833.600,24833.600,0.000,0.000,0.000
demo-1781204900094-2460,RR Lyrae,24833.400,24833.400,24833.600,0.000,0.200,0.200
demo-1781204900094-2459,Mira,24833.400,24833.400,24833.400,0.000,0.000,0.000
demo-1781204900094-2458,Mira,24833.300,24833.300,24833.400,0.000,0.100,0.100
demo-1781204900094-2457,Cepheid,24833.200,24833.200,24833.300,0.000,0.100,0.100
demo-1781204900094-2456,RR Lyrae,24833.200,24833.200,24833.200,0.000,0.000,0.000
demo-1781204900093-2455,AGN,24833.000,24833.100,24833.200,0.100,0.100,0.200
demo-1781204900093-2454,SN Ia,24833.000,24833.000,24833.000,0.000,0.000,0.000
demo-1781204900086-2453,Mira,24825.100,24825.100,24825.100,0.000,0.000,0.000
demo-1781204900085-2452,AGN,24825.100,24825.100,24825.100,0.000,0.000,0.000
demo-1781204900085-2451,Cepheid,24824.900,24824.900,24825.000,0.000,0.100,0.100
demo-1781204900085-2450,Unknown,24824.800,24824.800,24824.900,0.000,0.100,0.100
demo-1781204900085-2449,RR Lyrae,24824.800,24824.800,24824.800,0.000,0.000,0.000
demo-1781204900085-2448,QSO,24824.700,24824.700,24824.800,0.000,0.100,0.100
demo-1781204900085-2447,Unknown,24824.600,24824.600,24824.700,0.000,0.100,0.100
demo-1781204900085-2446,Mira,24824.600,24824.600,24824.600,0.000,0.000,0.000
demo-1781204900085-2445,RR Lyrae,24824.500,24824.500,24824.600,0.000,0.100,0.100
demo-1781204900081-2444,Mira,24820.900,24820.900,24820.900,0.000,0.000,0.000
demo-1781204900081-2443,RR Lyrae,24820.900,24820.900,24820.900,0.000,0.000,0.000
demo-1781204900081-2442,Cepheid,24820.800,24820.800,24820.900,0.000,0.100,0.100
demo-1781204900081-2441,SN Ia,24820.700,24820.700,24820.800,0.000,0.100,0.100
demo-1781204900081-2440,RR Lyrae,24820.600,24820.600,24820.700,0.000,0.100,0.100
demo-1781204900081-2439,AGN,24820.500,24820.500,24820.600,0.000,0.100,0.100
demo-1781204900081-2438,Mira,24820.500,24820.500,24820.500,0.000,0.000,0.000
demo-1781204900081-2437,Unknown,24820.400,24820.400,24820.500,0.000,0.100,0.100
demo-1781204900081-2436,RR Lyrae,24820.300,24820.300,24820.400,0.000,0.100,0.100
demo-1781204899994-2435,AGN,24733.700,24733.700,24733.800,0.000,0.100,0.100
demo-1781204899994-2434,SN Ia,24733.600,24733.600,24733.700,0.000,0.100,0.100
demo-1781204899994-2433,RR Lyrae,24733.500,24733.500,24733.600,0.000,0.100,0.100
demo-1781204899994-2432,RR Lyrae,24733.500,24733.500,24733.500,0.000,0.000,0.000
demo-1781204899994-2431,AGN,24733.500,24733.500,24733.500,0.000,0.000,0.000
demo-1781204899994-2430,SN Ia,24733.400,24733.400,24733.500,0.000,0.100,0.100
demo-1781204899994-2429,RR Lyrae,24733.300,24733.300,24733.400,0.000,0.100,0.100
demo-1781204899994-2428,SN Ia,24733.300,24733.300,24733.300,0.000,0.000,0.000
demo-1781204899994-2427,RR Lyrae,24733.100,24733.100,24733.200,0.000,0.100,0.100
demo-1781204899978-2426,AGN,24717.200,24717.200,24717.200,0.000,0.000,0.000
demo-1781204899978-2425,Mira,24717.200,24717.200,24717.200,0.000,0.000,0.000
demo-1781204899978-2424,SN Ic,24717.100,24717.100,24717.200,0.000,0.100,0.100
demo-1781204899977-2423,QSO,24717.000,24717.000,24717.000,0.000,0.000,0.000
demo-1781204899977-2422,SN Ib,24717.000,24717.000,24717.000,0.000,0.000,0.000
demo-1781204899977-2421,Mira,24716.800,24716.800,24717.000,0.000,0.200,0.200
demo-1781204899977-2420,Mira,24716.800,24716.800,24716.800,0.000,0.000,0.000
demo-1781204899977-2419,RR Lyrae,24716.600,24716.600,24716.800,0.000,0.200,0.200
demo-1781204899977-2418,AGN,24716.500,24716.500,24716.600,0.000,0.100,0.100
demo-1781204899961-2417,AGN,24700.300,24700.300,24700.300,0.000,0.000,0.000
demo-1781204899961-2416,RR Lyrae,24700.200,24700.200,24700.300,0.000,0.100,0.100
demo-1781204899961-2415,Mira,24700.100,24700.100,24700.100,0.000,0.000,0.000
demo-1781204899960-2414,RR Lyrae,24700.000,24700.000,24700.100,0.000,0.100,0.100
demo-1781204899960-2413,RR Lyrae,24700.000,24700.000,24700.000,0.000,0.000,0.000
demo-1781204899960-2412,Mira,24699.800,24699.900,24699.900,0.100,0.000,0.100
demo-1781204899960-2411,Mira,24699.800,24699.800,24699.800,0.000,0.000,0.000
demo-1781204899960-2410,RR Lyrae,24699.700,24699.700,24699.800,0.000,0.100,0.100
demo-1781204899960-2409,LPV,24699.600,24699.600,24699.600,0.000,0.000,0.000
demo-1781204899944-2408,AGN,24683.600,24683.600,24683.600,0.000,0.000,0.000
demo-1781204899944-2407,RR Lyrae,24683.400,24683.400,24683.500,0.000,0.100,0.100
demo-1781204899944-2406,QSO,24683.300,24683.300,24683.400,0.000,0.100,0.100
demo-1781204899944-2405,RR Lyrae,24683.300,24683.300,24683.300,0.000,0.000,0.000
demo-1781204899944-2404,Mira,24683.200,24683.200,24683.300,0.000,0.100,0.100
demo-1781204899944-2403,Cepheid,24683.100,24683.100,24683.200,0.000,0.100,0.100
demo-1781204899944-2402,AGN,24683.100,24683.100,24683.100,0.000,0.000,0.000
demo-1781204899943-2401,AGN,24683.000,24683.000,24683.000,0.000,0.000,0.000
demo-1781204899943-2400,Mira,24682.900,24682.900,24683.000,0.000,0.100,0.100
demo-1781204899927-2399,AGN,24666.900,24666.900,24666.900,0.000,0.000,0.000
demo-1781204899927-2398,RR Lyrae,24666.800,24666.800,24666.900,0.000,0.100,0.100
demo-1781204899927-2397,Mira,24666.800,24666.800,24666.800,0.000,0.000,0.000
demo-1781204899927-2396,RR Lyrae,24666.700,24666.700,24666.800,0.000,0.100,0.100
demo-1781204899927-2395,RR Lyrae,24666.600,24666.600,24666.700,0.000,0.100,0.100
demo-1781204899927-2394,Mira,24666.500,24666.500,24666.600,0.000,0.100,0.100
demo-1781204899927-2393,AGN,24666.500,24666.500,24666.500,0.000,0.000,0.000
demo-1781204899927-2392,RR Lyrae,24666.400,24666.400,24666.500,0.000,0.100,0.100
demo-1781204899927-2391,QSO,24666.200,24666.200,24666.400,0.000,0.200,0.200
demo-1781204899911-2390,RR Lyrae,24650.700,24650.700,24650.800,0.000,0.100,0.100
demo-1781204899911-2389,RR Lyrae,24650.700,24650.700,24650.700,0.000,0.000,0.000
demo-1781204899911-2388,QSO,24650.600,24650.600,24650.600,0.000,0.000,0.000
demo-1781204899911-2387,Mira,24650.600,24650.600,24650.600,0.000,0.000,0.000
demo-1781204899911-2386,Mira,24650.500,24650.500,24650.500,0.000,0.000,0.000
demo-1781204899911-2385,LPV,24650.500,24650.500,24650.500,0.000,0.000,0.000
demo-1781204899911-2384,SN Ia,24650.300,24650.300,24650.400,0.000,0.100,0.100
demo-1781204899911-2383,LPV,24650.200,24650.200,24650.300,0.000,0.100,0.100
demo-1781204899911-2382,RR Lyrae,24650.200,24650.200,24650.200,0.000,0.000,0.000
demo-1781204899894-2381,RR Lyrae,24633.400,24633.400,24633.500,0.000,0.100,0.100
demo-1781204899894-2380,AGN,24633.400,24633.400,24633.400,0.000,0.000,0.000
demo-1781204899894-2379,RR Lyrae,24633.300,24633.300,24633.400,0.000,0.100,0.100
demo-1781204899894-2378,AGN,24633.300,24633.300,24633.300,0.000,0.000,0.000
demo-1781204899894-2377,LPV,24633.200,24633.200,24633.300,0.000,0.100,0.100
demo-1781204899894-2376,AGN,24633.200,24633.200,24633.200,0.000,0.000,0.000
demo-1781204899894-2375,RR Lyrae,24633.100,24633.100,24633.200,0.000,0.100,0.100
demo-1781204899893-2374,RR Lyrae,24633.000,24633.000,24633.100,0.000,0.100,0.100
demo-1781204899893-2373,LPV,24632.900,24632.900,24632.900,0.000,0.000,0.000
demo-1781204899877-2372,AGN,24616.900,24616.900,24616.900,0.000,0.000,0.000
demo-1781204899877-2371,AGN,24616.900,24616.900,24616.900,0.000,0.000,0.000
demo-1781204899877-2370,Cepheid,24616.800,24616.800,24616.900,0.000,0.100,0.100
demo-1781204899877-2369,Mira,24616.700,24616.700,24616.800,0.000,0.100,0.100
demo-1781204899877-2368,Mira,24616.600,24616.600,24616.700,0.000,0.100,0.100
demo-1781204899877-2367,RR Lyrae,24616.500,24616.500,24616.600,0.000,0.100,0.100
demo-1781204899877-2366,RR Lyrae,24616.500,24616.500,24616.500,0.000,0.000,0.000
demo-1781204899877-2365,Unknown,24616.400,24616.400,24616.500,0.000,0.100,0.100
demo-1781204899877-2364,QSO,24616.300,24616.400,24616.400,0.100,0.000,0.100
demo-1781204899861-2363,AGN,24600.100,24600.100,24600.200,0.000,0.100,0.100
demo-1781204899861-2362,RR Lyrae,24600.100,24600.100,24600.100,0.000,0.000,0.000
demo-1781204899860-2361,RR Lyrae,24600.100,24600.100,24600.100,0.000,0.000,0.000
demo-1781204899860-2360,RR Lyrae,24600.000,24600.000,24600.100,0.000,0.100,0.100
demo-1781204899860-2359,Cepheid,24599.900,24599.900,24600.000,0.000,0.100,0.100
demo-1781204899860-2358,RR Lyrae,24599.900,24599.900,24599.900,0.000,0.000,0.000
demo-1781204899860-2357,AGN,24599.800,24599.800,24599.900,0.000,0.100,0.100
demo-1781204899860-2356,RR Lyrae,24599.700,24599.700,24599.800,0.000,0.100,0.100
demo-1781204899860-2355,RR Lyrae,24599.600,24599.600,24599.700,0.000,0.100,0.100
demo-1781204899844-2354,RR Lyrae,24583.600,24583.600,24583.700,0.000,0.100,0.100
demo-1781204899844-2353,RR Lyrae,24583.600,24583.600,24583.600,0.000,0.000,0.000
demo-1781204899844-2352,RR Lyrae,24583.500,24583.500,24583.600,0.000,0.100,0.100
demo-1781204899844-2351,RR Lyrae,24583.500,24583.500,24583.500,0.000,0.000,0.000
demo-1781204899844-2350,LPV,24583.300,24583.300,24583.500,0.000,0.200,0.200
demo-1781204899844-2349,RR Lyrae,24583.300,24583.300,24583.300,0.000,0.000,0.000
demo-1781204899844-2348,RR Lyrae,24583.200,24583.200,24583.300,0.000,0.100,0.100
demo-1781204899844-2347,Cepheid,24583.100,24583.200,24583.200,0.100,0.000,0.100
demo-1781204899843-2346,AGN,24583.000,24583.000,24583.100,0.000,0.100,0.100
demo-1781204899832-2345,AGN,24571.600,24571.600,24571.700,0.000,0.100,0.100
demo-1781204899832-2344,AGN,24571.600,24571.600,24571.600,0.000,0.000,0.000
demo-1781204899832-2343,RR Lyrae,24571.500,24571.500,24571.600,0.000,0.100,0.100
demo-1781204899832-2342,Mira,24571.400,24571.400,24571.500,0.000,0.100,0.100
demo-1781204899832-2341,AGN,24571.300,24571.300,24571.400,0.000,0.100,0.100
demo-1781204899832-2340,Mira,24571.300,24571.300,24571.300,0.000,0.000,0.000
demo-1781204899832-2339,RR Lyrae,24571.100,24571.100,24571.200,0.000,0.100,0.100
demo-1781204899832-2338,SN Ia,24571.100,24571.100,24571.100,0.000,0.000,0.000
demo-1781204899831-2337,RR Lyrae,24571.100,24571.100,24571.100,0.000,0.000,0.000
demo-1781204899827-2336,SN Ia,24567.000,24567.000,24567.000,0.000,0.000,0.000
demo-1781204899827-2335,AGN,24566.800,24566.800,24567.000,0.000,0.200,0.200
demo-1781204899827-2334,Unknown,24566.700,24566.700,24566.800,0.000,0.100,0.100
demo-1781204899827-2333,Mira,24566.600,24566.700,24566.700,0.100,0.000,0.100
demo-1781204899827-2332,RR Lyrae,24566.500,24566.500,24566.600,0.000,0.100,0.100
demo-1781204899827-2331,LPV,24566.500,24566.500,24566.500,0.000,0.000,0.000
demo-1781204899827-2330,RR Lyrae,24566.300,24566.300,24566.500,0.000,0.200,0.200
demo-1781204899827-2329,Unknown,24566.300,24566.300,24566.300,0.000,0.000,0.000
demo-1781204899827-2328,LPV,24566.200,24566.200,24566.300,0.000,0.100,0.100
demo-1781204899744-2327,RR Lyrae,24483.300,24483.300,24483.500,0.000,0.200,0.200
demo-1781204899744-2326,RR Lyrae,24483.300,24483.300,24483.300,0.000,0.000,0.000
demo-1781204899744-2325,RR Lyrae,24483.300,24483.300,24483.300,0.000,0.000,0.000
demo-1781204899744-2324,Mira,24483.200,24483.200,24483.200,0.000,0.000,0.000
demo-1781204899744-2323,Mira,24483.200,24483.200,24483.200,0.000,0.000,0.000
demo-1781204899743-2322,RR Lyrae,24483.100,24483.100,24483.100,0.000,0.000,0.000
demo-1781204899743-2321,RR Lyrae,24483.000,24483.000,24483.100,0.000,0.100,0.100
demo-1781204899743-2320,SN Ia,24483.000,24483.000,24483.000,0.000,0.000,0.000
demo-1781204899743-2319,AGN,24482.800,24482.800,24482.900,0.000,0.100,0.100
demo-1781204899727-2318,RR Lyrae,24466.900,24466.900,24466.900,0.000,0.000,0.000
demo-1781204899727-2317,QSO,24466.800,24466.800,24466.900,0.000,0.100,0.100
demo-1781204899727-2316,Cepheid,24466.800,24466.800,24466.800,0.000,0.000,0.000
demo-1781204899727-2315,QSO,24466.700,24466.700,24466.800,0.000,0.100,0.100
demo-1781204899727-2314,SN II,24466.600,24466.600,24466.700,0.000,0.100,0.100
demo-1781204899727-2313,Unknown,24466.600,24466.600,24466.600,0.000,0.000,0.000
demo-1781204899727-2312,RR Lyrae,24466.500,24466.500,24466.600,0.000,0.100,0.100
demo-1781204899727-2311,QSO,24466.500,24466.500,24466.500,0.000,0.000,0.000
demo-1781204899727-2310,Unknown,24466.300,24466.300,24466.500,0.000,0.200,0.200
demo-1781204899711-2309,LPV,24450.500,24450.500,24450.500,0.000,0.000,0.000
demo-1781204899711-2308,AGN,24450.300,24450.300,24450.500,0.000,0.200,0.200
demo-1781204899711-2307,Unknown,24450.300,24450.300,24450.300,0.000,0.000,0.000
demo-1781204899711-2306,SN Ic,24450.200,24450.200,24450.300,0.000,0.100,0.100
demo-1781204899711-2305,RR Lyrae,24450.200,24450.200,24450.200,0.000,0.000,0.000
demo-1781204899711-2304,SN II,24450.100,24450.100,24450.200,0.000,0.100,0.100
demo-1781204899711-2303,SN Ia,24450.100,24450.100,24450.100,0.000,0.000,0.000
demo-1781204899710-2302,SN Ia,24450.000,24450.000,24450.100,0.000,0.100,0.100
demo-1781204899710-2301,Cepheid,24449.900,24449.900,24450.000,0.000,0.100,0.100
demo-1781204899694-2300,LPV,24433.600,24433.600,24433.600,0.000,0.000,0.000
demo-1781204899694-2299,AGN,24433.500,24433.500,24433.600,0.000,0.100,0.100
demo-1781204899694-2298,SN Ia,24433.400,24433.400,24433.500,0.000,0.100,0.100
demo-1781204899694-2297,Cepheid,24433.400,24433.400,24433.400,0.000,0.000,0.000
demo-1781204899694-2296,AGN,24433.300,24433.300,24433.400,0.000,0.100,0.100
demo-1781204899694-2295,LPV,24433.200,24433.200,24433.300,0.000,0.100,0.100
demo-1781204899694-2294,Mira,24433.100,24433.100,24433.200,0.000,0.100,0.100
demo-1781204899693-2293,Mira,24433.100,24433.100,24433.100,0.000,0.000,0.000
demo-1781204899693-2292,SN Ia,24432.900,24432.900,24433.100,0.000,0.200,0.200
demo-1781204899677-2291,AGN,24416.700,24416.700,24416.800,0.000,0.100,0.100
demo-1781204899677-2290,RR Lyrae,24416.700,24416.700,24416.700,0.000,0.000,0.000
demo-1781204899677-2289,Mira,24416.600,24416.700,24416.700,0.100,0.000,0.100
demo-1781204899677-2288,Mira,24416.500,24416.500,24416.600,0.000,0.100,0.100
demo-1781204899677-2287,SN Ia,24416.500,24416.500,24416.500,0.000,0.000,0.000
demo-1781204899677-2286,SN Ia,24416.400,24416.400,24416.500,0.000,0.100,0.100
demo-1781204899677-2285,AGN,24416.300,24416.300,24416.400,0.000,0.100,0.100
demo-1781204899677-2284,AGN,24416.300,24416.300,24416.300,0.000,0.000,0.000
demo-1781204899677-2283,SN Ia,24416.100,24416.100,24416.200,0.000,0.100,0.100
demo-1781204899661-2282,RR Lyrae,24400.100,24400.100,24400.100,0.000,0.000,0.000
demo-1781204899660-2281,Mira,24400.000,24400.000,24400.100,0.000,0.100,0.100
demo-1781204899660-2280,Unknown,24400.000,24400.000,24400.000,0.000,0.000,0.000
demo-1781204899660-2279,RR Lyrae,24399.900,24399.900,24399.900,0.000,0.000,0.000
demo-1781204899660-2278,AGN,24399.900,24399.900,24399.900,0.000,0.000,0.000
demo-1781204899660-2277,RR Lyrae,24399.800,24399.800,24399.800,0.000,0.000,0.000
demo-1781204899660-2276,LPV,24399.800,24399.800,24399.800,0.000,0.000,0.000
demo-1781204899660-2275,QSO,24399.600,24399.600,24399.800,0.000,0.200,0.200
demo-1781204899660-2274,AGN,24399.600,24399.600,24399.600,0.000,0.000,0.000
demo-1781204899644-2273,AGN,24383.300,24383.300,24383.400,0.000,0.100,0.100
demo-1781204899644-2272,SN Ia,24383.300,24383.300,24383.300,0.000,0.000,0.000
demo-1781204899644-2271,RR Lyrae,24383.200,24383.200,24383.300,0.000,0.100,0.100
demo-1781204899644-2270,SN Ic,24383.200,24383.200,24383.200,0.000,0.000,0.000
demo-1781204899644-2269,Mira,24383.100,24383.100,24383.200,0.000,0.100,0.100
demo-1781204899643-2268,Unknown,24383.000,24383.000,24383.100,0.000,0.100,0.100
demo-1781204899643-2267,SN Ic,24383.000,24383.000,24383.000,0.000,0.000,0.000
demo-1781204899643-2266,Mira,24382.900,24382.900,24383.000,0.000,0.100,0.100
demo-1781204899643-2265,Mira,24382.800,24382.800,24382.900,0.000,0.100,0.100
demo-1781204899627-2264,RR Lyrae,24366.900,24366.900,24366.900,0.000,0.000,0.000
demo-1781204899627-2263,RR Lyrae,24366.700,24366.700,24366.800,0.000,0.100,0.100
demo-1781204899627-2262,Mira,24366.700,24366.700,24366.700,0.000,0.000,0.000
demo-1781204899627-2261,Mira,24366.700,24366.700,24366.700,0.000,0.000,0.000
demo-1781204899627-2260,Cepheid,24366.600,24366.600,24366.700,0.000,0.100,0.100
demo-1781204899627-2259,AGN,24366.500,24366.500,24366.600,0.000,0.100,0.100
demo-1781204899627-2258,AGN,24366.400,24366.400,24366.500,0.000,0.100,0.100
demo-1781204899627-2257,AGN,24366.400,24366.400,24366.400,0.000,0.000,0.000
demo-1781204899627-2256,RR Lyrae,24366.300,24366.300,24366.400,0.000,0.100,0.100
demo-1781204899611-2255,LPV,24350.100,24350.100,24350.200,0.000,0.100,0.100
demo-1781204899610-2254,Cepheid,24350.000,24350.000,24350.100,0.000,0.100,0.100
demo-1781204899610-2253,RR Lyrae,24350.000,24350.000,24350.000,0.000,0.000,0.000
demo-1781204899610-2252,AGN,24349.900,24349.900,24350.000,0.000,0.100,0.100
demo-1781204899610-2251,AGN,24349.800,24349.900,24349.900,0.100,0.000,0.100
demo-1781204899610-2250,SN Ia,24349.800,24349.800,24349.800,0.000,0.000,0.000
demo-1781204899610-2249,RR Lyrae,24349.700,24349.700,24349.700,0.000,0.000,0.000
demo-1781204899610-2248,RR Lyrae,24349.700,24349.700,24349.700,0.000,0.000,0.000
demo-1781204899610-2247,RR Lyrae,24349.500,24349.500,24349.700,0.000,0.200,0.200
demo-1781204899594-2246,LPV,24333.800,24333.800,24333.800,0.000,0.000,0.000
demo-1781204899594-2245,AGN,24333.700,24333.700,24333.800,0.000,0.100,0.100
demo-1781204899594-2244,Mira,24333.700,24333.700,24333.700,0.000,0.000,0.000
demo-1781204899594-2243,Unknown,24333.600,24333.600,24333.700,0.000,0.100,0.100
demo-1781204899594-2242,AGN,24333.600,24333.600,24333.600,0.000,0.000,0.000
demo-1781204899594-2241,RR Lyrae,24333.500,24333.500,24333.600,0.000,0.100,0.100
demo-1781204899594-2240,RR Lyrae,24333.300,24333.300,24333.500,0.000,0.200,0.200
demo-1781204899594-2239,Mira,24333.200,24333.200,24333.300,0.000,0.100,0.100
demo-1781204899594-2238,RR Lyrae,24333.200,24333.200,24333.200,0.000,0.000,0.000
demo-1781204899587-2237,Mira,24326.400,24326.400,24326.500,0.000,0.100,0.100
demo-1781204899587-2236,Mira,24326.300,24326.300,24326.400,0.000,0.100,0.100
demo-1781204899587-2235,Mira,24326.200,24326.200,24326.300,0.000,0.100,0.100
demo-1781204899587-2234,RR Lyrae,24326.200,24326.200,24326.200,0.000,0.000,0.000
demo-1781204899587-2233,RR Lyrae,24326.100,24326.100,24326.200,0.000,0.100,0.100
demo-1781204899586-2232,LPV,24326.000,24326.000,24326.100,0.000,0.100,0.100
demo-1781204899586-2231,AGN,24326.000,24326.000,24326.000,0.000,0.000,0.000
demo-1781204899586-2230,AGN,24325.900,24325.900,24326.000,0.000,0.100,0.100
demo-1781204899586-2229,RR Lyrae,24325.800,24325.900,24325.900,0.100,0.000,0.100
demo-1781204899583-2228,AGN,24322.400,24322.400,24322.500,0.000,0.100,0.100
demo-1781204899583-2227,Mira,24322.300,24322.300,24322.400,0.000,0.100,0.100
demo-1781204899583-2226,AGN,24322.300,24322.300,24322.300,0.000,0.000,0.000
demo-1781204899583-2225,Cepheid,24322.300,24322.300,24322.300,0.000,0.000,0.000
demo-1781204899583-2224,SN II,24322.200,24322.300,24322.300,0.100,0.000,0.100
demo-1781204899583-2223,Unknown,24322.200,24322.200,24322.200,0.000,0.000,0.000
demo-1781204899583-2222,AGN,24322.000,24322.000,24322.200,0.000,0.200,0.200
demo-1781204899582-2221,AGN,24322.000,24322.000,24322.000,0.000,0.000,0.000
demo-1781204899582-2220,RR Lyrae,24321.900,24321.900,24322.000,0.000,0.100,0.100
demo-1781204899494-2219,Cepheid,24233.600,24233.600,24233.600,0.000,0.000,0.000
demo-1781204899494-2218,Mira,24233.500,24233.500,24233.600,0.000,0.100,0.100
demo-1781204899494-2217,QSO,24233.400,24233.400,24233.500,0.000,0.100,0.100
demo-1781204899494-2216,QSO,24233.400,24233.400,24233.400,0.000,0.000,0.000
demo-1781204899494-2215,Cepheid,24233.400,24233.400,24233.400,0.000,0.000,0.000
demo-1781204899494-2214,AGN,24233.300,24233.300,24233.400,0.000,0.100,0.100
demo-1781204899494-2213,RR Lyrae,24233.300,24233.300,24233.300,0.000,0.000,0.000
demo-1781204899494-2212,Unknown,24233.100,24233.100,24233.300,0.000,0.200,0.200
demo-1781204899493-2211,RR Lyrae,24233.100,24233.100,24233.100,0.000,0.000,0.000
demo-1781204899477-2210,AGN,24216.800,24216.800,24216.900,0.000,0.100,0.100
demo-1781204899477-2209,Mira,24216.700,24216.700,24216.800,0.000,0.100,0.100
demo-1781204899477-2208,AGN,24216.700,24216.700,24216.700,0.000,0.000,0.000
demo-1781204899477-2207,RR Lyrae,24216.600,24216.600,24216.600,0.000,0.000,0.000
demo-1781204899477-2206,RR Lyrae,24216.600,24216.600,24216.600,0.000,0.000,0.000
demo-1781204899477-2205,RR Lyrae,24216.500,24216.500,24216.600,0.000,0.100,0.100
demo-1781204899477-2204,Mira,24216.400,24216.400,24216.500,0.000,0.100,0.100
demo-1781204899477-2203,SN Ia,24216.300,24216.300,24216.400,0.000,0.100,0.100
demo-1781204899477-2202,AGN,24216.300,24216.300,24216.300,0.000,0.000,0.000
demo-1781204899461-2201,Mira,24200.400,24200.400,24200.400,0.000,0.000,0.000
demo-1781204899461-2200,Unknown,24200.300,24200.300,24200.400,0.000,0.100,0.100
demo-1781204899461-2199,AGN,24200.300,24200.300,24200.300,0.000,0.000,0.000
demo-1781204899461-2198,AGN,24200.200,24200.200,24200.300,0.000,0.100,0.100
demo-1781204899461-2197,Unknown,24200.200,24200.200,24200.200,0.000,0.000,0.000
demo-1781204899461-2196,SN Ic,24200.100,24200.100,24200.200,0.000,0.100,0.100
demo-1781204899460-2195,RR Lyrae,24200.000,24200.000,24200.100,0.000,0.100,0.100
demo-1781204899460-2194,QSO,24200.000,24200.000,24200.000,0.000,0.000,0.000
demo-1781204899460-2193,QSO,24199.900,24199.900,24200.000,0.000,0.100,0.100
demo-1781204899447-2192,Mira,24186.200,24186.200,24186.200,0.000,0.000,0.000
demo-1781204899447-2191,Mira,24186.100,24186.100,24186.100,0.000,0.000,0.000
demo-1781204899446-2190,RR Lyrae,24186.000,24186.000,24186.100,0.000,0.100,0.100
demo-1781204899446-2189,SN Ia,24186.000,24186.000,24186.000,0.000,0.000,0.000
demo-1781204899446-2188,AGN,24185.900,24185.900,24186.000,0.000,0.100,0.100
demo-1781204899446-2187,SN II,24185.800,24185.800,24185.900,0.000,0.100,0.100
demo-1781204899446-2186,RR Lyrae,24185.800,24185.800,24185.800,0.000,0.000,0.000
demo-1781204899446-2185,Unknown,24185.700,24185.700,24185.800,0.000,0.100,0.100
demo-1781204899446-2184,Unknown,24185.600,24185.600,24185.700,0.000,0.100,0.100
demo-1781204899427-2183,AGN,24166.900,24166.900,24166.900,0.000,0.000,0.000
demo-1781204899427-2182,LPV,24166.800,24166.800,24166.900,0.000,0.100,0.100
demo-1781204899427-2181,RR Lyrae,24166.700,24166.700,24166.800,0.000,0.100,0.100
demo-1781204899427-2180,LPV,24166.700,24166.700,24166.700,0.000,0.000,0.000
demo-1781204899427-2179,LPV,24166.600,24166.600,24166.700,0.000,0.100,0.100
demo-1781204899427-2178,AGN,24166.500,24166.500,24166.600,0.000,0.100,0.100
demo-1781204899427-2177,LPV,24166.500,24166.500,24166.500,0.000,0.000,0.000
demo-1781204899427-2176,RR Lyrae,24166.400,24166.400,24166.500,0.000,0.100,0.100
demo-1781204899427-2175,AGN,24166.200,24166.200,24166.400,0.000,0.200,0.200
demo-1781204899411-2174,AGN,24150.200,24150.200,24150.300,0.000,0.100,0.100
demo-1781204899411-2173,AGN,24150.100,24150.100,24150.200,0.000,0.100,0.100
demo-1781204899410-2172,SN II,24150.100,24150.100,24150.100,0.000,0.000,0.000
demo-1781204899410-2171,RR Lyrae,24149.900,24149.900,24150.100,0.000,0.200,0.200
demo-1781204899410-2170,RR Lyrae,24149.900,24149.900,24149.900,0.000,0.000,0.000
demo-1781204899410-2169,Mira,24149.800,24149.800,24149.900,0.000,0.100,0.100
demo-1781204899410-2168,Cepheid,24149.800,24149.800,24149.800,0.000,0.000,0.000
demo-1781204899410-2167,RR Lyrae,24149.600,24149.700,24149.800,0.100,0.100,0.200
demo-1781204899410-2166,RR Lyrae,24149.500,24149.500,24149.600,0.000,0.100,0.100
demo-1781204899394-2165,Cepheid,24133.300,24133.300,24133.400,0.000,0.100,0.100
demo-1781204899394-2164,Unknown,24133.200,24133.200,24133.300,0.000,0.100,0.100
demo-1781204899394-2163,RR Lyrae,24133.200,24133.200,24133.200,0.000,0.000,0.000
demo-1781204899394-2162,RR Lyrae,24133.100,24133.100,24133.100,0.000,0.000,0.000
demo-1781204899394-2161,AGN,24133.100,24133.100,24133.100,0.000,0.000,0.000
demo-1781204899393-2160,RR Lyrae,24133.000,24133.000,24133.100,0.000,0.100,0.100
demo-1781204899393-2159,Mira,24132.900,24132.900,24133.000,0.000,0.100,0.100
demo-1781204899393-2158,AGN,24132.900,24132.900,24132.900,0.000,0.000,0.000
demo-1781204899393-2157,AGN,24132.800,24132.800,24132.900,0.000,0.100,0.100
demo-1781204899377-2156,AGN,24116.600,24116.600,24116.700,0.000,0.100,0.100
demo-1781204899377-2155,Unknown,24116.500,24116.500,24116.600,0.000,0.100,0.100
demo-1781204899377-2154,RR Lyrae,24116.500,24116.500,24116.500,0.000,0.000,0.000
demo-1781204899377-2153,RR Lyrae,24116.500,24116.500,24116.500,0.000,0.000,0.000
demo-1781204899377-2152,AGN,24116.500,24116.500,24116.500,0.000,0.000,0.000
demo-1781204899377-2151,LPV,24116.400,24116.400,24116.500,0.000,0.100,0.100
demo-1781204899377-2150,RR Lyrae,24116.300,24116.300,24116.400,0.000,0.100,0.100
demo-1781204899377-2149,RR Lyrae,24116.200,24116.200,24116.300,0.000,0.100,0.100
demo-1781204899377-2148,AGN,24116.100,24116.100,24116.200,0.000,0.100,0.100
demo-1781204899360-2147,RR Lyrae,24099.900,24099.900,24099.900,0.000,0.000,0.000
demo-1781204899360-2146,RR Lyrae,24099.800,24099.800,24099.900,0.000,0.100,0.100
demo-1781204899360-2145,Mira,24099.800,24099.800,24099.800,0.000,0.000,0.000
demo-1781204899360-2144,RR Lyrae,24099.700,24099.700,24099.800,0.000,0.100,0.100
demo-1781204899360-2143,LPV,24099.700,24099.700,24099.700,0.000,0.000,0.000
demo-1781204899360-2142,Mira,24099.500,24099.600,24099.700,0.100,0.100,0.200
demo-1781204899360-2141,LPV,24099.500,24099.500,24099.500,0.000,0.000,0.000
demo-1781204899360-2140,SN Ia,24099.500,24099.500,24099.500,0.000,0.000,0.000
demo-1781204899360-2139,RR Lyrae,24099.400,24099.400,24099.500,0.000,0.100,0.100
demo-1781204899344-2138,RR Lyrae,24083.300,24083.300,24083.300,0.000,0.000,0.000
demo-1781204899344-2137,Mira,24083.200,24083.200,24083.300,0.000,0.100,0.100
demo-1781204899344-2136,Mira,24083.100,24083.100,24083.200,0.000,0.100,0.100
demo-1781204899344-2135,RR Lyrae,24083.100,24083.100,24083.100,0.000,0.000,0.000
demo-1781204899343-2134,AGN,24083.000,24083.000,24083.100,0.000,0.100,0.100
demo-1781204899343-2133,RR Lyrae,24083.000,24083.000,24083.000,0.000,0.000,0.000
demo-1781204899343-2132,Mira,24082.900,24082.900,24083.000,0.000,0.100,0.100
demo-1781204899343-2131,AGN,24082.900,24082.900,24082.900,0.000,0.000,0.000
demo-1781204899343-2130,RR Lyrae,24082.700,24082.700,24082.800,0.000,0.100,0.100
demo-1781204899331-2129,RR Lyrae,24070.400,24070.400,24070.500,0.000,0.100,0.100
demo-1781204899331-2128,RR Lyrae,24070.400,24070.400,24070.400,0.000,0.000,0.000
demo-1781204899331-2127,RR Lyrae,24070.400,24070.400,24070.400,0.000,0.000,0.000
demo-1781204899331-2126,SN II,24070.200,24070.200,24070.300,0.000,0.100,0.100
demo-1781204899331-2125,AGN,24070.200,24070.200,24070.200,0.000,0.000,0.000
demo-1781204899331-2124,RR Lyrae,24070.200,24070.200,24070.200,0.000,0.000,0.000
demo-1781204899331-2123,SN II,24070.000,24070.000,24070.200,0.000,0.200,0.200
demo-1781204899330-2122,SN Ia,24070.000,24070.000,24070.000,0.000,0.000,0.000
demo-1781204899330-2121,RR Lyrae,24070.000,24070.000,24070.000,0.000,0.000,0.000
demo-1781204899327-2120,AGN,24066.200,24066.200,24066.300,0.000,0.100,0.100
demo-1781204899327-2119,AGN,24066.200,24066.200,24066.200,0.000,0.000,0.000
demo-1781204899327-2118,SN II,24066.100,24066.100,24066.200,0.000,0.100,0.100
demo-1781204899326-2117,Mira,24066.100,24066.100,24066.100,0.000,0.000,0.000
demo-1781204899326-2116,RR Lyrae,24066.000,24066.000,24066.000,0.000,0.000,0.000
demo-1781204899326-2115,Mira,24065.800,24065.800,24066.000,0.000,0.200,0.200
demo-1781204899326-2114,RR Lyrae,24065.800,24065.800,24065.800,0.000,0.000,0.000
demo-1781204899326-2113,RR Lyrae,24065.700,24065.700,24065.800,0.000,0.100,0.100
demo-1781204899326-2112,RR Lyrae,24065.700,24065.700,24065.700,0.000,0.000,0.000
demo-1781204899244-2111,SN II,23983.200,23983.200,23983.300,0.000,0.100,0.100
demo-1781204899244-2110,Unknown,23983.200,23983.200,23983.200,0.000,0.000,0.000
demo-1781204899244-2109,AGN,23983.100,23983.100,23983.200,0.000,0.100,0.100
demo-1781204899243-2108,RR Lyrae,23983.100,23983.100,23983.100,0.000,0.000,0.000
demo-1781204899243-2107,RR Lyrae,23983.000,23983.000,23983.100,0.000,0.100,0.100
demo-1781204899243-2106,AGN,23982.900,23982.900,23983.000,0.000,0.100,0.100
demo-1781204899243-2105,RR Lyrae,23982.800,23982.800,23982.900,0.000,0.100,0.100
demo-1781204899243-2104,SN Ic,23982.800,23982.800,23982.800,0.000,0.000,0.000
demo-1781204899243-2103,Mira,23982.700,23982.800,23982.800,0.100,0.000,0.100
demo-1781204899227-2102,RR Lyrae,23966.600,23966.600,23966.600,0.000,0.000,0.000
demo-1781204899227-2101,RR Lyrae,23966.500,23966.500,23966.600,0.000,0.100,0.100
demo-1781204899227-2100,AGN,23966.500,23966.500,23966.500,0.000,0.000,0.000
demo-1781204899227-2099,SN Ia,23966.400,23966.400,23966.400,0.000,0.000,0.000
demo-1781204899227-2098,LPV,23966.300,23966.300,23966.400,0.000,0.100,0.100
demo-1781204899227-2097,SN Ia,23966.300,23966.300,23966.300,0.000,0.000,0.000
demo-1781204899227-2096,RR Lyrae,23966.200,23966.200,23966.300,0.000,0.100,0.100
demo-1781204899227-2095,Mira,23966.200,23966.200,23966.200,0.000,0.000,0.000
demo-1781204899227-2094,RR Lyrae,23966.100,23966.100,23966.200,0.000,0.100,0.100
demo-1781204899211-2093,AGN,23950.100,23950.100,23950.100,0.000,0.000,0.000
demo-1781204899210-2092,AGN,23950.000,23950.000,23950.100,0.000,0.100,0.100
demo-1781204899210-2091,RR Lyrae,23949.900,23949.900,23950.000,0.000,0.100,0.100
demo-1781204899210-2090,SN II,23949.900,23949.900,23949.900,0.000,0.000,0.000
demo-1781204899210-2089,Mira,23949.800,23949.800,23949.900,0.000,0.100,0.100
demo-1781204899210-2088,SN Ib,23949.800,23949.800,23949.800,0.000,0.000,0.000
demo-1781204899210-2087,AGN,23949.700,23949.700,23949.700,0.000,0.000,0.000
demo-1781204899210-2086,LPV,23949.600,23949.600,23949.700,0.000,0.100,0.100
demo-1781204899210-2085,Unknown,23949.600,23949.600,23949.600,0.000,0.000,0.000
demo-1781204899194-2084,Mira,23933.300,23933.300,23933.400,0.000,0.100,0.100
demo-1781204899194-2083,QSO,23933.300,23933.300,23933.300,0.000,0.000,0.000
demo-1781204899194-2082,QSO,23933.200,23933.200,23933.300,0.000,0.100,0.100
demo-1781204899194-2081,Mira,23933.200,23933.200,23933.200,0.000,0.000,0.000
demo-1781204899194-2080,RR Lyrae,23933.100,23933.100,23933.200,0.000,0.100,0.100
demo-1781204899194-2079,RR Lyrae,23933.100,23933.100,23933.100,0.000,0.000,0.000
demo-1781204899193-2078,RR Lyrae,23933.000,23933.000,23933.100,0.000,0.100,0.100
demo-1781204899193-2077,RR Lyrae,23932.900,23932.900,23933.000,0.000,0.100,0.100
demo-1781204899193-2076,SN Ia,23932.900,23932.900,23932.900,0.000,0.000,0.000
demo-1781204899177-2075,AGN,23916.800,23916.800,23917.000,0.000,0.200,0.200
demo-1781204899177-2074,SN Ia,23916.800,23916.800,23916.800,0.000,0.000,0.000
demo-1781204899177-2073,AGN,23916.800,23916.800,23916.800,0.000,0.000,0.000
demo-1781204899177-2072,Mira,23916.700,23916.700,23916.800,0.000,0.100,0.100
demo-1781204899177-2071,Mira,23916.600,23916.600,23916.700,0.000,0.100,0.100
demo-1781204899177-2070,SN Ia,23916.500,23916.500,23916.600,0.000,0.100,0.100
demo-1781204899177-2069,Unknown,23916.400,23916.400,23916.500,0.000,0.100,0.100
demo-1781204899177-2068,AGN,23916.400,23916.400,23916.400,0.000,0.000,0.000
demo-1781204899177-2067,QSO,23916.200,23916.300,23916.400,0.100,0.100,0.200
demo-1781204899161-2066,Mira,23900.500,23900.500,23900.600,0.000,0.100,0.100
demo-1781204899161-2065,SN Ia,23900.500,23900.500,23900.500,0.000,0.000,0.000
demo-1781204899161-2064,RR Lyrae,23900.400,23900.500,23900.500,0.100,0.000,0.100
demo-1781204899161-2063,RR Lyrae,23900.400,23900.400,23900.400,0.000,0.000,0.000
demo-1781204899161-2062,Mira,23900.300,23900.300,23900.400,0.000,0.100,0.100
demo-1781204899161-2061,AGN,23900.200,23900.200,23900.300,0.000,0.100,0.100
demo-1781204899161-2060,RR Lyrae,23900.100,23900.100,23900.200,0.000,0.100,0.100
demo-1781204899160-2059,AGN,23900.000,23900.000,23900.100,0.000,0.100,0.100
demo-1781204899160-2058,Cepheid,23899.900,23899.900,23899.900,0.000,0.000,0.000
demo-1781204899144-2057,AGN,23883.500,23883.500,23883.600,0.000,0.100,0.100
demo-1781204899144-2056,RR Lyrae,23883.400,23883.400,23883.500,0.000,0.100,0.100
demo-1781204899144-2055,AGN,23883.400,23883.400,23883.400,0.000,0.000,0.000
demo-1781204899144-2054,RR Lyrae,23883.300,23883.300,23883.400,0.000,0.100,0.100
demo-1781204899144-2053,Cepheid,23883.300,23883.300,23883.300,0.000,0.000,0.000
demo-1781204899144-2052,SN II,23883.200,23883.200,23883.300,0.000,0.100,0.100
demo-1781204899144-2051,RR Lyrae,23883.100,23883.100,23883.200,0.000,0.100,0.100
demo-1781204899143-2050,SN Ic,23883.100,23883.100,23883.100,0.000,0.000,0.000
demo-1781204899143-2049,LPV,23882.900,23882.900,23883.100,0.000,0.200,0.200
demo-1781204899127-2048,AGN,23866.700,23866.700,23866.700,0.000,0.000,0.000
demo-1781204899127-2047,AGN,23866.700,23866.700,23866.700,0.000,0.000,0.000
demo-1781204899127-2046,Mira,23866.600,23866.600,23866.700,0.000,0.100,0.100
demo-1781204899127-2045,SN II,23866.500,23866.600,23866.600,0.100,0.000,0.100
demo-1781204899127-2044,Unknown,23866.500,23866.500,23866.500,0.000,0.000,0.000
demo-1781204899127-2043,AGN,23866.400,23866.400,23866.500,0.000,0.100,0.100
demo-1781204899127-2042,AGN,23866.400,23866.400,23866.400,0.000,0.000,0.000
demo-1781204899127-2041,Mira,23866.400,23866.400,23866.400,0.000,0.000,0.000
demo-1781204899127-2040,RR Lyrae,23866.300,23866.300,23866.300,0.000,0.000,0.000
demo-1781204899111-2039,RR Lyrae,23850.200,23850.200,23850.300,0.000,0.100,0.100
demo-1781204899111-2038,Mira,23850.100,23850.100,23850.200,0.000,0.100,0.100
demo-1781204899111-2037,Unknown,23850.100,23850.100,23850.100,0.000,0.000,0.000
demo-1781204899110-2036,Mira,23850.000,23850.000,23850.100,0.000,0.100,0.100
demo-1781204899110-2035,RR Lyrae,23849.900,23849.900,23850.000,0.000,0.100,0.100
demo-1781204899110-2034,Unknown,23849.900,23849.900,23849.900,0.000,0.000,0.000
demo-1781204899110-2033,RR Lyrae,23849.800,23849.800,23849.900,0.000,0.100,0.100
demo-1781204899110-2032,SN Ia,23849.700,23849.700,23849.800,0.000,0.100,0.100
demo-1781204899110-2031,RR Lyrae,23849.600,23849.600,23849.700,0.000,0.100,0.100
demo-1781204899094-2030,Unknown,23833.600,23833.600,23833.600,0.000,0.000,0.000
demo-1781204899094-2029,Mira,23833.500,23833.500,23833.600,0.000,0.100,0.100
demo-1781204899094-2028,AGN,23833.400,23833.400,23833.500,0.000,0.100,0.100
demo-1781204899094-2027,RR Lyrae,23833.300,23833.300,23833.400,0.000,0.100,0.100
demo-1781204899094-2026,RR Lyrae,23833.300,23833.300,23833.300,0.000,0.000,0.000
demo-1781204899094-2025,AGN,23833.200,23833.200,23833.300,0.000,0.100,0.100
demo-1781204899094-2024,Unknown,23833.200,23833.200,23833.200,0.000,0.000,0.000
demo-1781204899094-2023,AGN,23833.100,23833.100,23833.200,0.000,0.100,0.100
demo-1781204899093-2022,QSO,23833.000,23833.000,23833.100,0.000,0.100,0.100
demo-1781204899083-2021,RR Lyrae,23822.600,23822.600,23822.600,0.000,0.000,0.000
demo-1781204899083-2020,AGN,23822.600,23822.600,23822.600,0.000,0.000,0.000
demo-1781204899083-2019,Mira,23822.500,23822.500,23822.600,0.000,0.100,0.100
demo-1781204899083-2018,Mira,23822.400,23822.400,23822.500,0.000,0.100,0.100
demo-1781204899083-2017,RR Lyrae,23822.400,23822.400,23822.400,0.000,0.000,0.000
demo-1781204899083-2016,AGN,23822.300,23822.300,23822.400,0.000,0.100,0.100
demo-1781204899083-2015,QSO,23822.200,23822.200,23822.300,0.000,0.100,0.100
demo-1781204899083-2014,Unknown,23822.200,23822.200,23822.200,0.000,0.000,0.000
demo-1781204899082-2013,SN II,23822.100,23822.100,23822.200,0.000,0.100,0.100
demo-1781204899078-2012,Mira,23817.600,23817.600,23817.700,0.000,0.100,0.100
demo-1781204899078-2011,Mira,23817.600,23817.600,23817.600,0.000,0.000,0.000
demo-1781204899078-2010,RR Lyrae,23817.500,23817.500,23817.600,0.000,0.100,0.100
demo-1781204899078-2009,LPV,23817.500,23817.500,23817.500,0.000,0.000,0.000
demo-1781204899078-2008,LPV,23817.500,23817.500,23817.500,0.000,0.000,0.000
demo-1781204899078-2007,AGN,23817.400,23817.400,23817.500,0.000,0.100,0.100
demo-1781204899078-2006,RR Lyrae,23817.300,23817.300,23817.400,0.000,0.100,0.100
demo-1781204899078-2005,Mira,23817.200,23817.200,23817.300,0.000,0.100,0.100
demo-1781204899078-2004,SN Ic,23817.100,23817.200,23817.200,0.100,0.000,0.100
demo-1781204898994-2003,AGN,23733.300,23733.300,23733.300,0.000,0.000,0.000
demo-1781204898994-2002,AGN,23733.200,23733.200,23733.300,0.000,0.100,0.100
demo-1781204898994-2001,AGN,23733.100,23733.100,23733.200,0.000,0.100,0.100
demo-1781204898994-2000,Mira,23733.100,23733.100,23733.100,0.000,0.000,0.000
demo-1781204898993-1999,QSO,23733.100,23733.100,23733.100,0.000,0.000,0.000
demo-1781204898993-1998,SN Ia,23733.000,23733.000,23733.100,0.000,0.100,0.100
demo-1781204898993-1997,LPV,23732.900,23733.000,23733.000,0.100,0.000,0.100
demo-1781204898993-1996,RR Lyrae,23732.900,23732.900,23732.900,0.000,0.000,0.000
demo-1781204898993-1995,RR Lyrae,23732.700,23732.700,23732.900,0.000,0.200,0.200
demo-1781204898977-1994,AGN,23716.600,23716.600,23716.600,0.000,0.000,0.000
demo-1781204898977-1993,RR Lyrae,23716.500,23716.500,23716.600,0.000,0.100,0.100
demo-1781204898977-1992,AGN,23716.500,23716.500,23716.500,0.000,0.000,0.000
demo-1781204898977-1991,Mira,23716.400,23716.400,23716.500,0.000,0.100,0.100
demo-1781204898977-1990,RR Lyrae,23716.300,23716.300,23716.400,0.000,0.100,0.100
demo-1781204898977-1989,RR Lyrae,23716.200,23716.200,23716.300,0.000,0.100,0.100
demo-1781204898977-1988,Mira,23716.200,23716.200,23716.200,0.000,0.000,0.000
demo-1781204898977-1987,Cepheid,23716.200,23716.200,23716.200,0.000,0.000,0.000
demo-1781204898977-1986,Mira,23716.100,23716.100,23716.200,0.000,0.100,0.100
demo-1781204898960-1985,AGN,23699.900,23699.900,23699.900,0.000,0.000,0.000
demo-1781204898960-1984,SN II,23699.900,23699.900,23699.900,0.000,0.000,0.000
demo-1781204898960-1983,RR Lyrae,23699.800,23699.800,23699.900,0.000,0.100,0.100
demo-1781204898960-1982,RR Lyrae,23699.800,23699.800,23699.800,0.000,0.000,0.000
demo-1781204898960-1981,Unknown,23699.700,23699.700,23699.800,0.000,0.100,0.100
demo-1781204898960-1980,QSO,23699.600,23699.600,23699.700,0.000,0.100,0.100
demo-1781204898960-1979,Mira,23699.600,23699.600,23699.600,0.000,0.000,0.000
demo-1781204898960-1978,Unknown,23699.500,23699.500,23699.600,0.000,0.100,0.100
demo-1781204898960-1977,RR Lyrae,23699.500,23699.500,23699.500,0.000,0.000,0.000
demo-1781204898944-1976,Unknown,23683.600,23683.600,23683.600,0.000,0.000,0.000
demo-1781204898944-1975,Unknown,23683.600,23683.600,23683.600,0.000,0.000,0.000
demo-1781204898944-1974,AGN,23683.500,23683.500,23683.600,0.000,0.100,0.100
demo-1781204898944-1973,QSO,23683.400,23683.400,23683.500,0.000,0.100,0.100
demo-1781204898944-1972,RR Lyrae,23683.400,23683.400,23683.400,0.000,0.000,0.000
demo-1781204898944-1971,AGN,23683.300,23683.300,23683.400,0.000,0.100,0.100
demo-1781204898944-1970,SN II,23683.200,23683.200,23683.300,0.000,0.100,0.100
demo-1781204898944-1969,Mira,23683.200,23683.200,23683.200,0.000,0.000,0.000
demo-1781204898944-1968,RR Lyrae,23683.000,23683.100,23683.200,0.100,0.100,0.200
demo-1781204898927-1967,LPV,23666.900,23666.900,23667.000,0.000,0.100,0.100
demo-1781204898927-1966,AGN,23666.800,23666.800,23666.900,0.000,0.100,0.100
demo-1781204898927-1965,QSO,23666.800,23666.800,23666.800,0.000,0.000,0.000
demo-1781204898927-1964,Mira,23666.700,23666.700,23666.800,0.000,0.100,0.100
demo-1781204898927-1963,Mira,23666.700,23666.700,23666.700,0.000,0.000,0.000
demo-1781204898927-1962,SN II,23666.600,23666.600,23666.700,0.000,0.100,0.100
demo-1781204898927-1961,RR Lyrae,23666.600,23666.600,23666.600,0.000,0.000,0.000
demo-1781204898927-1960,AGN,23666.500,23666.500,23666.600,0.000,0.100,0.100
demo-1781204898927-1959,RR Lyrae,23666.400,23666.400,23666.500,0.000,0.100,0.100
demo-1781204898911-1958,Mira,23650.300,23650.300,23650.400,0.000,0.100,0.100
demo-1781204898911-1957,LPV,23650.300,23650.300,23650.300,0.000,0.000,0.000
demo-1781204898911-1956,Mira,23650.200,23650.200,23650.300,0.000,0.100,0.100
demo-1781204898911-1955,RR Lyrae,23650.100,23650.100,23650.200,0.000,0.100,0.100
demo-1781204898911-1954,Unknown,23650.000,23650.000,23650.100,0.000,0.100,0.100
demo-1781204898910-1953,Mira,23650.000,23650.000,23650.000,0.000,0.000,0.000
demo-1781204898910-1952,Unknown,23649.900,23649.900,23650.000,0.000,0.100,0.100
demo-1781204898910-1951,RR Lyrae,23649.800,23649.800,23649.900,0.000,0.100,0.100
demo-1781204898910-1950,AGN,23649.800,23649.800,23649.800,0.000,0.000,0.000
demo-1781204898894-1949,AGN,23633.600,23633.600,23633.600,0.000,0.000,0.000
demo-1781204898894-1948,RR Lyrae,23633.500,23633.500,23633.600,0.000,0.100,0.100
demo-1781204898894-1947,AGN,23633.400,23633.400,23633.400,0.000,0.000,0.000
demo-1781204898894-1946,AGN,23633.200,23633.200,23633.400,0.000,0.200,0.200
demo-1781204898894-1945,RR Lyrae,23633.200,23633.200,23633.200,0.000,0.000,0.000
demo-1781204898894-1944,Mira,23633.200,23633.200,23633.200,0.000,0.000,0.000
demo-1781204898894-1943,Mira,23633.100,23633.100,23633.200,0.000,0.100,0.100
demo-1781204898893-1942,SN II,23633.000,23633.000,23633.100,0.000,0.100,0.100
demo-1781204898893-1941,Unknown,23633.000,23633.000,23633.000,0.000,0.000,0.000
demo-1781204898877-1940,RR Lyrae,23616.600,23616.600,23616.800,0.000,0.200,0.200
demo-1781204898877-1939,RR Lyrae,23616.600,23616.600,23616.600,0.000,0.000,0.000
demo-1781204898877-1938,SN Ia,23616.500,23616.500,23616.600,0.000,0.100,0.100
demo-1781204898877-1937,Unknown,23616.500,23616.500,23616.500,0.000,0.000,0.000
demo-1781204898877-1936,Mira,23616.400,23616.400,23616.500,0.000,0.100,0.100
demo-1781204898877-1935,Unknown,23616.400,23616.400,23616.400,0.000,0.000,0.000
demo-1781204898877-1934,Unknown,23616.300,23616.300,23616.400,0.000,0.100,0.100
demo-1781204898877-1933,RR Lyrae,23616.200,23616.200,23616.300,0.000,0.100,0.100
demo-1781204898877-1932,AGN,23616.100,23616.100,23616.200,0.000,0.100,0.100
demo-1781204898860-1931,RR Lyrae,23600.000,23600.000,23600.100,0.000,0.100,0.100
demo-1781204898860-1930,Mira,23600.000,23600.000,23600.000,0.000,0.000,0.000
demo-1781204898860-1929,QSO,23600.000,23600.000,23600.000,0.000,0.000,0.000
demo-1781204898860-1928,RR Lyrae,23599.900,23599.900,23600.000,0.000,0.100,0.100
demo-1781204898860-1927,Cepheid,23599.800,23599.800,23599.800,0.000,0.000,0.000
demo-1781204898860-1926,AGN,23599.700,23599.700,23599.800,0.000,0.100,0.100
demo-1781204898860-1925,AGN,23599.700,23599.700,23599.700,0.000,0.000,0.000
demo-1781204898860-1924,Cepheid,23599.600,23599.600,23599.700,0.000,0.100,0.100
demo-1781204898860-1923,RR Lyrae,23599.500,23599.500,23599.600,0.000,0.100,0.100
demo-1781204898844-1922,AGN,23583.400,23583.400,23583.400,0.000,0.000,0.000
demo-1781204898844-1921,AGN,23583.300,23583.300,23583.400,0.000,0.100,0.100
demo-1781204898844-1920,QSO,23583.200,23583.200,23583.300,0.000,0.100,0.100
demo-1781204898844-1919,LPV,23583.100,23583.100,23583.200,0.000,0.100,0.100
demo-1781204898844-1918,LPV,23583.100,23583.100,23583.100,0.000,0.000,0.000
demo-1781204898843-1917,Mira,23583.100,23583.100,23583.100,0.000,0.000,0.000
demo-1781204898843-1916,AGN,23583.000,23583.000,23583.100,0.000,0.100,0.100
demo-1781204898843-1915,QSO,23582.900,23582.900,23583.000,0.000,0.100,0.100
demo-1781204898843-1914,Cepheid,23582.800,23582.800,23582.900,0.000,0.100,0.100
demo-1781204898835-1913,RR Lyrae,23575.000,23575.000,23575.000,0.000,0.000,0.000
demo-1781204898835-1912,AGN,23575.000,23575.000,23575.000,0.000,0.000,0.000
demo-1781204898835-1911,Cepheid,23574.900,23574.900,23575.000,0.000,0.100,0.100
demo-1781204898835-1910,Cepheid,23574.700,23574.700,23574.900,0.000,0.200,0.200
demo-1781204898835-1909,AGN,23574.700,23574.700,23574.700,0.000,0.000,0.000
demo-1781204898835-1908,Mira,23574.500,23574.500,23574.600,0.000,0.100,0.100
demo-1781204898835-1907,AGN,23574.500,23574.500,23574.500,0.000,0.000,0.000
demo-1781204898835-1906,RR Lyrae,23574.500,23574.500,23574.500,0.000,0.000,0.000
demo-1781204898835-1905,RR Lyrae,23574.300,23574.300,23574.500,0.000,0.200,0.200
demo-1781204898831-1904,RR Lyrae,23570.400,23570.400,23570.400,0.000,0.000,0.000
demo-1781204898831-1903,SN Ib,23570.200,23570.200,23570.400,0.000,0.200,0.200
demo-1781204898831-1902,SN II,23570.200,23570.200,23570.200,0.000,0.000,0.000
demo-1781204898831-1901,QSO,23570.100,23570.100,23570.200,0.000,0.100,0.100
demo-1781204898831-1900,RR Lyrae,23570.100,23570.100,23570.100,0.000,0.000,0.000
demo-1781204898830-1899,QSO,23570.000,23570.000,23570.100,0.000,0.100,0.100
demo-1781204898830-1898,Mira,23570.000,23570.000,23570.000,0.000,0.000,0.000
demo-1781204898830-1897,RR Lyrae,23569.900,23569.900,23570.000,0.000,0.100,0.100
demo-1781204898830-1896,LPV,23569.800,23569.900,23569.900,0.100,0.000,0.100
demo-1781204898744-1895,SN II,23483.300,23483.300,23483.300,0.000,0.000,0.000
demo-1781204898744-1894,RR Lyrae,23483.200,23483.200,23483.300,0.000,0.100,0.100
demo-1781204898744-1893,AGN,23483.200,23483.200,23483.200,0.000,0.000,0.000
demo-1781204898744-1892,RR Lyrae,23483.100,23483.100,23483.200,0.000,0.100,0.100
demo-1781204898743-1891,Mira,23483.000,23483.000,23483.100,0.000,0.100,0.100
demo-1781204898743-1890,RR Lyrae,23482.800,23482.800,23483.000,0.000,0.200,0.200
demo-1781204898743-1889,QSO,23482.800,23482.800,23482.800,0.000,0.000,0.000
demo-1781204898743-1888,Mira,23482.700,23482.700,23482.800,0.000,0.100,0.100
demo-1781204898743-1887,RR Lyrae,23482.700,23482.700,23482.700,0.000,0.000,0.000
demo-1781204898727-1886,RR Lyrae,23466.500,23466.500,23466.500,0.000,0.000,0.000
demo-1781204898727-1885,RR Lyrae,23466.400,23466.400,23466.500,0.000,0.100,0.100
demo-1781204898727-1884,Mira,23466.400,23466.400,23466.400,0.000,0.000,0.000
demo-1781204898727-1883,SN II,23466.300,23466.300,23466.400,0.000,0.100,0.100
demo-1781204898727-1882,Unknown,23466.300,23466.300,23466.300,0.000,0.000,0.000
demo-1781204898727-1881,AGN,23466.300,23466.300,23466.300,0.000,0.000,0.000
demo-1781204898727-1880,RR Lyrae,23466.200,23466.200,23466.300,0.000,0.100,0.100
demo-1781204898727-1879,RR Lyrae,23466.100,23466.100,23466.200,0.000,0.100,0.100
demo-1781204898726-1878,RR Lyrae,23466.100,23466.100,23466.100,0.000,0.000,0.000
demo-1781204898710-1877,LPV,23449.900,23449.900,23449.900,0.000,0.000,0.000
demo-1781204898710-1876,AGN,23449.900,23449.900,23449.900,0.000,0.000,0.000
demo-1781204898710-1875,RR Lyrae,23449.800,23449.800,23449.900,0.000,0.100,0.100
demo-1781204898710-1874,AGN,23449.700,23449.700,23449.700,0.000,0.000,0.000
demo-1781204898710-1873,RR Lyrae,23449.700,23449.700,23449.700,0.000,0.000,0.000
demo-1781204898710-1872,RR Lyrae,23449.600,23449.600,23449.700,0.000,0.100,0.100
demo-1781204898710-1871,AGN,23449.600,23449.600,23449.600,0.000,0.000,0.000
demo-1781204898710-1870,QSO,23449.600,23449.600,23449.600,0.000,0.000,0.000
demo-1781204898710-1869,Unknown,23449.500,23449.500,23449.500,0.000,0.000,0.000
demo-1781204898694-1868,SN Ia,23433.300,23433.300,23433.400,0.000,0.100,0.100
demo-1781204898694-1867,Mira,23433.300,23433.300,23433.300,0.000,0.000,0.000
demo-1781204898694-1866,QSO,23433.200,23433.200,23433.300,0.000,0.100,0.100
demo-1781204898694-1865,AGN,23433.200,23433.200,23433.200,0.000,0.000,0.000
demo-1781204898694-1864,AGN,23433.100,23433.200,23433.200,0.100,0.000,0.100
demo-1781204898694-1863,SN II,23433.100,23433.100,23433.100,0.000,0.000,0.000
demo-1781204898693-1862,AGN,23433.000,23433.000,23433.100,0.000,0.100,0.100
demo-1781204898693-1861,Unknown,23433.000,23433.000,23433.000,0.000,0.000,0.000
demo-1781204898693-1860,AGN,23432.900,23432.900,23433.000,0.000,0.100,0.100
demo-1781204898677-1859,RR Lyrae,23416.600,23416.600,23416.600,0.000,0.000,0.000
demo-1781204898677-1858,RR Lyrae,23416.500,23416.500,23416.600,0.000,0.100,0.100
demo-1781204898677-1857,Mira,23416.500,23416.500,23416.500,0.000,0.000,0.000
demo-1781204898677-1856,RR Lyrae,23416.500,23416.500,23416.500,0.000,0.000,0.000
demo-1781204898677-1855,Mira,23416.400,23416.400,23416.500,0.000,0.100,0.100
demo-1781204898677-1854,LPV,23416.300,23416.300,23416.400,0.000,0.100,0.100
demo-1781204898677-1853,AGN,23416.300,23416.300,23416.300,0.000,0.000,0.000
demo-1781204898677-1852,RR Lyrae,23416.300,23416.300,23416.300,0.000,0.000,0.000
demo-1781204898677-1851,RR Lyrae,23416.100,23416.100,23416.300,0.000,0.200,0.200
demo-1781204898661-1850,RR Lyrae,23400.100,23400.100,23400.200,0.000,0.100,0.100
demo-1781204898660-1849,Unknown,23400.100,23400.100,23400.100,0.000,0.000,0.000
demo-1781204898660-1848,SN Ia,23400.000,23400.000,23400.000,0.000,0.000,0.000
demo-1781204898660-1847,QSO,23399.900,23399.900,23400.000,0.000,0.100,0.100
demo-1781204898660-1846,AGN,23399.800,23399.800,23399.900,0.000,0.100,0.100
demo-1781204898660-1845,AGN,23399.800,23399.800,23399.800,0.000,0.000,0.000
demo-1781204898660-1844,Mira,23399.800,23399.800,23399.800,0.000,0.000,0.000
demo-1781204898660-1843,AGN,23399.700,23399.700,23399.800,0.000,0.100,0.100
demo-1781204898660-1842,Cepheid,23399.600,23399.600,23399.700,0.000,0.100,0.100
demo-1781204898644-1841,LPV,23383.800,23383.800,23383.800,0.000,0.000,0.000
demo-1781204898644-1840,Unknown,23383.700,23383.700,23383.800,0.000,0.100,0.100
demo-1781204898644-1839,Mira,23383.700,23383.700,23383.700,0.000,0.000,0.000
demo-1781204898644-1838,RR Lyrae,23383.600,23383.600,23383.700,0.000,0.100,0.100
demo-1781204898644-1837,RR Lyrae,23383.500,23383.500,23383.600,0.000,0.100,0.100
demo-1781204898644-1836,Unknown,23383.400,23383.400,23383.500,0.000,0.100,0.100
demo-1781204898644-1835,Mira,23383.400,23383.400,23383.400,0.000,0.000,0.000
demo-1781204898644-1834,LPV,23383.300,23383.300,23383.400,0.000,0.100,0.100
demo-1781204898644-1833,RR Lyrae,23383.200,23383.200,23383.300,0.000,0.100,0.100
demo-1781204898627-1832,AGN,23366.900,23366.900,23367.000,0.000,0.100,0.100
demo-1781204898627-1831,QSO,23366.800,23366.800,23366.900,0.000,0.100,0.100
demo-1781204898627-1830,Mira,23366.800,23366.800,23366.800,0.000,0.000,0.000
demo-1781204898627-1829,AGN,23366.700,23366.700,23366.800,0.000,0.100,0.100
demo-1781204898627-1828,RR Lyrae,23366.600,23366.600,23366.700,0.000,0.100,0.100
demo-1781204898627-1827,RR Lyrae,23366.600,23366.600,23366.600,0.000,0.000,0.000
demo-1781204898627-1826,AGN,23366.600,23366.600,23366.600,0.000,0.000,0.000
demo-1781204898627-1825,SN Ia,23366.400,23366.400,23366.500,0.000,0.100,0.100
demo-1781204898627-1824,AGN,23366.400,23366.400,23366.400,0.000,0.000,0.000
demo-1781204898614-1823,Mira,23353.400,23353.400,23353.500,0.000,0.100,0.100
demo-1781204898614-1822,RR Lyrae,23353.400,23353.400,23353.400,0.000,0.000,0.000
demo-1781204898614-1821,RR Lyrae,23353.300,23353.300,23353.400,0.000,0.100,0.100
demo-1781204898614-1820,RR Lyrae,23353.300,23353.300,23353.300,0.000,0.000,0.000
demo-1781204898614-1819,RR Lyrae,23353.200,23353.300,23353.300,0.100,0.000,0.100
demo-1781204898614-1818,AGN,23353.200,23353.200,23353.200,0.000,0.000,0.000
demo-1781204898614-1817,AGN,23353.100,23353.100,23353.200,0.000,0.100,0.100
demo-1781204898613-1816,RR Lyrae,23353.000,23353.000,23353.100,0.000,0.100,0.100
demo-1781204898613-1815,LPV,23353.000,23353.000,23353.000,0.000,0.000,0.000
demo-1781204898594-1814,Mira,23333.300,23333.300,23333.300,0.000,0.000,0.000
demo-1781204898594-1813,RR Lyrae,23333.200,23333.200,23333.300,0.000,0.100,0.100
demo-1781204898594-1812,RR Lyrae,23333.100,23333.100,23333.200,0.000,0.100,0.100
demo-1781204898594-1811,LPV,23333.100,23333.100,23333.100,0.000,0.000,0.000
demo-1781204898593-1810,AGN,23333.000,23333.000,23333.100,0.000,0.100,0.100
demo-1781204898593-1809,SN Ib,23333.000,23333.000,23333.000,0.000,0.000,0.000
demo-1781204898593-1808,RR Lyrae,23332.900,23332.900,23333.000,0.000,0.100,0.100
demo-1781204898593-1807,QSO,23332.900,23332.900,23332.900,0.000,0.000,0.000
demo-1781204898593-1806,Mira,23332.700,23332.800,23332.800,0.100,0.000,0.100
demo-1781204898580-1805,RR Lyrae,23319.200,23319.200,23319.300,0.000,0.100,0.100
demo-1781204898580-1804,QSO,23319.200,23319.200,23319.200,0.000,0.000,0.000
demo-1781204898580-1803,Mira,23319.100,23319.100,23319.200,0.000,0.100,0.100
demo-1781204898579-1802,SN II,23319.100,23319.100,23319.100,0.000,0.000,0.000
demo-1781204898579-1801,Mira,23319.000,23319.000,23319.100,0.000,0.100,0.100
demo-1781204898579-1800,SN Ia,23318.900,23318.900,23319.000,0.000,0.100,0.100
demo-1781204898579-1799,RR Lyrae,23318.800,23318.800,23318.900,0.000,0.100,0.100
demo-1781204898579-1798,RR Lyrae,23318.800,23318.800,23318.800,0.000,0.000,0.000
demo-1781204898579-1797,SN II,23318.700,23318.700,23318.800,0.000,0.100,0.100
demo-1781204898576-1796,AGN,23315.500,23315.500,23315.500,0.000,0.000,0.000
demo-1781204898576-1795,Mira,23315.400,23315.400,23315.400,0.000,0.000,0.000
demo-1781204898576-1794,Mira,23315.400,23315.400,23315.400,0.000,0.000,0.000
demo-1781204898576-1793,RR Lyrae,23315.300,23315.300,23315.400,0.000,0.100,0.100
demo-1781204898576-1792,RR Lyrae,23315.200,23315.200,23315.300,0.000,0.100,0.100
demo-1781204898576-1791,SN Ic,23315.200,23315.200,23315.200,0.000,0.000,0.000
demo-1781204898576-1790,Mira,23315.200,23315.200,23315.200,0.000,0.000,0.000
demo-1781204898576-1789,AGN,23315.000,23315.100,23315.100,0.100,0.000,0.100
demo-1781204898575-1788,RR Lyrae,23315.000,23315.000,23315.000,0.000,0.000,0.000
demo-1781204898494-1787,Cepheid,23233.400,23233.400,23233.500,0.000,0.100,0.100
demo-1781204898494-1786,QSO,23233.400,23233.400,23233.400,0.000,0.000,0.000
demo-1781204898494-1785,AGN,23233.300,23233.300,23233.400,0.000,0.100,0.100
demo-1781204898494-1784,AGN,23233.200,23233.200,23233.300,0.000,0.100,0.100
demo-1781204898494-1783,RR Lyrae,23233.200,23233.200,23233.200,0.000,0.000,0.000
demo-1781204898494-1782,Mira,23233.100,23233.100,23233.200,0.000,0.100,0.100
demo-1781204898493-1781,LPV,23233.000,23233.000,23233.100,0.000,0.100,0.100
demo-1781204898493-1780,AGN,23232.900,23232.900,23233.000,0.000,0.100,0.100
demo-1781204898493-1779,AGN,23232.800,23232.900,23232.900,0.100,0.000,0.100
demo-1781204898477-1778,Cepheid,23216.700,23216.700,23216.700,0.000,0.000,0.000
demo-1781204898477-1777,SN Ib,23216.600,23216.600,23216.700,0.000,0.100,0.100
demo-1781204898477-1776,RR Lyrae,23216.500,23216.500,23216.600,0.000,0.100,0.100
demo-1781204898477-1775,Unknown,23216.500,23216.500,23216.500,0.000,0.000,0.000
demo-1781204898477-1774,RR Lyrae,23216.400,23216.400,23216.500,0.000,0.100,0.100
demo-1781204898477-1773,Mira,23216.300,23216.300,23216.400,0.000,0.100,0.100
demo-1781204898477-1772,SN Ia,23216.300,23216.300,23216.300,0.000,0.000,0.000
demo-1781204898477-1771,Mira,23216.100,23216.100,23216.200,0.000,0.100,0.100
demo-1781204898477-1770,Mira,23216.100,23216.100,23216.100,0.000,0.000,0.000
demo-1781204898460-1769,Cepheid,23199.800,23199.800,23199.800,0.000,0.000,0.000
demo-1781204898460-1768,RR Lyrae,23199.800,23199.800,23199.800,0.000,0.000,0.000
demo-1781204898460-1767,LPV,23199.700,23199.700,23199.800,0.000,0.100,0.100
demo-1781204898460-1766,AGN,23199.600,23199.600,23199.700,0.000,0.100,0.100
demo-1781204898460-1765,RR Lyrae,23199.600,23199.600,23199.600,0.000,0.000,0.000
demo-1781204898460-1764,AGN,23199.500,23199.500,23199.600,0.000,0.100,0.100
demo-1781204898460-1763,AGN,23199.500,23199.500,23199.500,0.000,0.000,0.000
demo-1781204898460-1762,Mira,23199.500,23199.500,23199.500,0.000,0.000,0.000
demo-1781204898460-1761,RR Lyrae,23199.400,23199.400,23199.500,0.000,0.100,0.100
demo-1781204898444-1760,LPV,23183.200,23183.200,23183.200,0.000,0.000,0.000
demo-1781204898444-1759,Mira,23183.100,23183.100,23183.200,0.000,0.100,0.100
demo-1781204898444-1758,RR Lyrae,23183.000,23183.000,23183.100,0.000,0.100,0.100
demo-1781204898443-1757,Mira,23183.000,23183.000,23183.000,0.000,0.000,0.000
demo-1781204898443-1756,SN II,23183.000,23183.000,23183.000,0.000,0.000,0.000
demo-1781204898443-1755,Mira,23182.900,23182.900,23183.000,0.000,0.100,0.100
demo-1781204898443-1754,AGN,23182.900,23182.900,23182.900,0.000,0.000,0.000
demo-1781204898443-1753,Cepheid,23182.800,23182.800,23182.900,0.000,0.100,0.100
demo-1781204898443-1752,QSO,23182.700,23182.700,23182.800,0.000,0.100,0.100
demo-1781204898427-1751,AGN,23166.600,23166.600,23166.600,0.000,0.000,0.000
demo-1781204898427-1750,RR Lyrae,23166.500,23166.500,23166.600,0.000,0.100,0.100
demo-1781204898427-1749,LPV,23166.500,23166.500,23166.500,0.000,0.000,0.000
demo-1781204898427-1748,AGN,23166.400,23166.400,23166.500,0.000,0.100,0.100
demo-1781204898427-1747,RR Lyrae,23166.300,23166.300,23166.400,0.000,0.100,0.100
demo-1781204898427-1746,SN Ia,23166.300,23166.300,23166.300,0.000,0.000,0.000
demo-1781204898427-1745,LPV,23166.200,23166.200,23166.300,0.000,0.100,0.100
demo-1781204898427-1744,AGN,23166.100,23166.100,23166.200,0.000,0.100,0.100
demo-1781204898426-1743,Cepheid,23166.100,23166.100,23166.100,0.000,0.000,0.000
demo-1781204898410-1742,RR Lyrae,23149.800,23149.800,23149.900,0.000,0.100,0.100
demo-1781204898410-1741,RR Lyrae,23149.800,23149.800,23149.800,0.000,0.000,0.000
demo-1781204898410-1740,RR Lyrae,23149.800,23149.800,23149.800,0.000,0.000,0.000
demo-1781204898410-1739,Mira,23149.700,23149.700,23149.800,0.000,0.100,0.100
demo-1781204898410-1738,SN Ia,23149.600,23149.600,23149.700,0.000,0.100,0.100
demo-1781204898410-1737,AGN,23149.600,23149.600,23149.600,0.000,0.000,0.000
demo-1781204898410-1736,Mira,23149.500,23149.500,23149.600,0.000,0.100,0.100
demo-1781204898410-1735,RR Lyrae,23149.500,23149.500,23149.500,0.000,0.000,0.000
demo-1781204898410-1734,RR Lyrae,23149.400,23149.400,23149.400,0.000,0.000,0.000
demo-1781204898394-1733,Mira,23133.300,23133.300,23133.300,0.000,0.000,0.000
demo-1781204898394-1732,AGN,23133.200,23133.200,23133.300,0.000,0.100,0.100
demo-1781204898394-1731,SN II,23133.200,23133.200,23133.200,0.000,0.000,0.000
demo-1781204898394-1730,Mira,23133.100,23133.100,23133.200,0.000,0.100,0.100
demo-1781204898394-1729,RR Lyrae,23133.000,23133.000,23133.100,0.000,0.100,0.100
demo-1781204898393-1728,Cepheid,23133.000,23133.000,23133.000,0.000,0.000,0.000
demo-1781204898393-1727,Mira,23132.900,23132.900,23133.000,0.000,0.100,0.100
demo-1781204898393-1726,Mira,23132.900,23132.900,23132.900,0.000,0.000,0.000
demo-1781204898393-1725,Mira,23132.800,23132.800,23132.800,0.000,0.000,0.000
demo-1781204898377-1724,AGN,23117.000,23117.000,23117.000,0.000,0.000,0.000
demo-1781204898377-1723,QSO,23116.900,23116.900,23117.000,0.000,0.100,0.100
demo-1781204898377-1722,RR Lyrae,23116.800,23116.800,23116.900,0.000,0.100,0.100
demo-1781204898377-1721,AGN,23116.800,23116.800,23116.800,0.000,0.000,0.000
demo-1781204898377-1720,RR Lyrae,23116.700,23116.700,23116.800,0.000,0.100,0.100
demo-1781204898377-1719,RR Lyrae,23116.600,23116.600,23116.700,0.000,0.100,0.100
demo-1781204898377-1718,Mira,23116.600,23116.600,23116.600,0.000,0.000,0.000
demo-1781204898377-1717,AGN,23116.400,23116.500,23116.600,0.100,0.100,0.200
demo-1781204898377-1716,RR Lyrae,23116.400,23116.400,23116.400,0.000,0.000,0.000
demo-1781204898364-1715,QSO,23103.400,23103.400,23103.400,0.000,0.000,0.000
demo-1781204898364-1714,SN Ia,23103.300,23103.300,23103.400,0.000,0.100,0.100
demo-1781204898364-1713,Unknown,23103.200,23103.200,23103.300,0.000,0.100,0.100
demo-1781204898364-1712,Mira,23103.200,23103.200,23103.200,0.000,0.000,0.000
demo-1781204898364-1711,Mira,23103.100,23103.200,23103.200,0.100,0.000,0.100
demo-1781204898364-1710,AGN,23103.100,23103.100,23103.100,0.000,0.000,0.000
demo-1781204898363-1709,AGN,23103.000,23103.000,23103.100,0.000,0.100,0.100
demo-1781204898363-1708,AGN,23103.000,23103.000,23103.000,0.000,0.000,0.000
demo-1781204898363-1707,SN Ia,23102.900,23102.900,23103.000,0.000,0.100,0.100
demo-1781204898349-1706,RR Lyrae,23088.200,23088.200,23088.200,0.000,0.000,0.000
demo-1781204898348-1705,LPV,23088.000,23088.000,23088.200,0.000,0.200,0.200
demo-1781204898348-1704,SN Ia,23088.000,23088.000,23088.000,0.000,0.000,0.000
demo-1781204898348-1703,RR Lyrae,23088.000,23088.000,23088.000,0.000,0.000,0.000
demo-1781204898348-1702,Mira,23087.800,23087.800,23088.000,0.000,0.200,0.200
demo-1781204898348-1701,SN Ia,23087.800,23087.800,23087.800,0.000,0.000,0.000
demo-1781204898348-1700,AGN,23087.800,23087.800,23087.800,0.000,0.000,0.000
demo-1781204898348-1699,Mira,23087.700,23087.700,23087.800,0.000,0.100,0.100
demo-1781204898348-1698,QSO,23087.500,23087.500,23087.700,0.000,0.200,0.200
demo-1781204898332-1697,Mira,23071.800,23071.800,23071.900,0.000,0.100,0.100
demo-1781204898332-1696,Unknown,23071.800,23071.800,23071.800,0.000,0.000,0.000
demo-1781204898332-1695,AGN,23071.700,23071.700,23071.800,0.000,0.100,0.100
demo-1781204898332-1694,RR Lyrae,23071.700,23071.700,23071.700,0.000,0.000,0.000
demo-1781204898332-1693,Cepheid,23071.600,23071.600,23071.700,0.000,0.100,0.100
demo-1781204898332-1692,RR Lyrae,23071.600,23071.600,23071.600,0.000,0.000,0.000
demo-1781204898332-1691,Mira,23071.500,23071.500,23071.600,0.000,0.100,0.100
demo-1781204898332-1690,Unknown,23071.400,23071.400,23071.500,0.000,0.100,0.100
demo-1781204898332-1689,Mira,23071.300,23071.300,23071.400,0.000,0.100,0.100
demo-1781204898328-1688,AGN,23067.400,23067.400,23067.400,0.000,0.000,0.000
demo-1781204898328-1687,Unknown,23067.300,23067.300,23067.400,0.000,0.100,0.100
demo-1781204898328-1686,RR Lyrae,23067.300,23067.300,23067.300,0.000,0.000,0.000
demo-1781204898328-1685,RR Lyrae,23067.200,23067.200,23067.300,0.000,0.100,0.100
demo-1781204898328-1684,SN Ia,23067.100,23067.100,23067.200,0.000,0.100,0.100
demo-1781204898327-1683,Mira,23067.000,23067.000,23067.100,0.000,0.100,0.100
demo-1781204898327-1682,Mira,23067.000,23067.000,23067.000,0.000,0.000,0.000
demo-1781204898327-1681,RR Lyrae,23066.900,23066.900,23067.000,0.000,0.100,0.100
demo-1781204898327-1680,AGN,23066.700,23066.700,23066.900,0.000,0.200,0.200
demo-1781204898244-1679,SN II,22983.700,22983.700,22983.700,0.000,0.000,0.000
demo-1781204898244-1678,Unknown,22983.500,22983.500,22983.700,0.000,0.200,0.200
demo-1781204898244-1677,RR Lyrae,22983.400,22983.400,22983.500,0.000,0.100,0.100
demo-1781204898244-1676,AGN,22983.300,22983.300,22983.400,0.000,0.100,0.100
demo-1781204898244-1675,Unknown,22983.200,22983.200,22983.300,0.000,0.100,0.100
demo-1781204898244-1674,AGN,22983.100,22983.100,22983.200,0.000,0.100,0.100
demo-1781204898243-1673,Mira,22983.100,22983.100,22983.100,0.000,0.000,0.000
demo-1781204898243-1672,AGN,22982.900,22982.900,22983.000,0.000,0.100,0.100
demo-1781204898243-1671,RR Lyrae,22982.900,22982.900,22982.900,0.000,0.000,0.000
demo-1781204898227-1670,AGN,22966.700,22966.700,22966.800,0.000,0.100,0.100
demo-1781204898227-1669,Mira,22966.600,22966.600,22966.700,0.000,0.100,0.100
demo-1781204898227-1668,Mira,22966.600,22966.600,22966.600,0.000,0.000,0.000
demo-1781204898227-1667,Mira,22966.400,22966.400,22966.600,0.000,0.200,0.200
demo-1781204898227-1666,AGN,22966.400,22966.400,22966.400,0.000,0.000,0.000
demo-1781204898227-1665,RR Lyrae,22966.300,22966.300,22966.400,0.000,0.100,0.100
demo-1781204898227-1664,SN Ic,22966.200,22966.200,22966.300,0.000,0.100,0.100
demo-1781204898227-1663,RR Lyrae,22966.100,22966.100,22966.200,0.000,0.100,0.100
demo-1781204898226-1662,Mira,22966.000,22966.000,22966.100,0.000,0.100,0.100
demo-1781204898210-1661,SN II,22950.000,22950.000,22950.000,0.000,0.000,0.000
demo-1781204898210-1660,AGN,22950.000,22950.000,22950.000,0.000,0.000,0.000
demo-1781204898210-1659,RR Lyrae,22949.800,22949.800,22950.000,0.000,0.200,0.200
demo-1781204898210-1658,RR Lyrae,22949.800,22949.800,22949.800,0.000,0.000,0.000
demo-1781204898210-1657,LPV,22949.700,22949.700,22949.800,0.000,0.100,0.100
demo-1781204898210-1656,SN Ia,22949.600,22949.600,22949.700,0.000,0.100,0.100
demo-1781204898210-1655,Mira,22949.600,22949.600,22949.600,0.000,0.000,0.000
demo-1781204898210-1654,AGN,22949.500,22949.500,22949.500,0.000,0.000,0.000
demo-1781204898210-1653,RR Lyrae,22949.400,22949.400,22949.500,0.000,0.100,0.100
demo-1781204898197-1652,RR Lyrae,22936.800,22936.800,22936.800,0.000,0.000,0.000
demo-1781204898197-1651,AGN,22936.800,22936.800,22936.800,0.000,0.000,0.000
demo-1781204898197-1650,RR Lyrae,22936.600,22936.600,22936.700,0.000,0.100,0.100
demo-1781204898197-1649,RR Lyrae,22936.600,22936.600,22936.600,0.000,0.000,0.000
demo-1781204898197-1648,RR Lyrae,22936.400,22936.400,22936.600,0.000,0.200,0.200
demo-1781204898197-1647,RR Lyrae,22936.400,22936.400,22936.400,0.000,0.000,0.000
demo-1781204898197-1646,AGN,22936.400,22936.400,22936.400,0.000,0.000,0.000
demo-1781204898197-1645,AGN,22936.300,22936.300,22936.400,0.000,0.100,0.100
demo-1781204898197-1644,QSO,22936.100,22936.100,22936.200,0.000,0.100,0.100
demo-1781204898177-1643,SN II,22916.600,22916.600,22916.700,0.000,0.100,0.100
demo-1781204898177-1642,Unknown,22916.500,22916.500,22916.600,0.000,0.100,0.100
demo-1781204898177-1641,RR Lyrae,22916.500,22916.500,22916.500,0.000,0.000,0.000
demo-1781204898177-1640,Mira,22916.400,22916.400,22916.500,0.000,0.100,0.100
demo-1781204898177-1639,Mira,22916.300,22916.300,22916.400,0.000,0.100,0.100
demo-1781204898177-1638,AGN,22916.300,22916.300,22916.300,0.000,0.000,0.000
demo-1781204898177-1637,LPV,22916.200,22916.200,22916.300,0.000,0.100,0.100
demo-1781204898177-1636,AGN,22916.100,22916.100,22916.200,0.000,0.100,0.100
demo-1781204898176-1635,RR Lyrae,22916.000,22916.000,22916.100,0.000,0.100,0.100
demo-1781204898160-1634,QSO,22899.900,22899.900,22900.000,0.000,0.100,0.100
demo-1781204898160-1633,Mira,22899.800,22899.800,22899.900,0.000,0.100,0.100
demo-1781204898160-1632,SN II,22899.700,22899.700,22899.800,0.000,0.100,0.100
demo-1781204898160-1631,AGN,22899.700,22899.700,22899.700,0.000,0.000,0.000
demo-1781204898160-1630,AGN,22899.600,22899.600,22899.700,0.000,0.100,0.100
demo-1781204898160-1629,Mira,22899.600,22899.600,22899.600,0.000,0.000,0.000
demo-1781204898160-1628,Mira,22899.500,22899.600,22899.600,0.100,0.000,0.100
demo-1781204898160-1627,LPV,22899.400,22899.500,22899.500,0.100,0.000,0.100
demo-1781204898160-1626,AGN,22899.300,22899.300,22899.400,0.000,0.100,0.100
demo-1781204898144-1625,RR Lyrae,22883.300,22883.300,22883.300,0.000,0.000,0.000
demo-1781204898144-1624,Mira,22883.100,22883.100,22883.300,0.000,0.200,0.200
demo-1781204898144-1623,RR Lyrae,22883.100,22883.100,22883.100,0.000,0.000,0.000
demo-1781204898143-1622,SN Ia,22883.100,22883.100,22883.100,0.000,0.000,0.000
demo-1781204898143-1621,RR Lyrae,22883.000,22883.000,22883.100,0.000,0.100,0.100
demo-1781204898143-1620,QSO,22882.900,22882.900,22883.000,0.000,0.100,0.100
demo-1781204898143-1619,AGN,22882.800,22882.800,22882.900,0.000,0.100,0.100
demo-1781204898143-1618,SN Ia,22882.800,22882.800,22882.800,0.000,0.000,0.000
demo-1781204898143-1617,SN Ib,22882.700,22882.700,22882.800,0.000,0.100,0.100
demo-1781204898127-1616,AGN,22867.000,22867.000,22867.000,0.000,0.000,0.000
demo-1781204898127-1615,AGN,22866.800,22866.800,22867.000,0.000,0.200,0.200
demo-1781204898127-1614,AGN,22866.800,22866.800,22866.800,0.000,0.000,0.000
demo-1781204898127-1613,Cepheid,22866.600,22866.700,22866.800,0.100,0.100,0.200
demo-1781204898127-1612,Mira,22866.500,22866.500,22866.600,0.000,0.100,0.100
demo-1781204898127-1611,Mira,22866.500,22866.500,22866.500,0.000,0.000,0.000
demo-1781204898127-1610,QSO,22866.400,22866.400,22866.400,0.000,0.000,0.000
demo-1781204898127-1609,RR Lyrae,22866.400,22866.400,22866.400,0.000,0.000,0.000
demo-1781204898127-1608,LPV,22866.300,22866.300,22866.400,0.000,0.100,0.100
demo-1781204898111-1607,QSO,22850.100,22850.100,22850.100,0.000,0.000,0.000
demo-1781204898110-1606,Mira,22850.000,22850.000,22850.100,0.000,0.100,0.100
demo-1781204898110-1605,RR Lyrae,22850.000,22850.000,22850.000,0.000,0.000,0.000
demo-1781204898110-1604,Unknown,22849.900,22849.900,22850.000,0.000,0.100,0.100
demo-1781204898110-1603,AGN,22849.800,22849.800,22849.900,0.000,0.100,0.100
demo-1781204898110-1602,SN II,22849.700,22849.700,22849.800,0.000,0.100,0.100
demo-1781204898110-1601,RR Lyrae,22849.700,22849.700,22849.700,0.000,0.000,0.000
demo-1781204898110-1600,SN Ia,22849.700,22849.700,22849.700,0.000,0.000,0.000
demo-1781204898110-1599,SN Ia,22849.600,22849.600,22849.600,0.000,0.000,0.000
demo-1781204898094-1598,Cepheid,22833.500,22833.500,22833.500,0.000,0.000,0.000
demo-1781204898094-1597,LPV,22833.300,22833.400,22833.500,0.100,0.100,0.200
demo-1781204898094-1596,RR Lyrae,22833.300,22833.300,22833.300,0.000,0.000,0.000
demo-1781204898094-1595,RR Lyrae,22833.300,22833.300,22833.300,0.000,0.000,0.000
demo-1781204898094-1594,AGN,22833.100,22833.100,22833.300,0.000,0.200,0.200
demo-1781204898094-1593,AGN,22833.100,22833.100,22833.100,0.000,0.000,0.000
demo-1781204898093-1592,RR Lyrae,22833.000,22833.000,22833.100,0.000,0.100,0.100
demo-1781204898093-1591,SN II,22832.900,22832.900,22833.000,0.000,0.100,0.100
demo-1781204898093-1590,Mira,22832.700,22832.800,22832.900,0.100,0.100,0.200
demo-1781204898082-1589,SN Ia,22821.400,22821.400,22821.500,0.000,0.100,0.100
demo-1781204898082-1588,QSO,22821.300,22821.300,22821.400,0.000,0.100,0.100
demo-1781204898082-1587,SN Ia,22821.300,22821.300,22821.300,0.000,0.000,0.000
demo-1781204898082-1586,Unknown,22821.200,22821.200,22821.300,0.000,0.100,0.100
demo-1781204898082-1585,RR Lyrae,22821.100,22821.100,22821.100,0.000,0.000,0.000
demo-1781204898081-1584,AGN,22821.000,22821.000,22821.100,0.000,0.100,0.100
demo-1781204898081-1583,RR Lyrae,22821.000,22821.000,22821.000,0.000,0.000,0.000
demo-1781204898081-1582,QSO,22820.900,22820.900,22821.000,0.000,0.100,0.100
demo-1781204898081-1581,Mira,22820.800,22820.900,22820.900,0.100,0.000,0.100
demo-1781204898078-1580,Mira,22817.700,22817.700,22817.800,0.000,0.100,0.100
demo-1781204898078-1579,SN Ia,22817.700,22817.700,22817.700,0.000,0.000,0.000
demo-1781204898078-1578,QSO,22817.700,22817.700,22817.700,0.000,0.000,0.000
demo-1781204898078-1577,SN Ia,22817.600,22817.600,22817.600,0.000,0.000,0.000
demo-1781204898078-1576,SN Ia,22817.500,22817.500,22817.600,0.000,0.100,0.100
demo-1781204898078-1575,Mira,22817.400,22817.400,22817.500,0.000,0.100,0.100
demo-1781204898078-1574,Unknown,22817.300,22817.300,22817.400,0.000,0.100,0.100
demo-1781204898078-1573,RR Lyrae,22817.200,22817.200,22817.300,0.000,0.100,0.100
demo-1781204898078-1572,AGN,22817.100,22817.100,22817.200,0.000,0.100,0.100
demo-1781204897994-1571,SN Ic,22733.400,22733.400,22733.500,0.000,0.100,0.100
demo-1781204897994-1570,RR Lyrae,22733.300,22733.400,22733.400,0.100,0.000,0.100
demo-1781204897994-1569,AGN,22733.300,22733.300,22733.300,0.000,0.000,0.000
demo-1781204897994-1568,SN Ia,22733.200,22733.200,22733.300,0.000,0.100,0.100
demo-1781204897994-1567,Mira,22733.100,22733.100,22733.200,0.000,0.100,0.100
demo-1781204897994-1566,RR Lyrae,22733.100,22733.100,22733.100,0.000,0.000,0.000
demo-1781204897993-1565,RR Lyrae,22733.000,22733.000,22733.100,0.000,0.100,0.100
demo-1781204897993-1564,QSO,22732.900,22732.900,22733.000,0.000,0.100,0.100
demo-1781204897993-1563,AGN,22732.900,22732.900,22732.900,0.000,0.000,0.000
demo-1781204897977-1562,RR Lyrae,22717.000,22717.000,22717.100,0.000,0.100,0.100
demo-1781204897977-1561,RR Lyrae,22717.000,22717.000,22717.000,0.000,0.000,0.000
demo-1781204897977-1560,Cepheid,22716.900,22716.900,22717.000,0.000,0.100,0.100
demo-1781204897977-1559,Cepheid,22716.800,22716.800,22716.900,0.000,0.100,0.100
demo-1781204897977-1558,RR Lyrae,22716.700,22716.700,22716.800,0.000,0.100,0.100
demo-1781204897977-1557,Unknown,22716.700,22716.700,22716.700,0.000,0.000,0.000
demo-1781204897977-1556,RR Lyrae,22716.600,22716.600,22716.700,0.000,0.100,0.100
demo-1781204897977-1555,Mira,22716.500,22716.500,22716.600,0.000,0.100,0.100
demo-1781204897977-1554,AGN,22716.300,22716.300,22716.500,0.000,0.200,0.200
demo-1781204897961-1553,AGN,22700.000,22700.100,22700.100,0.100,0.000,0.100
demo-1781204897960-1552,QSO,22700.000,22700.000,22700.000,0.000,0.000,0.000
demo-1781204897960-1551,Mira,22700.000,22700.000,22700.000,0.000,0.000,0.000
demo-1781204897960-1550,Mira,22699.800,22699.800,22700.000,0.000,0.200,0.200
demo-1781204897960-1549,Mira,22699.700,22699.700,22699.800,0.000,0.100,0.100
demo-1781204897960-1548,Unknown,22699.700,22699.700,22699.700,0.000,0.000,0.000
demo-1781204897960-1547,RR Lyrae,22699.600,22699.600,22699.600,0.000,0.000,0.000
demo-1781204897960-1546,Cepheid,22699.500,22699.600,22699.600,0.100,0.000,0.100
demo-1781204897960-1545,AGN,22699.300,22699.400,22699.500,0.100,0.100,0.200
demo-1781204897944-1544,SN Ia,22683.200,22683.200,22683.400,0.000,0.200,0.200
demo-1781204897944-1543,Unknown,22683.200,22683.200,22683.200,0.000,0.000,0.000
demo-1781204897944-1542,RR Lyrae,22683.100,22683.100,22683.200,0.000,0.100,0.100
demo-1781204897943-1541,Unknown,22683.000,22683.000,22683.100,0.000,0.100,0.100
demo-1781204897943-1540,RR Lyrae,22682.900,22683.000,22683.000,0.100,0.000,0.100
demo-1781204897943-1539,RR Lyrae,22682.900,22682.900,22682.900,0.000,0.000,0.000
demo-1781204897943-1538,Cepheid,22682.800,22682.900,22682.900,0.100,0.000,0.100
demo-1781204897943-1537,RR Lyrae,22682.700,22682.700,22682.800,0.000,0.100,0.100
demo-1781204897943-1536,AGN,22682.600,22682.600,22682.700,0.000,0.100,0.100
demo-1781204897927-1535,RR Lyrae,22666.600,22666.600,22666.600,0.000,0.000,0.000
demo-1781204897927-1534,SN Ia,22666.400,22666.400,22666.600,0.000,0.200,0.200
demo-1781204897927-1533,RR Lyrae,22666.400,22666.400,22666.400,0.000,0.000,0.000
demo-1781204897927-1532,AGN,22666.300,22666.300,22666.400,0.000,0.100,0.100
demo-1781204897927-1531,RR Lyrae,22666.300,22666.300,22666.300,0.000,0.000,0.000
demo-1781204897927-1530,AGN,22666.200,22666.200,22666.300,0.000,0.100,0.100
demo-1781204897927-1529,SN II,22666.200,22666.200,22666.200,0.000,0.000,0.000
demo-1781204897927-1528,Mira,22666.100,22666.100,22666.200,0.000,0.100,0.100
demo-1781204897926-1527,SN II,22666.000,22666.000,22666.100,0.000,0.100,0.100
demo-1781204897910-1526,RR Lyrae,22649.900,22649.900,22650.000,0.000,0.100,0.100
demo-1781204897910-1525,RR Lyrae,22649.900,22649.900,22649.900,0.000,0.000,0.000
demo-1781204897910-1524,Cepheid,22649.800,22649.800,22649.800,0.000,0.000,0.000
demo-1781204897910-1523,Cepheid,22649.700,22649.700,22649.800,0.000,0.100,0.100
demo-1781204897910-1522,RR Lyrae,22649.700,22649.700,22649.700,0.000,0.000,0.000
demo-1781204897910-1521,Mira,22649.600,22649.600,22649.700,0.000,0.100,0.100
demo-1781204897910-1520,RR Lyrae,22649.600,22649.600,22649.600,0.000,0.000,0.000
demo-1781204897910-1519,Unknown,22649.500,22649.500,22649.500,0.000,0.000,0.000
demo-1781204897910-1518,RR Lyrae,22649.400,22649.400,22649.500,0.000,0.100,0.100
demo-1781204897894-1517,Mira,22633.200,22633.200,22633.300,0.000,0.100,0.100
demo-1781204897894-1516,AGN,22633.200,22633.200,22633.200,0.000,0.000,0.000
demo-1781204897894-1515,RR Lyrae,22633.000,22633.100,22633.200,0.100,0.100,0.200
demo-1781204897893-1514,LPV,22633.000,22633.000,22633.000,0.000,0.000,0.000
demo-1781204897893-1513,RR Lyrae,22632.900,22632.900,22633.000,0.000,0.100,0.100
demo-1781204897893-1512,RR Lyrae,22632.900,22632.900,22632.900,0.000,0.000,0.000
demo-1781204897893-1511,Cepheid,22632.800,22632.800,22632.800,0.000,0.000,0.000
demo-1781204897893-1510,Cepheid,22632.800,22632.800,22632.800,0.000,0.000,0.000
demo-1781204897893-1509,Mira,22632.700,22632.700,22632.800,0.000,0.100,0.100
demo-1781204897877-1508,RR Lyrae,22616.700,22616.700,22616.700,0.000,0.000,0.000
demo-1781204897877-1507,AGN,22616.500,22616.600,22616.700,0.100,0.100,0.200
demo-1781204897877-1506,AGN,22616.500,22616.500,22616.500,0.000,0.000,0.000
demo-1781204897877-1505,AGN,22616.500,22616.500,22616.500,0.000,0.000,0.000
demo-1781204897877-1504,RR Lyrae,22616.400,22616.400,22616.500,0.000,0.100,0.100
demo-1781204897877-1503,Mira,22616.300,22616.300,22616.400,0.000,0.100,0.100
demo-1781204897877-1502,AGN,22616.200,22616.200,22616.300,0.000,0.100,0.100
demo-1781204897877-1501,QSO,22616.200,22616.200,22616.200,0.000,0.000,0.000
demo-1781204897877-1500,RR Lyrae,22616.100,22616.100,22616.200,0.000,0.100,0.100
demo-1781204897860-1499,AGN,22600.000,22600.000,22600.100,0.000,0.100,0.100
demo-1781204897860-1498,SN II,22599.900,22599.900,22600.000,0.000,0.100,0.100
demo-1781204897860-1497,RR Lyrae,22599.800,22599.800,22599.800,0.000,0.000,0.000
demo-1781204897860-1496,Mira,22599.800,22599.800,22599.800,0.000,0.000,0.000
demo-1781204897860-1495,AGN,22599.700,22599.700,22599.800,0.000,0.100,0.100
demo-1781204897860-1494,SN Ia,22599.600,22599.600,22599.700,0.000,0.100,0.100
demo-1781204897860-1493,AGN,22599.500,22599.500,22599.600,0.000,0.100,0.100
demo-1781204897860-1492,SN Ia,22599.500,22599.500,22599.500,0.000,0.000,0.000
demo-1781204897860-1491,Cepheid,22599.400,22599.400,22599.500,0.000,0.100,0.100
demo-1781204897843-1490,RR Lyrae,22582.300,22582.300,22582.400,0.000,0.100,0.100
demo-1781204897843-1489,Cepheid,22582.300,22582.300,22582.300,0.000,0.000,0.000
demo-1781204897843-1488,Cepheid,22582.200,22582.200,22582.300,0.000,0.100,0.100
demo-1781204897842-1487,RR Lyrae,22582.000,22582.000,22582.200,0.000,0.200,0.200
demo-1781204897842-1486,LPV,22582.000,22582.000,22582.000,0.000,0.000,0.000
demo-1781204897842-1485,Mira,22582.000,22582.000,22582.000,0.000,0.000,0.000
demo-1781204897842-1484,RR Lyrae,22581.800,22581.800,22581.900,0.000,0.100,0.100
demo-1781204897842-1483,Cepheid,22581.800,22581.800,22581.800,0.000,0.000,0.000
demo-1781204897842-1482,RR Lyrae,22581.700,22581.700,22581.800,0.000,0.100,0.100
demo-1781204897834-1481,LPV,22573.100,22573.100,22573.200,0.000,0.100,0.100
demo-1781204897834-1480,RR Lyrae,22573.100,22573.100,22573.100,0.000,0.000,0.000
demo-1781204897833-1479,RR Lyrae,22573.100,22573.100,22573.100,0.000,0.000,0.000
demo-1781204897833-1478,RR Lyrae,22572.900,22572.900,22573.100,0.000,0.200,0.200
demo-1781204897833-1477,RR Lyrae,22572.900,22572.900,22572.900,0.000,0.000,0.000
demo-1781204897833-1476,RR Lyrae,22572.800,22572.800,22572.900,0.000,0.100,0.100
demo-1781204897833-1475,RR Lyrae,22572.800,22572.800,22572.800,0.000,0.000,0.000
demo-1781204897833-1474,RR Lyrae,22572.700,22572.700,22572.800,0.000,0.100,0.100
demo-1781204897833-1473,RR Lyrae,22572.600,22572.600,22572.700,0.000,0.100,0.100
demo-1781204897829-1472,AGN,22568.500,22568.500,22568.700,0.000,0.200,0.200
demo-1781204897829-1471,SN Ia,22568.500,22568.500,22568.500,0.000,0.000,0.000
demo-1781204897829-1470,RR Lyrae,22568.400,22568.400,22568.500,0.000,0.100,0.100
demo-1781204897829-1469,Mira,22568.300,22568.300,22568.400,0.000,0.100,0.100
demo-1781204897829-1468,AGN,22568.300,22568.300,22568.300,0.000,0.000,0.000
demo-1781204897829-1467,LPV,22568.300,22568.300,22568.300,0.000,0.000,0.000
demo-1781204897829-1466,RR Lyrae,22568.100,22568.100,22568.300,0.000,0.200,0.200
demo-1781204897829-1465,AGN,22568.100,22568.100,22568.100,0.000,0.000,0.000
demo-1781204897828-1464,RR Lyrae,22568.000,22568.000,22568.100,0.000,0.100,0.100
demo-1781204897744-1463,SN II,22483.200,22483.200,22483.200,0.000,0.000,0.000
demo-1781204897744-1462,LPV,22483.200,22483.200,22483.200,0.000,0.000,0.000
demo-1781204897744-1461,RR Lyrae,22483.100,22483.100,22483.200,0.000,0.100,0.100
demo-1781204897743-1460,Mira,22483.000,22483.000,22483.100,0.000,0.100,0.100
demo-1781204897743-1459,RR Lyrae,22482.900,22482.900,22483.000,0.000,0.100,0.100
demo-1781204897743-1458,AGN,22482.900,22482.900,22482.900,0.000,0.000,0.000
demo-1781204897743-1457,RR Lyrae,22482.800,22482.800,22482.900,0.000,0.100,0.100
demo-1781204897743-1456,SN Ia,22482.700,22482.700,22482.800,0.000,0.100,0.100
demo-1781204897743-1455,AGN,22482.600,22482.600,22482.700,0.000,0.100,0.100
demo-1781204897727-1454,Unknown,22466.700,22466.700,22466.700,0.000,0.000,0.000
demo-1781204897727-1453,SN II,22466.700,22466.700,22466.700,0.000,0.000,0.000
demo-1781204897727-1452,Mira,22466.600,22466.600,22466.700,0.000,0.100,0.100
demo-1781204897727-1451,AGN,22466.500,22466.500,22466.600,0.000,0.100,0.100
demo-1781204897727-1450,RR Lyrae,22466.400,22466.400,22466.500,0.000,0.100,0.100
demo-1781204897727-1449,Mira,22466.400,22466.400,22466.400,0.000,0.000,0.000
demo-1781204897727-1448,RR Lyrae,22466.400,22466.400,22466.400,0.000,0.000,0.000
demo-1781204897727-1447,AGN,22466.300,22466.300,22466.400,0.000,0.100,0.100
demo-1781204897727-1446,RR Lyrae,22466.100,22466.200,22466.300,0.100,0.100,0.200
demo-1781204897711-1445,RR Lyrae,22450.100,22450.100,22450.200,0.000,0.100,0.100
demo-1781204897711-1444,RR Lyrae,22450.100,22450.100,22450.100,0.000,0.000,0.000
demo-1781204897710-1443,SN Ic,22450.000,22450.000,22450.100,0.000,0.100,0.100
demo-1781204897710-1442,AGN,22449.900,22449.900,22450.000,0.000,0.100,0.100
demo-1781204897710-1441,Mira,22449.900,22449.900,22449.900,0.000,0.000,0.000
demo-1781204897710-1440,SN Ia,22449.800,22449.800,22449.900,0.000,0.100,0.100
demo-1781204897710-1439,SN Ia,22449.600,22449.600,22449.700,0.000,0.100,0.100
demo-1781204897710-1438,AGN,22449.500,22449.500,22449.600,0.000,0.100,0.100
demo-1781204897710-1437,AGN,22449.500,22449.500,22449.500,0.000,0.000,0.000
demo-1781204897694-1436,AGN,22433.500,22433.500,22433.600,0.000,0.100,0.100
demo-1781204897694-1435,SN Ia,22433.500,22433.500,22433.500,0.000,0.000,0.000
demo-1781204897694-1434,QSO,22433.400,22433.400,22433.500,0.000,0.100,0.100
demo-1781204897694-1433,RR Lyrae,22433.300,22433.300,22433.400,0.000,0.100,0.100
demo-1781204897694-1432,Mira,22433.200,22433.200,22433.300,0.000,0.100,0.100
demo-1781204897694-1431,SN II,22433.100,22433.100,22433.200,0.000,0.100,0.100
demo-1781204897693-1430,RR Lyrae,22433.000,22433.000,22433.100,0.000,0.100,0.100
demo-1781204897693-1429,QSO,22432.800,22432.800,22433.000,0.000,0.200,0.200
demo-1781204897693-1428,Unknown,22432.700,22432.700,22432.800,0.000,0.100,0.100
demo-1781204897677-1427,Mira,22416.600,22416.600,22416.600,0.000,0.000,0.000
demo-1781204897677-1426,Mira,22416.500,22416.500,22416.600,0.000,0.100,0.100
demo-1781204897677-1425,RR Lyrae,22416.400,22416.400,22416.500,0.000,0.100,0.100
demo-1781204897677-1424,Mira,22416.300,22416.300,22416.400,0.000,0.100,0.100
demo-1781204897677-1423,RR Lyrae,22416.200,22416.200,22416.300,0.000,0.100,0.100
demo-1781204897677-1422,Mira,22416.200,22416.200,22416.200,0.000,0.000,0.000
demo-1781204897677-1421,AGN,22416.100,22416.100,22416.200,0.000,0.100,0.100
demo-1781204897676-1420,AGN,22416.100,22416.100,22416.100,0.000,0.000,0.000
demo-1781204897676-1419,LPV,22415.900,22415.900,22416.100,0.000,0.200,0.200
demo-1781204897660-1418,RR Lyrae,22399.800,22399.800,22399.900,0.000,0.100,0.100
demo-1781204897660-1417,RR Lyrae,22399.800,22399.800,22399.800,0.000,0.000,0.000
demo-1781204897660-1416,SN Ia,22399.600,22399.600,22399.800,0.000,0.200,0.200
demo-1781204897660-1415,Unknown,22399.600,22399.600,22399.600,0.000,0.000,0.000
demo-1781204897660-1414,SN II,22399.500,22399.500,22399.600,0.000,0.100,0.100
demo-1781204897660-1413,AGN,22399.500,22399.500,22399.500,0.000,0.000,0.000
demo-1781204897660-1412,RR Lyrae,22399.400,22399.400,22399.500,0.000,0.100,0.100
demo-1781204897660-1411,AGN,22399.300,22399.300,22399.400,0.000,0.100,0.100
demo-1781204897660-1410,RR Lyrae,22399.300,22399.300,22399.300,0.000,0.000,0.000
demo-1781204897644-1409,Cepheid,22383.200,22383.200,22383.200,0.000,0.000,0.000
demo-1781204897644-1408,RR Lyrae,22383.000,22383.000,22383.200,0.000,0.200,0.200
demo-1781204897643-1407,LPV,22383.000,22383.000,22383.000,0.000,0.000,0.000
demo-1781204897643-1406,Cepheid,22382.900,22382.900,22383.000,0.000,0.100,0.100
demo-1781204897643-1405,SN II,22382.900,22382.900,22382.900,0.000,0.000,0.000
demo-1781204897643-1404,Mira,22382.800,22382.800,22382.900,0.000,0.100,0.100
demo-1781204897643-1403,Mira,22382.700,22382.700,22382.800,0.000,0.100,0.100
demo-1781204897643-1402,AGN,22382.700,22382.700,22382.700,0.000,0.000,0.000
demo-1781204897643-1401,AGN,22382.700,22382.700,22382.700,0.000,0.000,0.000
demo-1781204897627-1400,LPV,22366.500,22366.500,22366.600,0.000,0.100,0.100
demo-1781204897627-1399,Mira,22366.400,22366.400,22366.500,0.000,0.100,0.100
demo-1781204897627-1398,AGN,22366.400,22366.400,22366.400,0.000,0.000,0.000
demo-1781204897627-1397,AGN,22366.400,22366.400,22366.400,0.000,0.000,0.000
demo-1781204897627-1396,Unknown,22366.300,22366.300,22366.400,0.000,0.100,0.100
demo-1781204897627-1395,LPV,22366.300,22366.300,22366.300,0.000,0.000,0.000
demo-1781204897627-1394,RR Lyrae,22366.100,22366.100,22366.300,0.000,0.200,0.200
demo-1781204897627-1393,RR Lyrae,22366.100,22366.100,22366.100,0.000,0.000,0.000
demo-1781204897626-1392,RR Lyrae,22366.000,22366.000,22366.100,0.000,0.100,0.100
demo-1781204897610-1391,Mira,22349.900,22349.900,22350.000,0.000,0.100,0.100
demo-1781204897610-1390,AGN,22349.800,22349.800,22349.900,0.000,0.100,0.100
demo-1781204897610-1389,SN Ia,22349.700,22349.700,22349.800,0.000,0.100,0.100
demo-1781204897610-1388,Mira,22349.600,22349.600,22349.700,0.000,0.100,0.100
demo-1781204897610-1387,Unknown,22349.600,22349.600,22349.600,0.000,0.000,0.000
demo-1781204897610-1386,QSO,22349.500,22349.500,22349.600,0.000,0.100,0.100
demo-1781204897610-1385,AGN,22349.500,22349.500,22349.500,0.000,0.000,0.000
demo-1781204897610-1384,RR Lyrae,22349.400,22349.400,22349.500,0.000,0.100,0.100
demo-1781204897610-1383,AGN,22349.400,22349.400,22349.400,0.000,0.000,0.000
demo-1781204897594-1382,Mira,22333.300,22333.300,22333.300,0.000,0.000,0.000
demo-1781204897594-1381,LPV,22333.200,22333.300,22333.300,0.100,0.000,0.100
demo-1781204897594-1380,LPV,22333.200,22333.200,22333.200,0.000,0.000,0.000
demo-1781204897594-1379,Mira,22333.100,22333.100,22333.200,0.000,0.100,0.100
demo-1781204897593-1378,RR Lyrae,22333.000,22333.000,22333.100,0.000,0.100,0.100
demo-1781204897593-1377,RR Lyrae,22332.900,22332.900,22333.000,0.000,0.100,0.100
demo-1781204897593-1376,RR Lyrae,22332.900,22332.900,22332.900,0.000,0.000,0.000
demo-1781204897593-1375,RR Lyrae,22332.800,22332.800,22332.900,0.000,0.100,0.100
demo-1781204897593-1374,Cepheid,22332.800,22332.800,22332.800,0.000,0.000,0.000
demo-1781204897589-1373,Mira,22328.700,22328.700,22328.700,0.000,0.000,0.000
demo-1781204897589-1372,Mira,22328.600,22328.600,22328.700,0.000,0.100,0.100
demo-1781204897589-1371,Cepheid,22328.600,22328.600,22328.600,0.000,0.000,0.000
demo-1781204897589-1370,LPV,22328.500,22328.500,22328.600,0.000,0.100,0.100
demo-1781204897589-1369,Cepheid,22328.400,22328.400,22328.500,0.000,0.100,0.100
demo-1781204897589-1368,RR Lyrae,22328.400,22328.400,22328.400,0.000,0.000,0.000
demo-1781204897589-1367,RR Lyrae,22328.300,22328.300,22328.400,0.000,0.100,0.100
demo-1781204897589-1366,Mira,22328.300,22328.300,22328.300,0.000,0.000,0.000
demo-1781204897589-1365,AGN,22328.200,22328.200,22328.300,0.000,0.100,0.100
demo-1781204897585-1364,RR Lyrae,22324.800,22324.800,22324.900,0.000,0.100,0.100
demo-1781204897585-1363,AGN,22324.700,22324.700,22324.800,0.000,0.100,0.100
demo-1781204897585-1362,RR Lyrae,22324.700,22324.700,22324.700,0.000,0.000,0.000
demo-1781204897585-1361,Mira,22324.700,22324.700,22324.700,0.000,0.000,0.000
demo-1781204897585-1360,RR Lyrae,22324.600,22324.600,22324.700,0.000,0.100,0.100
demo-1781204897585-1359,SN Ia,22324.500,22324.500,22324.600,0.000,0.100,0.100
demo-1781204897585-1358,Unknown,22324.500,22324.500,22324.500,0.000,0.000,0.000
demo-1781204897585-1357,Unknown,22324.400,22324.400,22324.500,0.000,0.100,0.100
demo-1781204897585-1356,AGN,22324.300,22324.300,22324.400,0.000,0.100,0.100
demo-1781204897494-1355,RR Lyrae,22233.100,22233.100,22233.200,0.000,0.100,0.100
demo-1781204897494-1354,LPV,22233.000,22233.000,22233.100,0.000,0.100,0.100
demo-1781204897493-1353,AGN,22233.000,22233.000,22233.000,0.000,0.000,0.000
demo-1781204897493-1352,SN Ia,22233.000,22233.000,22233.000,0.000,0.000,0.000
demo-1781204897493-1351,Mira,22232.800,22232.800,22233.000,0.000,0.200,0.200
demo-1781204897493-1350,AGN,22232.800,22232.800,22232.800,0.000,0.000,0.000
demo-1781204897493-1349,RR Lyrae,22232.700,22232.700,22232.800,0.000,0.100,0.100
demo-1781204897493-1348,RR Lyrae,22232.700,22232.700,22232.700,0.000,0.000,0.000
demo-1781204897493-1347,Cepheid,22232.600,22232.600,22232.700,0.000,0.100,0.100
demo-1781204897477-1346,Mira,22216.500,22216.500,22216.600,0.000,0.100,0.100
demo-1781204897477-1345,LPV,22216.500,22216.500,22216.500,0.000,0.000,0.000
demo-1781204897477-1344,Mira,22216.400,22216.400,22216.500,0.000,0.100,0.100
demo-1781204897477-1343,RR Lyrae,22216.400,22216.400,22216.400,0.000,0.000,0.000
demo-1781204897477-1342,SN II,22216.300,22216.300,22216.400,0.000,0.100,0.100
demo-1781204897477-1341,AGN,22216.200,22216.200,22216.300,0.000,0.100,0.100
demo-1781204897477-1340,Cepheid,22216.100,22216.100,22216.200,0.000,0.100,0.100
demo-1781204897476-1339,AGN,22216.000,22216.000,22216.100,0.000,0.100,0.100
demo-1781204897476-1338,Mira,22216.000,22216.000,22216.000,0.000,0.000,0.000
demo-1781204897460-1337,AGN,22200.000,22200.000,22200.000,0.000,0.000,0.000
demo-1781204897460-1336,RR Lyrae,22199.900,22199.900,22199.900,0.000,0.000,0.000
demo-1781204897460-1335,Mira,22199.900,22199.900,22199.900,0.000,0.000,0.000
demo-1781204897460-1334,RR Lyrae,22199.800,22199.800,22199.900,0.000,0.100,0.100
demo-1781204897460-1333,AGN,22199.700,22199.700,22199.800,0.000,0.100,0.100
demo-1781204897460-1332,RR Lyrae,22199.700,22199.700,22199.700,0.000,0.000,0.000
demo-1781204897460-1331,SN II,22199.600,22199.600,22199.700,0.000,0.100,0.100
demo-1781204897460-1330,Mira,22199.600,22199.600,22199.600,0.000,0.000,0.000
demo-1781204897460-1329,QSO,22199.500,22199.500,22199.600,0.000,0.100,0.100
demo-1781204897444-1328,RR Lyrae,22183.300,22183.300,22183.400,0.000,0.100,0.100
demo-1781204897444-1327,Mira,22183.300,22183.300,22183.300,0.000,0.000,0.000
demo-1781204897444-1326,Unknown,22183.200,22183.200,22183.300,0.000,0.100,0.100
demo-1781204897444-1325,SN Ia,22183.100,22183.100,22183.200,0.000,0.100,0.100
demo-1781204897443-1324,RR Lyrae,22183.100,22183.100,22183.100,0.000,0.000,0.000
demo-1781204897443-1323,RR Lyrae,22183.000,22183.000,22183.100,0.000,0.100,0.100
demo-1781204897443-1322,RR Lyrae,22182.800,22182.900,22183.000,0.100,0.100,0.200
demo-1781204897443-1321,Mira,22182.800,22182.800,22182.800,0.000,0.000,0.000
demo-1781204897443-1320,AGN,22182.700,22182.700,22182.800,0.000,0.100,0.100
demo-1781204897427-1319,RR Lyrae,22166.700,22166.700,22166.800,0.000,0.100,0.100
demo-1781204897427-1318,Mira,22166.600,22166.600,22166.700,0.000,0.100,0.100
demo-1781204897427-1317,Cepheid,22166.500,22166.500,22166.600,0.000,0.100,0.100
demo-1781204897427-1316,QSO,22166.400,22166.400,22166.500,0.000,0.100,0.100
demo-1781204897427-1315,RR Lyrae,22166.400,22166.400,22166.400,0.000,0.000,0.000
demo-1781204897427-1314,RR Lyrae,22166.200,22166.200,22166.300,0.000,0.100,0.100
demo-1781204897427-1313,RR Lyrae,22166.200,22166.200,22166.200,0.000,0.000,0.000
demo-1781204897427-1312,AGN,22166.100,22166.100,22166.200,0.000,0.100,0.100
demo-1781204897426-1311,RR Lyrae,22166.000,22166.000,22166.100,0.000,0.100,0.100
demo-1781204897410-1310,RR Lyrae,22150.000,22150.000,22150.100,0.000,0.100,0.100
demo-1781204897410-1309,RR Lyrae,22150.000,22150.000,22150.000,0.000,0.000,0.000
demo-1781204897410-1308,AGN,22149.900,22149.900,22150.000,0.000,0.100,0.100
demo-1781204897410-1307,Cepheid,22149.800,22149.800,22149.900,0.000,0.100,0.100
demo-1781204897410-1306,RR Lyrae,22149.700,22149.700,22149.800,0.000,0.100,0.100
demo-1781204897410-1305,RR Lyrae,22149.700,22149.700,22149.700,0.000,0.000,0.000
demo-1781204897410-1304,RR Lyrae,22149.500,22149.500,22149.600,0.000,0.100,0.100
demo-1781204897410-1303,SN II,22149.500,22149.500,22149.500,0.000,0.000,0.000
demo-1781204897410-1302,RR Lyrae,22149.400,22149.400,22149.500,0.000,0.100,0.100
demo-1781204897394-1301,QSO,22133.400,22133.400,22133.400,0.000,0.000,0.000
demo-1781204897394-1300,RR Lyrae,22133.300,22133.300,22133.400,0.000,0.100,0.100
demo-1781204897394-1299,Mira,22133.300,22133.300,22133.300,0.000,0.000,0.000
demo-1781204897394-1298,AGN,22133.200,22133.200,22133.300,0.000,0.100,0.100
demo-1781204897394-1297,Mira,22133.100,22133.100,22133.200,0.000,0.100,0.100
demo-1781204897394-1296,QSO,22133.100,22133.100,22133.100,0.000,0.000,0.000
demo-1781204897393-1295,RR Lyrae,22133.100,22133.100,22133.100,0.000,0.000,0.000
demo-1781204897393-1294,QSO,22132.900,22133.000,22133.100,0.100,0.100,0.200
demo-1781204897393-1293,Mira,22132.900,22132.900,22132.900,0.000,0.000,0.000
demo-1781204897377-1292,QSO,22116.600,22116.600,22116.600,0.000,0.000,0.000
demo-1781204897377-1291,RR Lyrae,22116.500,22116.500,22116.600,0.000,0.100,0.100
demo-1781204897377-1290,RR Lyrae,22116.400,22116.400,22116.500,0.000,0.100,0.100
demo-1781204897377-1289,RR Lyrae,22116.400,22116.400,22116.400,0.000,0.000,0.000
demo-1781204897377-1288,AGN,22116.300,22116.300,22116.300,0.000,0.000,0.000
demo-1781204897377-1287,Cepheid,22116.200,22116.200,22116.300,0.000,0.100,0.100
demo-1781204897377-1286,RR Lyrae,22116.200,22116.200,22116.200,0.000,0.000,0.000
demo-1781204897377-1285,RR Lyrae,22116.000,22116.000,22116.100,0.000,0.100,0.100
demo-1781204897376-1284,RR Lyrae,22115.900,22115.900,22116.000,0.000,0.100,0.100
demo-1781204897360-1283,RR Lyrae,22099.800,22099.800,22099.900,0.000,0.100,0.100
demo-1781204897360-1282,Mira,22099.700,22099.700,22099.800,0.000,0.100,0.100
demo-1781204897360-1281,RR Lyrae,22099.700,22099.700,22099.700,0.000,0.000,0.000
demo-1781204897360-1280,AGN,22099.700,22099.700,22099.700,0.000,0.000,0.000
demo-1781204897360-1279,RR Lyrae,22099.600,22099.600,22099.700,0.000,0.100,0.100
demo-1781204897360-1278,RR Lyrae,22099.500,22099.500,22099.600,0.000,0.100,0.100
demo-1781204897360-1277,Cepheid,22099.400,22099.400,22099.400,0.000,0.000,0.000
demo-1781204897360-1276,SN Ia,22099.400,22099.400,22099.400,0.000,0.000,0.000
demo-1781204897360-1275,SN Ia,22099.300,22099.300,22099.400,0.000,0.100,0.100
demo-1781204897344-1274,Mira,22083.200,22083.200,22083.200,0.000,0.000,0.000
demo-1781204897344-1273,RR Lyrae,22083.100,22083.100,22083.200,0.000,0.100,0.100
demo-1781204897343-1272,LPV,22083.000,22083.000,22083.100,0.000,0.100,0.100
demo-1781204897343-1271,AGN,22083.000,22083.000,22083.000,0.000,0.000,0.000
demo-1781204897343-1270,SN Ia,22082.900,22082.900,22083.000,0.000,0.100,0.100
demo-1781204897343-1269,RR Lyrae,22082.900,22082.900,22082.900,0.000,0.000,0.000
demo-1781204897343-1268,SN Ia,22082.800,22082.800,22082.900,0.000,0.100,0.100
demo-1781204897343-1267,SN Ia,22082.700,22082.700,22082.800,0.000,0.100,0.100
demo-1781204897343-1266,LPV,22082.600,22082.600,22082.700,0.000,0.100,0.100
demo-1781204897334-1265,RR Lyrae,22074.000,22074.000,22074.000,0.000,0.000,0.000
demo-1781204897334-1264,Mira,22073.900,22073.900,22074.000,0.000,0.100,0.100
demo-1781204897334-1263,Mira,22073.900,22073.900,22073.900,0.000,0.000,0.000
demo-1781204897334-1262,Mira,22073.800,22073.800,22073.900,0.000,0.100,0.100
demo-1781204897334-1261,SN Ia,22073.700,22073.700,22073.800,0.000,0.100,0.100
demo-1781204897334-1260,SN Ia,22073.700,22073.700,22073.700,0.000,0.000,0.000
demo-1781204897334-1259,RR Lyrae,22073.600,22073.700,22073.700,0.100,0.000,0.100
demo-1781204897334-1258,RR Lyrae,22073.600,22073.600,22073.600,0.000,0.000,0.000
demo-1781204897334-1257,RR Lyrae,22073.500,22073.500,22073.600,0.000,0.100,0.100
demo-1781204897330-1256,RR Lyrae,22069.700,22069.700,22069.700,0.000,0.000,0.000
demo-1781204897330-1255,RR Lyrae,22069.500,22069.500,22069.700,0.000,0.200,0.200
demo-1781204897330-1254,RR Lyrae,22069.500,22069.500,22069.500,0.000,0.000,0.000
demo-1781204897330-1253,AGN,22069.500,22069.500,22069.500,0.000,0.000,0.000
demo-1781204897330-1252,LPV,22069.400,22069.400,22069.500,0.000,0.100,0.100
demo-1781204897330-1251,Unknown,22069.400,22069.400,22069.400,0.000,0.000,0.000
demo-1781204897330-1250,LPV,22069.300,22069.300,22069.400,0.000,0.100,0.100
demo-1781204897330-1249,SN Ic,22069.200,22069.200,22069.300,0.000,0.100,0.100
demo-1781204897330-1248,RR Lyrae,22069.100,22069.100,22069.200,0.000,0.100,0.100
demo-1781204897244-1247,RR Lyrae,21983.200,21983.200,21983.300,0.000,0.100,0.100
demo-1781204897244-1246,AGN,21983.100,21983.100,21983.200,0.000,0.100,0.100
demo-1781204897243-1245,AGN,21983.000,21983.000,21983.000,0.000,0.000,0.000
demo-1781204897243-1244,Mira,21982.900,21982.900,21983.000,0.000,0.100,0.100
demo-1781204897243-1243,RR Lyrae,21982.900,21982.900,21982.900,0.000,0.000,0.000
demo-1781204897243-1242,Mira,21982.800,21982.800,21982.900,0.000,0.100,0.100
demo-1781204897243-1241,Mira,21982.800,21982.800,21982.800,0.000,0.000,0.000
demo-1781204897243-1240,SN II,21982.800,21982.800,21982.800,0.000,0.000,0.000
demo-1781204897243-1239,Cepheid,21982.700,21982.700,21982.800,0.000,0.100,0.100
demo-1781204897227-1238,RR Lyrae,21966.500,21966.500,21966.500,0.000,0.000,0.000
demo-1781204897227-1237,Mira,21966.400,21966.400,21966.500,0.000,0.100,0.100
demo-1781204897227-1236,SN Ic,21966.400,21966.400,21966.400,0.000,0.000,0.000
demo-1781204897227-1235,AGN,21966.200,21966.200,21966.400,0.000,0.200,0.200
demo-1781204897227-1234,Mira,21966.100,21966.100,21966.200,0.000,0.100,0.100
demo-1781204897227-1233,LPV,21966.100,21966.100,21966.100,0.000,0.000,0.000
demo-1781204897227-1232,Mira,21966.000,21966.000,21966.100,0.000,0.100,0.100
demo-1781204897226-1231,QSO,21966.000,21966.000,21966.000,0.000,0.000,0.000
demo-1781204897226-1230,AGN,21965.900,21965.900,21966.000,0.000,0.100,0.100
demo-1781204897210-1229,AGN,21949.800,21949.800,21949.900,0.000,0.100,0.100
demo-1781204897210-1228,Mira,21949.800,21949.800,21949.800,0.000,0.000,0.000
demo-1781204897210-1227,SN Ib,21949.700,21949.700,21949.800,0.000,0.100,0.100
demo-1781204897210-1226,Cepheid,21949.600,21949.600,21949.700,0.000,0.100,0.100
demo-1781204897210-1225,RR Lyrae,21949.600,21949.600,21949.600,0.000,0.000,0.000
demo-1781204897210-1224,AGN,21949.600,21949.600,21949.600,0.000,0.000,0.000
demo-1781204897210-1223,RR Lyrae,21949.500,21949.500,21949.600,0.000,0.100,0.100
demo-1781204897210-1222,RR Lyrae,21949.400,21949.400,21949.500,0.000,0.100,0.100
demo-1781204897210-1221,Mira,21949.300,21949.300,21949.400,0.000,0.100,0.100
demo-1781204897194-1220,AGN,21933.400,21933.400,21933.400,0.000,0.000,0.000
demo-1781204897194-1219,RR Lyrae,21933.200,21933.200,21933.400,0.000,0.200,0.200
demo-1781204897194-1218,AGN,21933.200,21933.200,21933.200,0.000,0.000,0.000
demo-1781204897194-1217,Unknown,21933.100,21933.100,21933.200,0.000,0.100,0.100
demo-1781204897194-1216,Cepheid,21933.100,21933.100,21933.100,0.000,0.000,0.000
demo-1781204897193-1215,RR Lyrae,21933.000,21933.000,21933.100,0.000,0.100,0.100
demo-1781204897193-1214,QSO,21933.000,21933.000,21933.000,0.000,0.000,0.000
demo-1781204897193-1213,LPV,21932.900,21932.900,21933.000,0.000,0.100,0.100
demo-1781204897193-1212,AGN,21932.800,21932.800,21932.900,0.000,0.100,0.100
demo-1781204897177-1211,AGN,21916.700,21916.800,21916.800,0.100,0.000,0.100
demo-1781204897177-1210,RR Lyrae,21916.700,21916.700,21916.700,0.000,0.000,0.000
demo-1781204897177-1209,LPV,21916.600,21916.700,21916.700,0.100,0.000,0.100
demo-1781204897177-1208,RR Lyrae,21916.600,21916.600,21916.600,0.000,0.000,0.000
demo-1781204897177-1207,AGN,21916.400,21916.400,21916.600,0.000,0.200,0.200
demo-1781204897177-1206,LPV,21916.300,21916.300,21916.400,0.000,0.100,0.100
demo-1781204897177-1205,RR Lyrae,21916.300,21916.300,21916.300,0.000,0.000,0.000
demo-1781204897177-1204,AGN,21916.200,21916.200,21916.300,0.000,0.100,0.100
demo-1781204897177-1203,AGN,21916.100,21916.100,21916.200,0.000,0.100,0.100
demo-1781204897160-1202,AGN,21899.900,21899.900,21900.100,0.000,0.200,0.200
demo-1781204897160-1201,Unknown,21899.900,21899.900,21899.900,0.000,0.000,0.000
demo-1781204897160-1200,RR Lyrae,21899.800,21899.800,21899.900,0.000,0.100,0.100
demo-1781204897160-1199,Cepheid,21899.700,21899.800,21899.800,0.100,0.000,0.100
demo-1781204897160-1198,RR Lyrae,21899.700,21899.700,21899.700,0.000,0.000,0.000
demo-1781204897160-1197,RR Lyrae,21899.600,21899.600,21899.700,0.000,0.100,0.100
demo-1781204897160-1196,Unknown,21899.500,21899.500,21899.600,0.000,0.100,0.100
demo-1781204897160-1195,QSO,21899.500,21899.500,21899.500,0.000,0.000,0.000
demo-1781204897160-1194,RR Lyrae,21899.300,21899.300,21899.500,0.000,0.200,0.200
demo-1781204897144-1193,Mira,21883.200,21883.200,21883.200,0.000,0.000,0.000
demo-1781204897144-1192,Cepheid,21883.100,21883.100,21883.200,0.000,0.100,0.100
demo-1781204897143-1191,Mira,21883.000,21883.000,21883.100,0.000,0.100,0.100
demo-1781204897143-1190,LPV,21882.900,21882.900,21883.000,0.000,0.100,0.100
demo-1781204897143-1189,Mira,21882.800,21882.900,21882.900,0.100,0.000,0.100
demo-1781204897143-1188,RR Lyrae,21882.800,21882.800,21882.800,0.000,0.000,0.000
demo-1781204897143-1187,Mira,21882.700,21882.700,21882.800,0.000,0.100,0.100
demo-1781204897143-1186,Mira,21882.600,21882.600,21882.700,0.000,0.100,0.100
demo-1781204897143-1185,SN II,21882.600,21882.600,21882.600,0.000,0.000,0.000
demo-1781204897127-1184,Mira,21866.400,21866.400,21866.500,0.000,0.100,0.100
demo-1781204897127-1183,RR Lyrae,21866.400,21866.400,21866.400,0.000,0.000,0.000
demo-1781204897127-1182,Cepheid,21866.300,21866.300,21866.400,0.000,0.100,0.100
demo-1781204897127-1181,Mira,21866.200,21866.200,21866.300,0.000,0.100,0.100
demo-1781204897127-1180,SN II,21866.100,21866.100,21866.200,0.000,0.100,0.100
demo-1781204897127-1179,Unknown,21866.100,21866.100,21866.100,0.000,0.000,0.000
demo-1781204897126-1178,AGN,21866.000,21866.000,21866.100,0.000,0.100,0.100
demo-1781204897126-1177,RR Lyrae,21866.000,21866.000,21866.000,0.000,0.000,0.000
demo-1781204897126-1176,RR Lyrae,21865.900,21865.900,21865.900,0.000,0.000,0.000
demo-1781204897110-1175,Unknown,21849.900,21849.900,21849.900,0.000,0.000,0.000
demo-1781204897110-1174,SN II,21849.800,21849.800,21849.900,0.000,0.100,0.100
demo-1781204897110-1173,RR Lyrae,21849.800,21849.800,21849.800,0.000,0.000,0.000
demo-1781204897110-1172,Mira,21849.700,21849.700,21849.800,0.000,0.100,0.100
demo-1781204897110-1171,QSO,21849.600,21849.600,21849.700,0.000,0.100,0.100
demo-1781204897110-1170,RR Lyrae,21849.600,21849.600,21849.600,0.000,0.000,0.000
demo-1781204897110-1169,LPV,21849.500,21849.500,21849.600,0.000,0.100,0.100
demo-1781204897110-1168,AGN,21849.500,21849.500,21849.500,0.000,0.000,0.000
demo-1781204897110-1167,LPV,21849.400,21849.400,21849.400,0.000,0.000,0.000
demo-1781204897094-1166,AGN,21833.200,21833.200,21833.200,0.000,0.000,0.000
demo-1781204897094-1165,AGN,21833.100,21833.100,21833.200,0.000,0.100,0.100
demo-1781204897094-1164,RR Lyrae,21833.100,21833.100,21833.100,0.000,0.000,0.000
demo-1781204897093-1163,AGN,21833.000,21833.000,21833.100,0.000,0.100,0.100
demo-1781204897093-1162,Mira,21832.900,21832.900,21833.000,0.000,0.100,0.100
demo-1781204897093-1161,AGN,21832.900,21832.900,21832.900,0.000,0.000,0.000
demo-1781204897093-1160,AGN,21832.800,21832.800,21832.900,0.000,0.100,0.100
demo-1781204897093-1159,SN II,21832.700,21832.700,21832.800,0.000,0.100,0.100
demo-1781204897093-1158,RR Lyrae,21832.700,21832.700,21832.700,0.000,0.000,0.000
demo-1781204897082-1157,Mira,21822.000,21822.000,21822.100,0.000,0.100,0.100
demo-1781204897082-1156,Unknown,21822.000,21822.000,21822.000,0.000,0.000,0.000
demo-1781204897082-1155,SN Ia,21821.900,21821.900,21821.900,0.000,0.000,0.000
demo-1781204897082-1154,AGN,21821.800,21821.800,21821.900,0.000,0.100,0.100
demo-1781204897082-1153,AGN,21821.800,21821.800,21821.800,0.000,0.000,0.000
demo-1781204897082-1152,Unknown,21821.700,21821.700,21821.800,0.000,0.100,0.100
demo-1781204897082-1151,RR Lyrae,21821.700,21821.700,21821.700,0.000,0.000,0.000
demo-1781204897082-1150,QSO,21821.600,21821.600,21821.700,0.000,0.100,0.100
demo-1781204897082-1149,RR Lyrae,21821.500,21821.500,21821.600,0.000,0.100,0.100
demo-1781204897079-1148,RR Lyrae,21818.100,21818.100,21818.100,0.000,0.000,0.000
demo-1781204897078-1147,RR Lyrae,21818.000,21818.000,21818.100,0.000,0.100,0.100
demo-1781204897078-1146,Unknown,21818.000,21818.000,21818.000,0.000,0.000,0.000
demo-1781204897078-1145,AGN,21817.900,21817.900,21818.000,0.000,0.100,0.100
demo-1781204897078-1144,SN II,21817.900,21817.900,21817.900,0.000,0.000,0.000
demo-1781204897078-1143,AGN,21817.800,21817.800,21817.900,0.000,0.100,0.100
demo-1781204897078-1142,RR Lyrae,21817.700,21817.700,21817.800,0.000,0.100,0.100
demo-1781204897078-1141,Mira,21817.600,21817.600,21817.700,0.000,0.100,0.100
demo-1781204897078-1140,Unknown,21817.500,21817.500,21817.600,0.000,0.100,0.100
demo-1781204896994-1139,Mira,21733.200,21733.200,21733.200,0.000,0.000,0.000
demo-1781204896994-1138,AGN,21733.100,21733.100,21733.200,0.000,0.100,0.100
demo-1781204896993-1137,Mira,21733.000,21733.000,21733.100,0.000,0.100,0.100
demo-1781204896993-1136,Mira,21733.000,21733.000,21733.000,0.000,0.000,0.000
demo-1781204896993-1135,RR Lyrae,21732.900,21732.900,21733.000,0.000,0.100,0.100
demo-1781204896993-1134,Cepheid,21732.800,21732.900,21732.900,0.100,0.000,0.100
demo-1781204896993-1133,Unknown,21732.800,21732.800,21732.800,0.000,0.000,0.000
demo-1781204896993-1132,SN II,21732.700,21732.700,21732.800,0.000,0.100,0.100
demo-1781204896993-1131,QSO,21732.700,21732.700,21732.700,0.000,0.000,0.000
demo-1781204896977-1130,Mira,21716.600,21716.600,21716.600,0.000,0.000,0.000
demo-1781204896977-1129,LPV,21716.600,21716.600,21716.600,0.000,0.000,0.000
demo-1781204896977-1128,RR Lyrae,21716.400,21716.400,21716.600,0.000,0.200,0.200
demo-1781204896977-1127,Mira,21716.400,21716.400,21716.400,0.000,0.000,0.000
demo-1781204896977-1126,AGN,21716.300,21716.400,21716.400,0.100,0.000,0.100
demo-1781204896977-1125,RR Lyrae,21716.200,21716.200,21716.300,0.000,0.100,0.100
demo-1781204896977-1124,TDE,21716.200,21716.200,21716.200,0.000,0.000,0.000
demo-1781204896977-1123,Unknown,21716.200,21716.200,21716.200,0.000,0.000,0.000
demo-1781204896976-1122,SN Ia,21716.000,21716.000,21716.200,0.000,0.200,0.200
demo-1781204896960-1121,Mira,21699.800,21699.800,21699.900,0.000,0.100,0.100
demo-1781204896960-1120,RR Lyrae,21699.800,21699.800,21699.800,0.000,0.000,0.000
demo-1781204896960-1119,Cepheid,21699.700,21699.700,21699.800,0.000,0.100,0.100
demo-1781204896960-1118,QSO,21699.600,21699.600,21699.700,0.000,0.100,0.100
demo-1781204896960-1117,Unknown,21699.600,21699.600,21699.600,0.000,0.000,0.000
demo-1781204896960-1116,RR Lyrae,21699.600,21699.600,21699.600,0.000,0.000,0.000
demo-1781204896960-1115,AGN,21699.400,21699.500,21699.600,0.100,0.100,0.200
demo-1781204896960-1114,RR Lyrae,21699.400,21699.400,21699.400,0.000,0.000,0.000
demo-1781204896960-1113,Cepheid,21699.300,21699.300,21699.400,0.000,0.100,0.100
demo-1781204896946-1112,AGN,21686.000,21686.000,21686.100,0.000,0.100,0.100
demo-1781204896946-1111,AGN,21686.000,21686.000,21686.000,0.000,0.000,0.000
demo-1781204896946-1110,SN Ia,21685.800,21685.800,21686.000,0.000,0.200,0.200
demo-1781204896946-1109,RR Lyrae,21685.800,21685.800,21685.800,0.000,0.000,0.000
demo-1781204896946-1108,Mira,21685.700,21685.700,21685.800,0.000,0.100,0.100
demo-1781204896946-1107,RR Lyrae,21685.600,21685.600,21685.700,0.000,0.100,0.100
demo-1781204896946-1106,AGN,21685.500,21685.500,21685.600,0.000,0.100,0.100
demo-1781204896946-1105,Mira,21685.500,21685.500,21685.500,0.000,0.000,0.000
demo-1781204896946-1104,SN Ia,21685.400,21685.400,21685.500,0.000,0.100,0.100
demo-1781204896928-1103,Cepheid,21667.100,21667.100,21667.200,0.000,0.100,0.100
demo-1781204896928-1102,RR Lyrae,21667.100,21667.100,21667.100,0.000,0.000,0.000
demo-1781204896927-1101,RR Lyrae,21667.000,21667.000,21667.100,0.000,0.100,0.100
demo-1781204896927-1100,SN II,21666.900,21666.900,21667.000,0.000,0.100,0.100
demo-1781204896927-1099,RR Lyrae,21666.800,21666.800,21666.900,0.000,0.100,0.100
demo-1781204896927-1098,AGN,21666.800,21666.800,21666.800,0.000,0.000,0.000
demo-1781204896927-1097,RR Lyrae,21666.800,21666.800,21666.800,0.000,0.000,0.000
demo-1781204896927-1096,AGN,21666.600,21666.600,21666.800,0.000,0.200,0.200
demo-1781204896927-1095,Mira,21666.600,21666.600,21666.600,0.000,0.000,0.000
demo-1781204896911-1094,RR Lyrae,21650.100,21650.100,21650.200,0.000,0.100,0.100
demo-1781204896911-1093,QSO,21650.100,21650.100,21650.100,0.000,0.000,0.000
demo-1781204896910-1092,SN Ia,21650.100,21650.100,21650.100,0.000,0.000,0.000
demo-1781204896910-1091,RR Lyrae,21649.800,21649.900,21650.100,0.100,0.200,0.300
demo-1781204896910-1090,AGN,21649.800,21649.800,21649.800,0.000,0.000,0.000
demo-1781204896910-1089,RR Lyrae,21649.700,21649.700,21649.800,0.000,0.100,0.100
demo-1781204896910-1088,Mira,21649.600,21649.600,21649.700,0.000,0.100,0.100
demo-1781204896910-1087,RR Lyrae,21649.600,21649.600,21649.600,0.000,0.000,0.000
demo-1781204896910-1086,AGN,21649.500,21649.500,21649.600,0.000,0.100,0.100
demo-1781204896894-1085,RR Lyrae,21633.200,21633.200,21633.300,0.000,0.100,0.100
demo-1781204896894-1084,RR Lyrae,21633.200,21633.200,21633.200,0.000,0.000,0.000
demo-1781204896894-1083,Mira,21633.100,21633.100,21633.200,0.000,0.100,0.100
demo-1781204896893-1082,RR Lyrae,21633.000,21633.000,21633.000,0.000,0.000,0.000
demo-1781204896893-1081,SN Ic,21632.900,21632.900,21633.000,0.000,0.100,0.100
demo-1781204896893-1080,Mira,21632.800,21632.800,21632.900,0.000,0.100,0.100
demo-1781204896893-1079,RR Lyrae,21632.800,21632.800,21632.800,0.000,0.000,0.000
demo-1781204896893-1078,AGN,21632.600,21632.700,21632.800,0.100,0.100,0.200
demo-1781204896893-1077,LPV,21632.600,21632.600,21632.600,0.000,0.000,0.000
demo-1781204896877-1076,RR Lyrae,21616.500,21616.500,21616.500,0.000,0.000,0.000
demo-1781204896877-1075,Mira,21616.400,21616.400,21616.500,0.000,0.100,0.100
demo-1781204896877-1074,RR Lyrae,21616.300,21616.300,21616.400,0.000,0.100,0.100
demo-1781204896877-1073,QSO,21616.200,21616.200,21616.300,0.000,0.100,0.100
demo-1781204896877-1072,AGN,21616.100,21616.100,21616.200,0.000,0.100,0.100
demo-1781204896877-1071,RR Lyrae,21616.100,21616.100,21616.100,0.000,0.000,0.000
demo-1781204896876-1070,SN II,21616.000,21616.000,21616.100,0.000,0.100,0.100
demo-1781204896876-1069,Mira,21616.000,21616.000,21616.000,0.000,0.000,0.000
demo-1781204896876-1068,Mira,21615.800,21615.800,21615.900,0.000,0.100,0.100
demo-1781204896860-1067,RR Lyrae,21599.700,21599.700,21599.800,0.000,0.100,0.100
demo-1781204896860-1066,RR Lyrae,21599.600,21599.600,21599.700,0.000,0.100,0.100
demo-1781204896860-1065,RR Lyrae,21599.500,21599.500,21599.600,0.000,0.100,0.100
demo-1781204896860-1064,RR Lyrae,21599.500,21599.500,21599.500,0.000,0.000,0.000
demo-1781204896860-1063,Mira,21599.400,21599.400,21599.500,0.000,0.100,0.100
demo-1781204896860-1062,RR Lyrae,21599.400,21599.400,21599.400,0.000,0.000,0.000
demo-1781204896860-1061,AGN,21599.300,21599.300,21599.400,0.000,0.100,0.100
demo-1781204896860-1060,AGN,21599.300,21599.300,21599.300,0.000,0.000,0.000
demo-1781204896860-1059,Cepheid,21599.200,21599.200,21599.300,0.000,0.100,0.100
demo-1781204896843-1058,AGN,21582.100,21582.100,21582.200,0.000,0.100,0.100
demo-1781204896843-1057,RR Lyrae,21582.100,21582.100,21582.100,0.000,0.000,0.000
demo-1781204896842-1056,Mira,21582.000,21582.000,21582.100,0.000,0.100,0.100
demo-1781204896842-1055,AGN,21582.000,21582.000,21582.000,0.000,0.000,0.000
demo-1781204896842-1054,Unknown,21581.900,21581.900,21582.000,0.000,0.100,0.100
demo-1781204896842-1053,Mira,21581.800,21581.800,21581.900,0.000,0.100,0.100
demo-1781204896842-1052,RR Lyrae,21581.800,21581.800,21581.800,0.000,0.000,0.000
demo-1781204896842-1051,Unknown,21581.700,21581.700,21581.800,0.000,0.100,0.100
demo-1781204896842-1050,RR Lyrae,21581.600,21581.600,21581.700,0.000,0.100,0.100
demo-1781204896832-1049,LPV,21571.400,21571.400,21571.400,0.000,0.000,0.000
demo-1781204896832-1048,AGN,21571.300,21571.300,21571.300,0.000,0.000,0.000
demo-1781204896832-1047,LPV,21571.200,21571.200,21571.300,0.000,0.100,0.100
demo-1781204896832-1046,RR Lyrae,21571.100,21571.200,21571.200,0.100,0.000,0.100
demo-1781204896832-1045,SN Ia,21571.100,21571.100,21571.100,0.000,0.000,0.000
demo-1781204896831-1044,RR Lyrae,21571.000,21571.000,21571.100,0.000,0.100,0.100
demo-1781204896831-1043,RR Lyrae,21570.900,21570.900,21571.000,0.000,0.100,0.100
demo-1781204896831-1042,RR Lyrae,21570.900,21570.900,21570.900,0.000,0.000,0.000
demo-1781204896831-1041,RR Lyrae,21570.800,21570.800,21570.900,0.000,0.100,0.100
demo-1781204896828-1040,RR Lyrae,21567.100,21567.100,21567.100,0.000,0.000,0.000
demo-1781204896827-1039,Unknown,21567.100,21567.100,21567.100,0.000,0.000,0.000
demo-1781204896827-1038,SN Ia,21567.000,21567.000,21567.100,0.000,0.100,0.100
demo-1781204896827-1037,QSO,21567.000,21567.000,21567.000,0.000,0.000,0.000
demo-1781204896827-1036,AGN,21566.900,21566.900,21567.000,0.000,0.100,0.100
demo-1781204896827-1035,SN Ia,21566.800,21566.800,21566.900,0.000,0.100,0.100
demo-1781204896827-1034,LPV,21566.700,21566.700,21566.800,0.000,0.100,0.100
demo-1781204896827-1033,RR Lyrae,21566.600,21566.700,21566.700,0.100,0.000,0.100
demo-1781204896827-1032,RR Lyrae,21566.600,21566.600,21566.600,0.000,0.000,0.000
demo-1781204896744-1031,Cepheid,21483.200,21483.200,21483.300,0.000,0.100,0.100
demo-1781204896744-1030,Cepheid,21483.100,21483.100,21483.200,0.000,0.100,0.100
demo-1781204896743-1029,RR Lyrae,21483.000,21483.000,21483.100,0.000,0.100,0.100
demo-1781204896743-1028,Cepheid,21483.000,21483.000,21483.000,0.000,0.000,0.000
demo-1781204896743-1027,RR Lyrae,21482.800,21482.800,21482.900,0.000,0.100,0.100
demo-1781204896743-1026,AGN,21482.700,21482.700,21482.800,0.000,0.100,0.100
demo-1781204896743-1025,LPV,21482.600,21482.600,21482.700,0.000,0.100,0.100
demo-1781204896743-1024,RR Lyrae,21482.600,21482.600,21482.600,0.000,0.000,0.000
demo-1781204896743-1023,RR Lyrae,21482.500,21482.500,21482.600,0.000,0.100,0.100
demo-1781204896727-1022,RR Lyrae,21466.400,21466.400,21466.400,0.000,0.000,0.000
demo-1781204896727-1021,Mira,21466.400,21466.400,21466.400,0.000,0.000,0.000
demo-1781204896727-1020,Mira,21466.300,21466.300,21466.400,0.000,0.100,0.100
demo-1781204896727-1019,Cepheid,21466.200,21466.200,21466.300,0.000,0.100,0.100
demo-1781204896727-1018,RR Lyrae,21466.100,21466.100,21466.200,0.000,0.100,0.100
demo-1781204896727-1017,LPV,21466.100,21466.100,21466.100,0.000,0.000,0.000
demo-1781204896726-1016,QSO,21466.000,21466.000,21466.100,0.000,0.100,0.100
demo-1781204896726-1015,Unknown,21465.900,21465.900,21466.000,0.000,0.100,0.100
demo-1781204896726-1014,RR Lyrae,21465.900,21465.900,21465.900,0.000,0.000,0.000
demo-1781204896710-1013,AGN,21449.800,21449.900,21449.900,0.100,0.000,0.100
demo-1781204896710-1012,Unknown,21449.800,21449.800,21449.800,0.000,0.000,0.000
demo-1781204896710-1011,SN Ia,21449.700,21449.700,21449.800,0.000,0.100,0.100
demo-1781204896710-1010,SN Ib,21449.700,21449.700,21449.700,0.000,0.000,0.000
demo-1781204896710-1009,LPV,21449.600,21449.600,21449.700,0.000,0.100,0.100
demo-1781204896710-1008,Mira,21449.500,21449.500,21449.600,0.000,0.100,0.100
demo-1781204896710-1007,Mira,21449.500,21449.500,21449.500,0.000,0.000,0.000
demo-1781204896710-1006,RR Lyrae,21449.500,21449.500,21449.500,0.000,0.000,0.000
demo-1781204896710-1005,AGN,21449.400,21449.400,21449.500,0.000,0.100,0.100
demo-1781204896694-1004,AGN,21433.100,21433.100,21433.200,0.000,0.100,0.100
demo-1781204896694-1003,Unknown,21433.100,21433.100,21433.100,0.000,0.000,0.000
demo-1781204896693-1002,RR Lyrae,21432.900,21432.900,21433.100,0.000,0.200,0.200
demo-1781204896693-1001,Unknown,21432.900,21432.900,21432.900,0.000,0.000,0.000
demo-1781204896693-1000,Unknown,21432.900,21432.900,21432.900,0.000,0.000,0.000
demo-1781204896693-999,SN Ia,21432.800,21432.800,21432.900,0.000,0.100,0.100
demo-1781204896693-998,Mira,21432.700,21432.700,21432.800,0.000,0.100,0.100
demo-1781204896693-997,Mira,21432.700,21432.700,21432.700,0.000,0.000,0.000
demo-1781204896693-996,AGN,21432.600,21432.600,21432.700,0.000,0.100,0.100
demo-1781204896677-995,Cepheid,21416.500,21416.500,21416.500,0.000,0.000,0.000
demo-1781204896677-994,RR Lyrae,21416.400,21416.400,21416.500,0.000,0.100,0.100
demo-1781204896677-993,SN Ia,21416.300,21416.300,21416.400,0.000,0.100,0.100
demo-1781204896677-992,Cepheid,21416.300,21416.300,21416.300,0.000,0.000,0.000
demo-1781204896677-991,RR Lyrae,21416.200,21416.200,21416.300,0.000,0.100,0.100
demo-1781204896677-990,RR Lyrae,21416.100,21416.100,21416.200,0.000,0.100,0.100
demo-1781204896677-989,SN II,21416.100,21416.100,21416.100,0.000,0.000,0.000
demo-1781204896676-988,RR Lyrae,21416.000,21416.000,21416.100,0.000,0.100,0.100
demo-1781204896676-987,RR Lyrae,21415.900,21415.900,21416.000,0.000,0.100,0.100
demo-1781204896660-986,AGN,21399.900,21399.900,21400.000,0.000,0.100,0.100
demo-1781204896660-985,AGN,21399.800,21399.800,21399.900,0.000,0.100,0.100
demo-1781204896660-984,Unknown,21399.800,21399.800,21399.800,0.000,0.000,0.000
demo-1781204896660-983,RR Lyrae,21399.700,21399.700,21399.800,0.000,0.100,0.100
demo-1781204896660-982,RR Lyrae,21399.700,21399.700,21399.700,0.000,0.000,0.000
demo-1781204896660-981,RR Lyrae,21399.700,21399.700,21399.700,0.000,0.000,0.000
demo-1781204896660-980,Mira,21399.600,21399.600,21399.700,0.000,0.100,0.100
demo-1781204896660-979,AGN,21399.500,21399.500,21399.600,0.000,0.100,0.100
demo-1781204896660-978,Mira,21399.400,21399.400,21399.500,0.000,0.100,0.100
demo-1781204896644-977,RR Lyrae,21383.400,21383.400,21383.400,0.000,0.000,0.000
demo-1781204896644-976,SN Ia,21383.300,21383.300,21383.400,0.000,0.100,0.100
demo-1781204896644-975,SN II,21383.300,21383.300,21383.300,0.000,0.000,0.000
demo-1781204896644-974,RR Lyrae,21383.200,21383.200,21383.200,0.000,0.000,0.000
demo-1781204896644-973,RR Lyrae,21383.100,21383.100,21383.200,0.000,0.100,0.100
demo-1781204896643-972,RR Lyrae,21383.000,21383.000,21383.100,0.000,0.100,0.100
demo-1781204896643-971,QSO,21383.000,21383.000,21383.000,0.000,0.000,0.000
demo-1781204896643-970,RR Lyrae,21382.900,21382.900,21383.000,0.000,0.100,0.100
demo-1781204896643-969,LPV,21382.700,21382.700,21382.900,0.000,0.200,0.200
demo-1781204896627-968,AGN,21366.700,21366.700,21366.800,0.000,0.100,0.100
demo-1781204896627-967,AGN,21366.700,21366.700,21366.700,0.000,0.000,0.000
demo-1781204896627-966,AGN,21366.600,21366.600,21366.600,0.000,0.000,0.000
demo-1781204896627-965,Unknown,21366.500,21366.500,21366.600,0.000,0.100,0.100
demo-1781204896627-964,RR Lyrae,21366.300,21366.300,21366.500,0.000,0.200,0.200
demo-1781204896627-963,LPV,21366.300,21366.300,21366.300,0.000,0.000,0.000
demo-1781204896627-962,Mira,21366.200,21366.200,21366.300,0.000,0.100,0.100
demo-1781204896627-961,AGN,21366.100,21366.100,21366.200,0.000,0.100,0.100
demo-1781204896626-960,RR Lyrae,21366.000,21366.000,21366.100,0.000,0.100,0.100
demo-1781204896610-959,AGN,21349.800,21349.800,21349.800,0.000,0.000,0.000
demo-1781204896610-958,Mira,21349.700,21349.700,21349.800,0.000,0.100,0.100
demo-1781204896610-957,RR Lyrae,21349.600,21349.600,21349.700,0.000,0.100,0.100
demo-1781204896610-956,Unknown,21349.500,21349.500,21349.600,0.000,0.100,0.100
demo-1781204896610-955,RR Lyrae,21349.400,21349.400,21349.500,0.000,0.100,0.100
demo-1781204896610-954,RR Lyrae,21349.400,21349.400,21349.400,0.000,0.000,0.000
demo-1781204896610-953,RR Lyrae,21349.300,21349.300,21349.400,0.000,0.100,0.100
demo-1781204896610-952,RR Lyrae,21349.300,21349.300,21349.300,0.000,0.000,0.000
demo-1781204896610-951,RR Lyrae,21349.100,21349.100,21349.300,0.000,0.200,0.200
demo-1781204896594-950,AGN,21333.100,21333.100,21333.100,0.000,0.000,0.000
demo-1781204896593-949,RR Lyrae,21333.000,21333.000,21333.100,0.000,0.100,0.100
demo-1781204896593-948,LPV,21333.000,21333.000,21333.000,0.000,0.000,0.000
demo-1781204896593-947,Unknown,21332.800,21332.800,21333.000,0.000,0.200,0.200
demo-1781204896593-946,RR Lyrae,21332.800,21332.800,21332.800,0.000,0.000,0.000
demo-1781204896593-945,LPV,21332.800,21332.800,21332.800,0.000,0.000,0.000
demo-1781204896593-944,Mira,21332.700,21332.700,21332.800,0.000,0.100,0.100
demo-1781204896593-943,Mira,21332.600,21332.600,21332.700,0.000,0.100,0.100
demo-1781204896593-942,Mira,21332.500,21332.500,21332.600,0.000,0.100,0.100
demo-1781204896582-941,RR Lyrae,21321.900,21321.900,21321.900,0.000,0.000,0.000
demo-1781204896582-940,RR Lyrae,21321.700,21321.700,21321.900,0.000,0.200,0.200
demo-1781204896582-939,SN Ia,21321.600,21321.600,21321.700,0.000,0.100,0.100
demo-1781204896582-938,RR Lyrae,21321.600,21321.600,21321.600,0.000,0.000,0.000
demo-1781204896582-937,RR Lyrae,21321.600,21321.600,21321.600,0.000,0.000,0.000
demo-1781204896582-936,SN Ic,21321.500,21321.500,21321.600,0.000,0.100,0.100
demo-1781204896582-935,AGN,21321.400,21321.400,21321.500,0.000,0.100,0.100
demo-1781204896582-934,RR Lyrae,21321.400,21321.400,21321.400,0.000,0.000,0.000
demo-1781204896582-933,RR Lyrae,21321.300,21321.300,21321.300,0.000,0.000,0.000
demo-1781204896578-932,AGN,21317.900,21317.900,21318.000,0.000,0.100,0.100
demo-1781204896578-931,Mira,21317.900,21317.900,21317.900,0.000,0.000,0.000
demo-1781204896578-930,Cepheid,21317.800,21317.800,21317.900,0.000,0.100,0.100
demo-1781204896578-929,RR Lyrae,21317.800,21317.800,21317.800,0.000,0.000,0.000
demo-1781204896578-928,LPV,21317.700,21317.700,21317.700,0.000,0.000,0.000
demo-1781204896578-927,RR Lyrae,21317.600,21317.600,21317.700,0.000,0.100,0.100
demo-1781204896578-926,Unknown,21317.600,21317.600,21317.600,0.000,0.000,0.000
demo-1781204896578-925,Mira,21317.500,21317.500,21317.600,0.000,0.100,0.100
demo-1781204896578-924,RR Lyrae,21317.400,21317.400,21317.500,0.000,0.100,0.100
demo-1781204896494-923,RR Lyrae,21233.200,21233.200,21233.200,0.000,0.000,0.000
demo-1781204896494-922,Mira,21233.100,21233.100,21233.200,0.000,0.100,0.100
demo-1781204896493-921,Mira,21233.000,21233.000,21233.100,0.000,0.100,0.100
demo-1781204896493-920,RR Lyrae,21232.900,21232.900,21233.000,0.000,0.100,0.100
demo-1781204896493-919,AGN,21232.900,21232.900,21232.900,0.000,0.000,0.000
demo-1781204896493-918,SN II,21232.800,21232.800,21232.900,0.000,0.100,0.100
demo-1781204896493-917,RR Lyrae,21232.700,21232.700,21232.800,0.000,0.100,0.100
demo-1781204896493-916,SN II,21232.700,21232.700,21232.700,0.000,0.000,0.000
demo-1781204896493-915,LPV,21232.600,21232.600,21232.700,0.000,0.100,0.100
demo-1781204896477-914,LPV,21216.400,21216.400,21216.400,0.000,0.000,0.000
demo-1781204896477-913,AGN,21216.300,21216.300,21216.400,0.000,0.100,0.100
demo-1781204896477-912,AGN,21216.200,21216.200,21216.300,0.000,0.100,0.100
demo-1781204896477-911,RR Lyrae,21216.100,21216.100,21216.200,0.000,0.100,0.100
demo-1781204896477-910,Mira,21216.100,21216.100,21216.100,0.000,0.000,0.000
demo-1781204896476-909,RR Lyrae,21216.000,21216.000,21216.100,0.000,0.100,0.100
demo-1781204896476-908,AGN,21216.000,21216.000,21216.000,0.000,0.000,0.000
demo-1781204896476-907,RR Lyrae,21215.900,21215.900,21216.000,0.000,0.100,0.100
demo-1781204896476-906,RR Lyrae,21215.800,21215.800,21215.900,0.000,0.100,0.100
demo-1781204896460-905,Cepheid,21199.600,21199.600,21199.700,0.000,0.100,0.100
demo-1781204896460-904,AGN,21199.600,21199.600,21199.600,0.000,0.000,0.000
demo-1781204896460-903,Mira,21199.500,21199.500,21199.600,0.000,0.100,0.100
demo-1781204896460-902,AGN,21199.500,21199.500,21199.500,0.000,0.000,0.000
demo-1781204896460-901,RR Lyrae,21199.500,21199.500,21199.500,0.000,0.000,0.000
demo-1781204896460-900,AGN,21199.400,21199.400,21199.500,0.000,0.100,0.100
demo-1781204896460-899,Cepheid,21199.300,21199.300,21199.400,0.000,0.100,0.100
demo-1781204896460-898,RR Lyrae,21199.300,21199.300,21199.300,0.000,0.000,0.000
demo-1781204896460-897,RR Lyrae,21199.100,21199.100,21199.300,0.000,0.200,0.200
demo-1781204896444-896,RR Lyrae,21183.100,21183.100,21183.100,0.000,0.000,0.000
demo-1781204896443-895,Cepheid,21183.100,21183.100,21183.100,0.000,0.000,0.000
demo-1781204896443-894,RR Lyrae,21183.000,21183.000,21183.000,0.000,0.000,0.000
demo-1781204896443-893,LPV,21182.900,21182.900,21183.000,0.000,0.100,0.100
demo-1781204896443-892,RR Lyrae,21182.800,21182.800,21182.900,0.000,0.100,0.100
demo-1781204896443-891,AGN,21182.800,21182.800,21182.800,0.000,0.000,0.000
demo-1781204896443-890,RR Lyrae,21182.700,21182.700,21182.800,0.000,0.100,0.100
demo-1781204896443-889,Mira,21182.700,21182.700,21182.700,0.000,0.000,0.000
demo-1781204896443-888,SN II,21182.600,21182.600,21182.700,0.000,0.100,0.100
demo-1781204896427-887,Unknown,21166.400,21166.400,21166.500,0.000,0.100,0.100
demo-1781204896427-886,RR Lyrae,21166.400,21166.400,21166.400,0.000,0.000,0.000
demo-1781204896427-885,SN Ic,21166.300,21166.300,21166.300,0.000,0.000,0.000
demo-1781204896427-884,AGN,21166.300,21166.300,21166.300,0.000,0.000,0.000
demo-1781204896427-883,QSO,21166.200,21166.200,21166.300,0.000,0.100,0.100
demo-1781204896427-882,LPV,21166.100,21166.100,21166.200,0.000,0.100,0.100
demo-1781204896426-881,QSO,21166.100,21166.100,21166.100,0.000,0.000,0.000
demo-1781204896426-880,AGN,21165.900,21165.900,21166.100,0.000,0.200,0.200
demo-1781204896426-879,RR Lyrae,21165.900,21165.900,21165.900,0.000,0.000,0.000
demo-1781204896410-878,AGN,21149.900,21149.900,21149.900,0.000,0.000,0.000
demo-1781204896410-877,AGN,21149.900,21149.900,21149.900,0.000,0.000,0.000
demo-1781204896410-876,SN Ia,21149.800,21149.800,21149.900,0.000,0.100,0.100
demo-1781204896410-875,LPV,21149.800,21149.800,21149.800,0.000,0.000,0.000
demo-1781204896410-874,AGN,21149.700,21149.700,21149.700,0.000,0.000,0.000
demo-1781204896410-873,RR Lyrae,21149.600,21149.600,21149.700,0.000,0.100,0.100
demo-1781204896410-872,Mira,21149.500,21149.500,21149.600,0.000,0.100,0.100
demo-1781204896410-871,AGN,21149.400,21149.400,21149.500,0.000,0.100,0.100
demo-1781204896410-870,RR Lyrae,21149.300,21149.300,21149.400,0.000,0.100,0.100
demo-1781204896394-869,RR Lyrae,21133.200,21133.200,21133.200,0.000,0.000,0.000
demo-1781204896394-868,RR Lyrae,21133.100,21133.100,21133.200,0.000,0.100,0.100
demo-1781204896394-867,AGN,21133.000,21133.000,21133.100,0.000,0.100,0.100
demo-1781204896393-866,RR Lyrae,21133.000,21133.000,21133.000,0.000,0.000,0.000
demo-1781204896393-865,RR Lyrae,21133.000,21133.000,21133.000,0.000,0.000,0.000
demo-1781204896393-864,Mira,21132.800,21132.800,21133.000,0.000,0.200,0.200
demo-1781204896393-863,AGN,21132.800,21132.800,21132.800,0.000,0.000,0.000
demo-1781204896393-862,Cepheid,21132.800,21132.800,21132.800,0.000,0.000,0.000
demo-1781204896393-861,RR Lyrae,21132.600,21132.600,21132.800,0.000,0.200,0.200
demo-1781204896377-860,QSO,21116.800,21116.800,21116.800,0.000,0.000,0.000
demo-1781204896377-859,Mira,21116.700,21116.700,21116.800,0.000,0.100,0.100
demo-1781204896377-858,RR Lyrae,21116.600,21116.600,21116.700,0.000,0.100,0.100
demo-1781204896377-857,SN Ia,21116.600,21116.600,21116.600,0.000,0.000,0.000
demo-1781204896377-856,RR Lyrae,21116.500,21116.500,21116.600,0.000,0.100,0.100
demo-1781204896377-855,AGN,21116.400,21116.400,21116.500,0.000,0.100,0.100
demo-1781204896377-854,SN Ia,21116.400,21116.400,21116.400,0.000,0.000,0.000
demo-1781204896377-853,RR Lyrae,21116.300,21116.300,21116.400,0.000,0.100,0.100
demo-1781204896377-852,RR Lyrae,21116.200,21116.200,21116.300,0.000,0.100,0.100
demo-1781204896360-851,RR Lyrae,21100.000,21100.000,21100.100,0.000,0.100,0.100
demo-1781204896360-850,AGN,21100.000,21100.000,21100.000,0.000,0.000,0.000
demo-1781204896360-849,RR Lyrae,21099.900,21099.900,21100.000,0.000,0.100,0.100
demo-1781204896360-848,RR Lyrae,21099.800,21099.800,21099.900,0.000,0.100,0.100
demo-1781204896360-847,AGN,21099.700,21099.700,21099.800,0.000,0.100,0.100
demo-1781204896360-846,RR Lyrae,21099.600,21099.600,21099.700,0.000,0.100,0.100
demo-1781204896360-845,SN Ib,21099.500,21099.500,21099.600,0.000,0.100,0.100
demo-1781204896360-844,RR Lyrae,21099.500,21099.500,21099.500,0.000,0.000,0.000
demo-1781204896360-843,RR Lyrae,21099.400,21099.400,21099.500,0.000,0.100,0.100
demo-1781204896344-842,Mira,21083.100,21083.100,21083.200,0.000,0.100,0.100
demo-1781204896344-841,Unknown,21083.100,21083.100,21083.100,0.000,0.000,0.000
demo-1781204896343-840,Cepheid,21083.000,21083.000,21083.100,0.000,0.100,0.100
demo-1781204896343-839,LPV,21082.900,21082.900,21082.900,0.000,0.000,0.000
demo-1781204896343-838,SN Ia,21082.900,21082.900,21082.900,0.000,0.000,0.000
demo-1781204896343-837,Mira,21082.800,21082.800,21082.900,0.000,0.100,0.100
demo-1781204896343-836,RR Lyrae,21082.700,21082.700,21082.800,0.000,0.100,0.100
demo-1781204896343-835,RR Lyrae,21082.700,21082.700,21082.700,0.000,0.000,0.000
demo-1781204896343-834,LPV,21082.500,21082.500,21082.600,0.000,0.100,0.100
demo-1781204896337-833,RR Lyrae,21076.100,21076.100,21076.200,0.000,0.100,0.100
demo-1781204896336-832,AGN,21076.100,21076.100,21076.100,0.000,0.000,0.000
demo-1781204896336-831,SN Ia,21076.000,21076.000,21076.100,0.000,0.100,0.100
demo-1781204896336-830,AGN,21076.000,21076.000,21076.000,0.000,0.000,0.000
demo-1781204896336-829,AGN,21075.800,21075.800,21076.000,0.000,0.200,0.200
demo-1781204896336-828,SN Ia,21075.800,21075.800,21075.800,0.000,0.000,0.000
demo-1781204896336-827,Cepheid,21075.800,21075.800,21075.800,0.000,0.000,0.000
demo-1781204896335-826,LPV,21075.700,21075.700,21075.700,0.000,0.000,0.000
demo-1781204896335-825,SN II,21074.300,21074.300,21074.300,0.000,0.000,0.000
demo-1781204896331-824,Mira,21070.200,21070.200,21070.200,0.000,0.000,0.000
demo-1781204896331-823,Cepheid,21070.200,21070.200,21070.200,0.000,0.000,0.000
demo-1781204896331-822,RR Lyrae,21070.100,21070.100,21070.200,0.000,0.100,0.100
demo-1781204896330-821,Mira,21070.100,21070.100,21070.100,0.000,0.000,0.000
demo-1781204896330-820,Mira,21069.900,21069.900,21070.100,0.000,0.200,0.200
demo-1781204896330-819,RR Lyrae,21069.900,21069.900,21069.900,0.000,0.000,0.000
demo-1781204896330-818,QSO,21069.800,21069.800,21069.900,0.000,0.100,0.100
demo-1781204896330-817,Unknown,21069.700,21069.700,21069.800,0.000,0.100,0.100
demo-1781204896330-816,Cepheid,21069.600,21069.600,21069.700,0.000,0.100,0.100
demo-1781204896244-815,AGN,20983.300,20983.400,20983.500,0.100,0.100,0.200
demo-1781204896244-814,Unknown,20983.300,20983.300,20983.300,0.000,0.000,0.000
demo-1781204896244-813,RR Lyrae,20983.200,20983.300,20983.300,0.100,0.000,0.100
demo-1781204896244-812,SN II,20983.200,20983.200,20983.200,0.000,0.000,0.000
demo-1781204896244-811,LPV,20983.100,20983.100,20983.200,0.000,0.100,0.100
demo-1781204896243-810,RR Lyrae,20983.000,20983.000,20983.100,0.000,0.100,0.100
demo-1781204896243-809,RR Lyrae,20982.900,20982.900,20983.000,0.000,0.100,0.100
demo-1781204896243-808,SN II,20982.800,20982.800,20982.900,0.000,0.100,0.100
demo-1781204896243-807,LPV,20982.700,20982.800,20982.800,0.100,0.000,0.100
demo-1781204896228-806,RR Lyrae,20967.200,20967.200,20967.200,0.000,0.000,0.000
demo-1781204896227-805,Mira,20967.000,20967.000,20967.200,0.000,0.200,0.200
demo-1781204896227-804,SN Ia,20966.900,20966.900,20967.000,0.000,0.100,0.100
demo-1781204896227-803,AGN,20966.800,20966.800,20966.900,0.000,0.100,0.100
demo-1781204896227-802,SN II,20966.600,20966.600,20966.800,0.000,0.200,0.200
demo-1781204896227-801,Mira,20966.600,20966.600,20966.600,0.000,0.000,0.000
demo-1781204896227-800,RR Lyrae,20966.500,20966.500,20966.600,0.000,0.100,0.100
demo-1781204896227-799,RR Lyrae,20966.400,20966.400,20966.500,0.000,0.100,0.100
demo-1781204896227-798,AGN,20966.300,20966.300,20966.300,0.000,0.000,0.000
demo-1781204896210-797,Unknown,20949.900,20949.900,20950.000,0.000,0.100,0.100
demo-1781204896210-796,QSO,20949.800,20949.900,20949.900,0.100,0.000,0.100
demo-1781204896210-795,AGN,20949.800,20949.800,20949.800,0.000,0.000,0.000
demo-1781204896210-794,SN Ia,20949.700,20949.700,20949.800,0.000,0.100,0.100
demo-1781204896210-793,SN II,20949.600,20949.600,20949.700,0.000,0.100,0.100
demo-1781204896210-792,Mira,20949.600,20949.600,20949.600,0.000,0.000,0.000
demo-1781204896210-791,AGN,20949.400,20949.400,20949.600,0.000,0.200,0.200
demo-1781204896210-790,LPV,20949.400,20949.400,20949.400,0.000,0.000,0.000
demo-1781204896210-789,RR Lyrae,20949.300,20949.300,20949.400,0.000,0.100,0.100
demo-1781204896194-788,LPV,20933.500,20933.500,20933.500,0.000,0.000,0.000
demo-1781204896194-787,RR Lyrae,20933.400,20933.400,20933.500,0.000,0.100,0.100
demo-1781204896194-786,Cepheid,20933.300,20933.300,20933.400,0.000,0.100,0.100
demo-1781204896194-785,Cepheid,20933.200,20933.200,20933.300,0.000,0.100,0.100
demo-1781204896194-784,Mira,20933.200,20933.200,20933.200,0.000,0.000,0.000
demo-1781204896194-783,AGN,20933.100,20933.100,20933.200,0.000,0.100,0.100
demo-1781204896193-782,Cepheid,20933.000,20933.000,20933.100,0.000,0.100,0.100
demo-1781204896193-781,SN Ia,20933.000,20933.000,20933.000,0.000,0.000,0.000
demo-1781204896193-780,SN II,20932.800,20932.800,20933.000,0.000,0.200,0.200
demo-1781204896177-779,LPV,20916.500,20916.600,20916.700,0.100,0.100,0.200
demo-1781204896177-778,QSO,20916.500,20916.500,20916.500,0.000,0.000,0.000
demo-1781204896177-777,SN II,20916.500,20916.500,20916.500,0.000,0.000,0.000
demo-1781204896177-776,LPV,20916.400,20916.400,20916.500,0.000,0.100,0.100
demo-1781204896177-775,SN II,20916.400,20916.400,20916.400,0.000,0.000,0.000
demo-1781204896177-774,RR Lyrae,20916.300,20916.300,20916.400,0.000,0.100,0.100
demo-1781204896177-773,RR Lyrae,20916.200,20916.200,20916.300,0.000,0.100,0.100
demo-1781204896177-772,SN Ia,20916.200,20916.200,20916.200,0.000,0.000,0.000
demo-1781204896176-771,RR Lyrae,20915.900,20915.900,20916.100,0.000,0.200,0.200
demo-1781204896161-770,AGN,20900.100,20900.100,20900.200,0.000,0.100,0.100
demo-1781204896160-769,LPV,20900.000,20900.000,20900.100,0.000,0.100,0.100
demo-1781204896160-768,RR Lyrae,20900.000,20900.000,20900.000,0.000,0.000,0.000
demo-1781204896160-767,RR Lyrae,20899.900,20899.900,20899.900,0.000,0.000,0.000
demo-1781204896160-766,AGN,20899.800,20899.800,20899.900,0.000,0.100,0.100
demo-1781204896160-765,AGN,20899.700,20899.800,20899.800,0.100,0.000,0.100
demo-1781204896160-764,RR Lyrae,20899.600,20899.600,20899.700,0.000,0.100,0.100
demo-1781204896160-763,AGN,20899.600,20899.600,20899.600,0.000,0.000,0.000
demo-1781204896160-762,RR Lyrae,20899.400,20899.400,20899.600,0.000,0.200,0.200
demo-1781204896144-761,Mira,20883.400,20883.400,20883.500,0.000,0.100,0.100
demo-1781204896144-760,SN Ia,20883.300,20883.300,20883.400,0.000,0.100,0.100
demo-1781204896144-759,RR Lyrae,20883.300,20883.300,20883.300,0.000,0.000,0.000
demo-1781204896144-758,RR Lyrae,20883.300,20883.300,20883.300,0.000,0.000,0.000
demo-1781204896144-757,AGN,20883.200,20883.200,20883.200,0.000,0.000,0.000
demo-1781204896144-756,Mira,20883.100,20883.100,20883.200,0.000,0.100,0.100
demo-1781204896144-755,LPV,20883.100,20883.100,20883.100,0.000,0.000,0.000
demo-1781204896143-754,QSO,20883.000,20883.000,20883.100,0.000,0.100,0.100
demo-1781204896143-753,Mira,20882.900,20882.900,20883.000,0.000,0.100,0.100
demo-1781204896127-752,AGN,20867.000,20867.000,20867.100,0.000,0.100,0.100
demo-1781204896127-751,AGN,20867.000,20867.000,20867.000,0.000,0.000,0.000
demo-1781204896127-750,Cepheid,20866.800,20866.800,20867.000,0.000,0.200,0.200
demo-1781204896127-749,Mira,20866.800,20866.800,20866.800,0.000,0.000,0.000
demo-1781204896127-748,SN II,20866.700,20866.700,20866.700,0.000,0.000,0.000
demo-1781204896127-747,LPV,20866.600,20866.600,20866.700,0.000,0.100,0.100
demo-1781204896127-746,Mira,20866.600,20866.600,20866.600,0.000,0.000,0.000
demo-1781204896127-745,Mira,20866.500,20866.500,20866.600,0.000,0.100,0.100
demo-1781204896127-744,RR Lyrae,20866.400,20866.400,20866.500,0.000,0.100,0.100
demo-1781204896110-743,RR Lyrae,20849.900,20849.900,20850.000,0.000,0.100,0.100
demo-1781204896110-742,LPV,20849.900,20849.900,20849.900,0.000,0.000,0.000
demo-1781204896110-741,RR Lyrae,20849.800,20849.800,20849.800,0.000,0.000,0.000
demo-1781204896110-740,RR Lyrae,20849.700,20849.700,20849.800,0.000,0.100,0.100
demo-1781204896110-739,Mira,20849.600,20849.600,20849.700,0.000,0.100,0.100
demo-1781204896110-738,SN Ia,20849.600,20849.600,20849.600,0.000,0.000,0.000
demo-1781204896110-737,Mira,20849.500,20849.500,20849.600,0.000,0.100,0.100
demo-1781204896110-736,Mira,20849.400,20849.400,20849.500,0.000,0.100,0.100
demo-1781204896110-735,Mira,20849.300,20849.300,20849.400,0.000,0.100,0.100
demo-1781204896093-734,RR Lyrae,20833.100,20833.100,20833.100,0.000,0.000,0.000
demo-1781204896093-733,LPV,20833.000,20833.000,20833.100,0.000,0.100,0.100
demo-1781204896093-732,RR Lyrae,20833.000,20833.000,20833.000,0.000,0.000,0.000
demo-1781204896093-731,RR Lyrae,20832.900,20832.900,20833.000,0.000,0.100,0.100
demo-1781204896093-730,RR Lyrae,20832.700,20832.700,20832.900,0.000,0.200,0.200
demo-1781204896093-729,RR Lyrae,20832.700,20832.700,20832.700,0.000,0.000,0.000
demo-1781204896093-728,RR Lyrae,20832.700,20832.700,20832.700,0.000,0.000,0.000
demo-1781204896093-727,Mira,20832.600,20832.600,20832.700,0.000,0.100,0.100
demo-1781204896093-726,Unknown,20832.500,20832.500,20832.600,0.000,0.100,0.100
demo-1781204896086-725,RR Lyrae,20825.700,20825.700,20825.800,0.000,0.100,0.100
demo-1781204896086-724,RR Lyrae,20825.700,20825.700,20825.700,0.000,0.000,0.000
demo-1781204896086-723,QSO,20825.600,20825.600,20825.700,0.000,0.100,0.100
demo-1781204896086-722,QSO,20825.600,20825.600,20825.600,0.000,0.000,0.000
demo-1781204896086-721,SN II,20825.500,20825.500,20825.600,0.000,0.100,0.100
demo-1781204896086-720,RR Lyrae,20825.400,20825.400,20825.500,0.000,0.100,0.100
demo-1781204896086-719,LPV,20825.400,20825.400,20825.400,0.000,0.000,0.000
demo-1781204896086-718,RR Lyrae,20825.300,20825.300,20825.400,0.000,0.100,0.100
demo-1781204896086-717,RR Lyrae,20825.300,20825.300,20825.300,0.000,0.000,0.000
demo-1781204896083-716,AGN,20822.200,20822.200,20822.300,0.000,0.100,0.100
demo-1781204896083-715,RR Lyrae,20822.200,20822.200,20822.200,0.000,0.000,0.000
demo-1781204896083-714,QSO,20822.100,20822.100,20822.200,0.000,0.100,0.100
demo-1781204896082-713,RR Lyrae,20822.000,20822.000,20822.100,0.000,0.100,0.100
demo-1781204896082-712,Mira,20822.000,20822.000,20822.000,0.000,0.000,0.000
demo-1781204896082-711,RR Lyrae,20821.900,20821.900,20822.000,0.000,0.100,0.100
demo-1781204896082-710,AGN,20821.800,20821.800,20821.900,0.000,0.100,0.100
demo-1781204896082-709,Mira,20821.800,20821.800,20821.800,0.000,0.000,0.000
demo-1781204896082-708,RR Lyrae,20821.700,20821.700,20821.800,0.000,0.100,0.100
demo-1781204895994-707,Mira,20733.200,20733.200,20733.200,0.000,0.000,0.000
demo-1781204895994-706,AGN,20733.100,20733.100,20733.200,0.000,0.100,0.100
demo-1781204895993-705,SN Ia,20733.000,20733.000,20733.100,0.000,0.100,0.100
demo-1781204895993-704,QSO,20733.000,20733.000,20733.000,0.000,0.000,0.000
demo-1781204895993-703,Cepheid,20733.000,20733.000,20733.000,0.000,0.000,0.000
demo-1781204895993-702,Unknown,20732.800,20732.900,20732.900,0.100,0.000,0.100
demo-1781204895993-701,QSO,20732.800,20732.800,20732.800,0.000,0.000,0.000
demo-1781204895993-700,AGN,20732.700,20732.700,20732.800,0.000,0.100,0.100
demo-1781204895993-699,SN II,20732.600,20732.600,20732.700,0.000,0.100,0.100
demo-1781204895977-698,AGN,20716.700,20716.700,20716.800,0.000,0.100,0.100
demo-1781204895977-697,RR Lyrae,20716.700,20716.700,20716.700,0.000,0.000,0.000
demo-1781204895977-696,RR Lyrae,20716.600,20716.600,20716.700,0.000,0.100,0.100
demo-1781204895977-695,RR Lyrae,20716.500,20716.500,20716.600,0.000,0.100,0.100
demo-1781204895977-694,RR Lyrae,20716.400,20716.400,20716.500,0.000,0.100,0.100
demo-1781204895977-693,AGN,20716.300,20716.300,20716.400,0.000,0.100,0.100
demo-1781204895977-692,Mira,20716.300,20716.300,20716.300,0.000,0.000,0.000
demo-1781204895977-691,AGN,20716.200,20716.200,20716.300,0.000,0.100,0.100
demo-1781204895976-690,RR Lyrae,20716.100,20716.100,20716.200,0.000,0.100,0.100
demo-1781204895961-689,AGN,20700.000,20700.000,20700.200,0.000,0.200,0.200
demo-1781204895960-688,QSO,20699.900,20699.900,20700.000,0.000,0.100,0.100
demo-1781204895960-687,AGN,20699.900,20699.900,20699.900,0.000,0.000,0.000
demo-1781204895960-686,Mira,20699.800,20699.800,20699.900,0.000,0.100,0.100
demo-1781204895960-685,SN Ia,20699.700,20699.700,20699.800,0.000,0.100,0.100
demo-1781204895960-684,RR Lyrae,20699.700,20699.700,20699.700,0.000,0.000,0.000
demo-1781204895960-683,RR Lyrae,20699.600,20699.600,20699.700,0.000,0.100,0.100
demo-1781204895960-682,Unknown,20699.500,20699.500,20699.600,0.000,0.100,0.100
demo-1781204895960-681,AGN,20699.400,20699.400,20699.500,0.000,0.100,0.100
demo-1781204895943-680,Cepheid,20682.900,20682.900,20683.100,0.000,0.200,0.200
demo-1781204895943-679,RR Lyrae,20682.900,20682.900,20682.900,0.000,0.000,0.000
demo-1781204895943-678,RR Lyrae,20682.900,20682.900,20682.900,0.000,0.000,0.000
demo-1781204895943-677,AGN,20682.800,20682.800,20682.900,0.000,0.100,0.100
demo-1781204895943-676,AGN,20682.700,20682.700,20682.800,0.000,0.100,0.100
demo-1781204895943-675,Mira,20682.700,20682.700,20682.700,0.000,0.000,0.000
demo-1781204895943-674,RR Lyrae,20682.600,20682.600,20682.700,0.000,0.100,0.100
demo-1781204895943-673,Unknown,20682.600,20682.600,20682.600,0.000,0.000,0.000
demo-1781204895943-672,Mira,20682.500,20682.500,20682.600,0.000,0.100,0.100
demo-1781204895927-671,AGN,20666.300,20666.300,20666.300,0.000,0.000,0.000
demo-1781204895927-670,Cepheid,20666.300,20666.300,20666.300,0.000,0.000,0.000
demo-1781204895927-669,AGN,20666.100,20666.100,20666.300,0.000,0.200,0.200
demo-1781204895927-668,Cepheid,20666.100,20666.100,20666.100,0.000,0.000,0.000
demo-1781204895926-667,Mira,20666.000,20666.000,20666.100,0.000,0.100,0.100
demo-1781204895926-666,Mira,20666.000,20666.000,20666.000,0.000,0.000,0.000
demo-1781204895926-665,AGN,20665.900,20665.900,20666.000,0.000,0.100,0.100
demo-1781204895926-664,RR Lyrae,20665.900,20665.900,20665.900,0.000,0.000,0.000
demo-1781204895926-663,RR Lyrae,20665.800,20665.800,20665.900,0.000,0.100,0.100
demo-1781204895910-662,SN II,20649.700,20649.700,20649.700,0.000,0.000,0.000
demo-1781204895910-661,RR Lyrae,20649.700,20649.700,20649.700,0.000,0.000,0.000
demo-1781204895910-660,SN Ib,20649.600,20649.600,20649.700,0.000,0.100,0.100
demo-1781204895910-659,SN Ia,20649.600,20649.600,20649.600,0.000,0.000,0.000
demo-1781204895910-658,RR Lyrae,20649.500,20649.500,20649.600,0.000,0.100,0.100
demo-1781204895910-657,RR Lyrae,20649.500,20649.500,20649.500,0.000,0.000,0.000
demo-1781204895910-656,Unknown,20649.400,20649.400,20649.500,0.000,0.100,0.100
demo-1781204895910-655,Unknown,20649.400,20649.400,20649.400,0.000,0.000,0.000
demo-1781204895910-654,RR Lyrae,20649.200,20649.200,20649.300,0.000,0.100,0.100
demo-1781204895894-653,RR Lyrae,20633.100,20633.100,20633.200,0.000,0.100,0.100
demo-1781204895894-652,Cepheid,20633.100,20633.100,20633.100,0.000,0.000,0.000
demo-1781204895893-651,Mira,20633.100,20633.100,20633.100,0.000,0.000,0.000
demo-1781204895893-650,RR Lyrae,20633.000,20633.000,20633.100,0.000,0.100,0.100
demo-1781204895893-649,QSO,20632.900,20632.900,20633.000,0.000,0.100,0.100
demo-1781204895893-648,Mira,20632.900,20632.900,20632.900,0.000,0.000,0.000
demo-1781204895893-647,QSO,20632.800,20632.800,20632.900,0.000,0.100,0.100
demo-1781204895893-646,RR Lyrae,20632.800,20632.800,20632.800,0.000,0.000,0.000
demo-1781204895893-645,Mira,20632.600,20632.600,20632.800,0.000,0.200,0.200
demo-1781204895877-644,RR Lyrae,20616.500,20616.500,20616.600,0.000,0.100,0.100
demo-1781204895877-643,AGN,20616.500,20616.500,20616.500,0.000,0.000,0.000
demo-1781204895877-642,AGN,20616.400,20616.400,20616.500,0.000,0.100,0.100
demo-1781204895877-641,RR Lyrae,20616.300,20616.300,20616.400,0.000,0.100,0.100
demo-1781204895877-640,QSO,20616.300,20616.300,20616.300,0.000,0.000,0.000
demo-1781204895877-639,LPV,20616.200,20616.200,20616.300,0.000,0.100,0.100
demo-1781204895877-638,LPV,20616.200,20616.200,20616.200,0.000,0.000,0.000
demo-1781204895877-637,Mira,20616.100,20616.100,20616.200,0.000,0.100,0.100
demo-1781204895876-636,SN II,20616.000,20616.000,20616.100,0.000,0.100,0.100
demo-1781204895860-635,Unknown,20599.700,20599.700,20599.700,0.000,0.000,0.000
demo-1781204895860-634,AGN,20599.700,20599.700,20599.700,0.000,0.000,0.000
demo-1781204895860-633,Unknown,20599.600,20599.600,20599.700,0.000,0.100,0.100
demo-1781204895860-632,Unknown,20599.500,20599.500,20599.600,0.000,0.100,0.100
demo-1781204895860-631,SN Ic,20599.500,20599.500,20599.500,0.000,0.000,0.000
demo-1781204895860-630,LPV,20599.400,20599.400,20599.500,0.000,0.100,0.100
demo-1781204895860-629,SN Ia,20599.300,20599.300,20599.400,0.000,0.100,0.100
demo-1781204895860-628,Mira,20599.300,20599.300,20599.300,0.000,0.000,0.000
demo-1781204895860-627,Unknown,20599.200,20599.200,20599.300,0.000,0.100,0.100
demo-1781204895843-626,SN Ib,20582.900,20582.900,20583.100,0.000,0.200,0.200
demo-1781204895843-625,AGN,20582.800,20582.800,20582.900,0.000,0.100,0.100
demo-1781204895843-624,SN II,20582.800,20582.800,20582.800,0.000,0.000,0.000
demo-1781204895843-623,LPV,20582.800,20582.800,20582.800,0.000,0.000,0.000
demo-1781204895843-622,RR Lyrae,20582.700,20582.700,20582.800,0.000,0.100,0.100
demo-1781204895843-621,RR Lyrae,20582.600,20582.600,20582.600,0.000,0.000,0.000
demo-1781204895843-620,Unknown,20582.500,20582.600,20582.600,0.100,0.000,0.100
demo-1781204895843-619,RR Lyrae,20582.500,20582.500,20582.500,0.000,0.000,0.000
demo-1781204895843-618,Mira,20582.400,20582.400,20582.500,0.000,0.100,0.100
demo-1781204895837-617,Mira,20576.300,20576.300,20576.300,0.000,0.000,0.000
demo-1781204895837-616,RR Lyrae,20576.200,20576.200,20576.300,0.000,0.100,0.100
demo-1781204895837-615,LPV,20576.200,20576.200,20576.200,0.000,0.000,0.000
demo-1781204895837-614,Mira,20576.200,20576.200,20576.200,0.000,0.000,0.000
demo-1781204895837-613,Mira,20576.100,20576.100,20576.200,0.000,0.100,0.100
demo-1781204895836-612,SN II,20576.100,20576.100,20576.100,0.000,0.000,0.000
demo-1781204895836-611,RR Lyrae,20576.000,20576.000,20576.100,0.000,0.100,0.100
demo-1781204895836-610,AGN,20576.000,20576.000,20576.000,0.000,0.000,0.000
demo-1781204895836-609,LPV,20575.800,20575.800,20576.000,0.000,0.200,0.200
demo-1781204895833-608,AGN,20572.100,20572.100,20572.100,0.000,0.000,0.000
demo-1781204895832-607,Mira,20572.000,20572.000,20572.100,0.000,0.100,0.100
demo-1781204895832-606,AGN,20572.000,20572.000,20572.000,0.000,0.000,0.000
demo-1781204895832-605,SN Ia,20571.900,20571.900,20571.900,0.000,0.000,0.000
demo-1781204895832-604,AGN,20571.800,20571.800,20571.900,0.000,0.100,0.100
demo-1781204895832-603,QSO,20571.600,20571.600,20571.800,0.000,0.200,0.200
demo-1781204895832-602,AGN,20571.600,20571.600,20571.600,0.000,0.000,0.000
demo-1781204895832-601,RR Lyrae,20571.600,20571.600,20571.600,0.000,0.000,0.000
demo-1781204895832-600,AGN,20571.400,20571.400,20571.600,0.000,0.200,0.200
demo-1781204895743-599,Unknown,20482.900,20482.900,20483.000,0.000,0.100,0.100
demo-1781204895743-598,SN II,20482.900,20482.900,20482.900,0.000,0.000,0.000
demo-1781204895743-597,LPV,20482.800,20482.800,20482.900,0.000,0.100,0.100
demo-1781204895743-596,AGN,20482.800,20482.800,20482.800,0.000,0.000,0.000
demo-1781204895743-595,SN Ia,20482.700,20482.700,20482.800,0.000,0.100,0.100
demo-1781204895743-594,RR Lyrae,20482.700,20482.700,20482.700,0.000,0.000,0.000
demo-1781204895743-593,RR Lyrae,20482.600,20482.600,20482.700,0.000,0.100,0.100
demo-1781204895743-592,AGN,20482.600,20482.600,20482.600,0.000,0.000,0.000
demo-1781204895743-591,Mira,20482.500,20482.500,20482.600,0.000,0.100,0.100
demo-1781204895727-590,RR Lyrae,20466.500,20466.500,20466.500,0.000,0.000,0.000
demo-1781204895727-589,SN II,20466.400,20466.400,20466.500,0.000,0.100,0.100
demo-1781204895727-588,RR Lyrae,20466.400,20466.400,20466.400,0.000,0.000,0.000
demo-1781204895727-587,AGN,20466.300,20466.300,20466.400,0.000,0.100,0.100
demo-1781204895727-586,RR Lyrae,20466.300,20466.300,20466.300,0.000,0.000,0.000
demo-1781204895727-585,AGN,20466.200,20466.200,20466.200,0.000,0.000,0.000
demo-1781204895727-584,RR Lyrae,20466.100,20466.100,20466.200,0.000,0.100,0.100
demo-1781204895727-583,AGN,20466.100,20466.100,20466.100,0.000,0.000,0.000
demo-1781204895726-582,Mira,20466.000,20466.000,20466.100,0.000,0.100,0.100
demo-1781204895710-581,Unknown,20449.900,20449.900,20449.900,0.000,0.000,0.000
demo-1781204895710-580,AGN,20449.800,20449.800,20449.900,0.000,0.100,0.100
demo-1781204895710-579,RR Lyrae,20449.800,20449.800,20449.800,0.000,0.000,0.000
demo-1781204895710-578,RR Lyrae,20449.700,20449.700,20449.800,0.000,0.100,0.100
demo-1781204895710-577,RR Lyrae,20449.700,20449.700,20449.700,0.000,0.000,0.000
demo-1781204895710-576,RR Lyrae,20449.600,20449.600,20449.700,0.000,0.100,0.100
demo-1781204895710-575,RR Lyrae,20449.500,20449.500,20449.500,0.000,0.000,0.000
demo-1781204895710-574,RR Lyrae,20449.400,20449.400,20449.500,0.000,0.100,0.100
demo-1781204895710-573,Mira,20449.300,20449.300,20449.400,0.000,0.100,0.100
demo-1781204895694-572,LPV,20433.100,20433.100,20433.200,0.000,0.100,0.100
demo-1781204895693-571,AGN,20433.000,20433.000,20433.100,0.000,0.100,0.100
demo-1781204895693-570,AGN,20433.000,20433.000,20433.000,0.000,0.000,0.000
demo-1781204895693-569,RR Lyrae,20432.800,20432.800,20433.000,0.000,0.200,0.200
demo-1781204895693-568,AGN,20432.800,20432.800,20432.800,0.000,0.000,0.000
demo-1781204895693-567,AGN,20432.800,20432.800,20432.800,0.000,0.000,0.000
demo-1781204895693-566,Cepheid,20432.600,20432.600,20432.800,0.000,0.200,0.200
demo-1781204895693-565,RR Lyrae,20432.600,20432.600,20432.600,0.000,0.000,0.000
demo-1781204895693-564,AGN,20432.600,20432.600,20432.600,0.000,0.000,0.000
demo-1781204895679-563,AGN,20418.700,20418.700,20418.800,0.000,0.100,0.100
demo-1781204895679-562,SN II,20418.700,20418.700,20418.700,0.000,0.000,0.000
demo-1781204895679-561,RR Lyrae,20418.700,20418.700,20418.700,0.000,0.000,0.000
demo-1781204895679-560,Unknown,20418.600,20418.600,20418.700,0.000,0.100,0.100
demo-1781204895679-559,AGN,20418.500,20418.500,20418.600,0.000,0.100,0.100
demo-1781204895679-558,AGN,20418.500,20418.500,20418.500,0.000,0.000,0.000
demo-1781204895679-557,SN Ia,20418.400,20418.400,20418.500,0.000,0.100,0.100
demo-1781204895679-556,RR Lyrae,20418.400,20418.400,20418.400,0.000,0.000,0.000
demo-1781204895679-555,Mira,20418.300,20418.300,20418.300,0.000,0.000,0.000
demo-1781204895661-554,AGN,20400.700,20400.700,20400.800,0.000,0.100,0.100
demo-1781204895661-553,RR Lyrae,20400.700,20400.700,20400.700,0.000,0.000,0.000
demo-1781204895661-552,RR Lyrae,20400.600,20400.600,20400.700,0.000,0.100,0.100
demo-1781204895661-551,AGN,20400.500,20400.500,20400.600,0.000,0.100,0.100
demo-1781204895661-550,Mira,20400.400,20400.400,20400.500,0.000,0.100,0.100
demo-1781204895661-549,Mira,20400.400,20400.400,20400.400,0.000,0.000,0.000
demo-1781204895661-548,RR Lyrae,20400.300,20400.300,20400.300,0.000,0.000,0.000
demo-1781204895661-547,LPV,20400.300,20400.300,20400.300,0.000,0.000,0.000
demo-1781204895661-546,RR Lyrae,20400.200,20400.200,20400.200,0.000,0.000,0.000
demo-1781204895648-545,Cepheid,20387.700,20387.700,20387.800,0.000,0.100,0.100
demo-1781204895648-544,Unknown,20387.600,20387.600,20387.700,0.000,0.100,0.100
demo-1781204895648-543,Cepheid,20387.600,20387.600,20387.600,0.000,0.000,0.000
demo-1781204895648-542,Mira,20387.500,20387.500,20387.600,0.000,0.100,0.100
demo-1781204895648-541,AGN,20387.500,20387.500,20387.500,0.000,0.000,0.000
demo-1781204895648-540,LPV,20387.400,20387.400,20387.500,0.000,0.100,0.100
demo-1781204895648-539,AGN,20387.400,20387.400,20387.400,0.000,0.000,0.000
demo-1781204895648-538,QSO,20387.400,20387.400,20387.400,0.000,0.000,0.000
demo-1781204895647-537,AGN,20386.700,20387.200,20387.300,0.500,0.100,0.600
demo-1781204895627-536,SN Ic,20366.400,20366.400,20366.500,0.000,0.100,0.100
demo-1781204895627-535,SN Ia,20366.400,20366.400,20366.400,0.000,0.000,0.000
demo-1781204895627-534,QSO,20366.300,20366.300,20366.400,0.000,0.100,0.100
demo-1781204895627-533,AGN,20366.300,20366.300,20366.300,0.000,0.000,0.000
demo-1781204895627-532,Unknown,20366.200,20366.200,20366.300,0.000,0.100,0.100
demo-1781204895627-531,Mira,20366.200,20366.200,20366.200,0.000,0.000,0.000
demo-1781204895627-530,SN Ic,20366.100,20366.100,20366.200,0.000,0.100,0.100
demo-1781204895626-529,RR Lyrae,20366.000,20366.000,20366.100,0.000,0.100,0.100
demo-1781204895626-528,SN II,20365.900,20365.900,20366.000,0.000,0.100,0.100
demo-1781204895610-527,Unknown,20349.500,20349.500,20349.600,0.000,0.100,0.100
demo-1781204895610-526,SN II,20349.400,20349.400,20349.500,0.000,0.100,0.100
demo-1781204895610-525,AGN,20349.400,20349.400,20349.400,0.000,0.000,0.000
demo-1781204895610-524,AGN,20349.300,20349.300,20349.400,0.000,0.100,0.100
demo-1781204895610-523,RR Lyrae,20349.200,20349.200,20349.300,0.000,0.100,0.100
demo-1781204895610-522,AGN,20349.200,20349.200,20349.200,0.000,0.000,0.000
demo-1781204895610-521,AGN,20349.200,20349.200,20349.200,0.000,0.000,0.000
demo-1781204895609-520,Mira,20349.100,20349.100,20349.100,0.000,0.000,0.000
demo-1781204895609-519,RR Lyrae,20349.000,20349.000,20349.000,0.000,0.000,0.000
demo-1781204895594-518,AGN,20333.200,20333.200,20333.400,0.000,0.200,0.200
demo-1781204895594-517,RR Lyrae,20333.200,20333.200,20333.200,0.000,0.000,0.000
demo-1781204895594-516,SN Ia,20333.200,20333.200,20333.200,0.000,0.000,0.000
demo-1781204895594-515,Mira,20333.100,20333.100,20333.200,0.000,0.100,0.100
demo-1781204895593-514,AGN,20333.000,20333.000,20333.100,0.000,0.100,0.100
demo-1781204895593-513,RR Lyrae,20332.900,20332.900,20333.000,0.000,0.100,0.100
demo-1781204895593-512,Unknown,20332.900,20332.900,20332.900,0.000,0.000,0.000
demo-1781204895593-511,RR Lyrae,20332.800,20332.800,20332.900,0.000,0.100,0.100
demo-1781204895593-510,SN II,20332.700,20332.700,20332.800,0.000,0.100,0.100
demo-1781204895577-509,SN II,20316.600,20316.600,20316.700,0.000,0.100,0.100
demo-1781204895577-508,RR Lyrae,20316.500,20316.500,20316.600,0.000,0.100,0.100
demo-1781204895577-507,LPV,20316.400,20316.400,20316.500,0.000,0.100,0.100
demo-1781204895577-506,Mira,20316.300,20316.300,20316.400,0.000,0.100,0.100
demo-1781204895577-505,RR Lyrae,20316.200,20316.200,20316.300,0.000,0.100,0.100
demo-1781204895577-504,RR Lyrae,20316.100,20316.100,20316.200,0.000,0.100,0.100
demo-1781204895576-503,AGN,20316.100,20316.100,20316.100,0.000,0.000,0.000
demo-1781204895576-502,RR Lyrae,20315.900,20315.900,20316.100,0.000,0.200,0.200
demo-1781204895576-501,Cepheid,20315.800,20315.800,20315.900,0.000,0.100,0.100
demo-1781204895574-500,AGN,20313.500,20313.500,20313.600,0.000,0.100,0.100
demo-1781204895574-499,Unknown,20313.500,20313.500,20313.500,0.000,0.000,0.000
demo-1781204895574-498,LPV,20313.400,20313.400,20313.500,0.000,0.100,0.100
demo-1781204895574-497,AGN,20313.300,20313.300,20313.400,0.000,0.100,0.100
demo-1781204895574-496,RR Lyrae,20313.300,20313.300,20313.300,0.000,0.000,0.000
demo-1781204895574-495,RR Lyrae,20313.200,20313.200,20313.300,0.000,0.100,0.100
demo-1781204895574-494,AGN,20313.200,20313.200,20313.200,0.000,0.000,0.000
demo-1781204895574-493,Cepheid,20313.100,20313.100,20313.200,0.000,0.100,0.100
demo-1781204895573-492,AGN,20313.000,20313.000,20313.100,0.000,0.100,0.100
demo-1781204895570-491,AGN,20309.800,20309.800,20309.800,0.000,0.000,0.000
demo-1781204895570-490,Unknown,20309.700,20309.700,20309.800,0.000,0.100,0.100
demo-1781204895570-489,Mira,20309.600,20309.600,20309.700,0.000,0.100,0.100
demo-1781204895570-488,RR Lyrae,20309.500,20309.500,20309.600,0.000,0.100,0.100
demo-1781204895570-487,RR Lyrae,20309.400,20309.400,20309.500,0.000,0.100,0.100
demo-1781204895570-486,Mira,20309.300,20309.300,20309.400,0.000,0.100,0.100
demo-1781204895570-485,QSO,20309.300,20309.300,20309.300,0.000,0.000,0.000
demo-1781204895570-484,SN II,20309.200,20309.200,20309.300,0.000,0.100,0.100
demo-1781204895570-483,RR Lyrae,20309.100,20309.100,20309.200,0.000,0.100,0.100
demo-1781204895494-482,RR Lyrae,20233.100,20233.100,20233.200,0.000,0.100,0.100
demo-1781204895493-481,SN II,20233.000,20233.000,20233.100,0.000,0.100,0.100
demo-1781204895493-480,RR Lyrae,20233.000,20233.000,20233.000,0.000,0.000,0.000
demo-1781204895493-479,RR Lyrae,20232.900,20232.900,20232.900,0.000,0.000,0.000
demo-1781204895493-478,RR Lyrae,20232.900,20232.900,20232.900,0.000,0.000,0.000
demo-1781204895493-477,RR Lyrae,20232.800,20232.800,20232.900,0.000,0.100,0.100
demo-1781204895493-476,Unknown,20232.700,20232.700,20232.800,0.000,0.100,0.100
demo-1781204895493-475,SN Ia,20232.700,20232.700,20232.700,0.000,0.000,0.000
demo-1781204895493-474,AGN,20232.500,20232.500,20232.700,0.000,0.200,0.200
demo-1781204895477-473,Cepheid,20216.300,20216.300,20216.500,0.000,0.200,0.200
demo-1781204895477-472,Unknown,20216.200,20216.200,20216.300,0.000,0.100,0.100
demo-1781204895477-471,AGN,20216.200,20216.200,20216.200,0.000,0.000,0.000
demo-1781204895477-470,SN II,20216.100,20216.100,20216.200,0.000,0.100,0.100
demo-1781204895476-469,AGN,20216.000,20216.000,20216.100,0.000,0.100,0.100
demo-1781204895476-468,RR Lyrae,20216.000,20216.000,20216.000,0.000,0.000,0.000
demo-1781204895476-467,Mira,20215.900,20215.900,20216.000,0.000,0.100,0.100
demo-1781204895476-466,SN Ib,20215.900,20215.900,20215.900,0.000,0.000,0.000
demo-1781204895476-465,SN Ia,20215.800,20215.800,20215.900,0.000,0.100,0.100
demo-1781204895460-464,RR Lyrae,20199.900,20199.900,20199.900,0.000,0.000,0.000
demo-1781204895460-463,RR Lyrae,20199.700,20199.700,20199.800,0.000,0.100,0.100
demo-1781204895460-462,RR Lyrae,20199.700,20199.700,20199.700,0.000,0.000,0.000
demo-1781204895460-461,RR Lyrae,20199.700,20199.700,20199.700,0.000,0.000,0.000
demo-1781204895460-460,AGN,20199.600,20199.600,20199.700,0.000,0.100,0.100
demo-1781204895460-459,RR Lyrae,20199.600,20199.600,20199.600,0.000,0.000,0.000
demo-1781204895460-458,AGN,20199.500,20199.500,20199.600,0.000,0.100,0.100
demo-1781204895460-457,RR Lyrae,20199.400,20199.400,20199.500,0.000,0.100,0.100
demo-1781204895460-456,AGN,20199.300,20199.300,20199.400,0.000,0.100,0.100
demo-1781204895444-455,SN Ia,20183.200,20183.200,20183.200,0.000,0.000,0.000
demo-1781204895443-454,Mira,20183.100,20183.100,20183.200,0.000,0.100,0.100
demo-1781204895443-453,AGN,20182.900,20182.900,20183.100,0.000,0.200,0.200
demo-1781204895443-452,AGN,20182.900,20182.900,20182.900,0.000,0.000,0.000
demo-1781204895443-451,Unknown,20182.800,20182.800,20182.900,0.000,0.100,0.100
demo-1781204895443-450,LPV,20182.800,20182.800,20182.800,0.000,0.000,0.000
demo-1781204895443-449,RR Lyrae,20182.700,20182.700,20182.800,0.000,0.100,0.100
demo-1781204895443-448,AGN,20182.600,20182.600,20182.700,0.000,0.100,0.100
demo-1781204895443-447,Cepheid,20182.500,20182.500,20182.600,0.000,0.100,0.100
demo-1781204895427-446,Unknown,20166.400,20166.400,20166.600,0.000,0.200,0.200
demo-1781204895427-445,SN Ia,20166.400,20166.400,20166.400,0.000,0.000,0.000
demo-1781204895427-444,LPV,20166.300,20166.300,20166.400,0.000,0.100,0.100
demo-1781204895427-443,RR Lyrae,20166.300,20166.300,20166.300,0.000,0.000,0.000
demo-1781204895427-442,RR Lyrae,20166.200,20166.200,20166.300,0.000,0.100,0.100
demo-1781204895427-441,AGN,20166.200,20166.200,20166.200,0.000,0.000,0.000
demo-1781204895426-440,Mira,20166.000,20166.000,20166.200,0.000,0.200,0.200
demo-1781204895426-439,AGN,20166.000,20166.000,20166.000,0.000,0.000,0.000
demo-1781204895426-438,RR Lyrae,20165.900,20165.900,20166.000,0.000,0.100,0.100
demo-1781204895410-437,Cepheid,20149.800,20149.800,20149.900,0.000,0.100,0.100
demo-1781204895410-436,AGN,20149.800,20149.800,20149.800,0.000,0.000,0.000
demo-1781204895410-435,RR Lyrae,20149.700,20149.700,20149.800,0.000,0.100,0.100
demo-1781204895410-434,LPV,20149.600,20149.600,20149.700,0.000,0.100,0.100
demo-1781204895410-433,Unknown,20149.600,20149.600,20149.600,0.000,0.000,0.000
demo-1781204895410-432,AGN,20149.500,20149.500,20149.600,0.000,0.100,0.100
demo-1781204895410-431,RR Lyrae,20149.400,20149.400,20149.500,0.000,0.100,0.100
demo-1781204895410-430,RR Lyrae,20149.400,20149.400,20149.400,0.000,0.000,0.000
demo-1781204895410-429,Mira,20149.200,20149.200,20149.400,0.000,0.200,0.200
demo-1781204895393-428,RR Lyrae,20133.000,20133.000,20133.000,0.000,0.000,0.000
demo-1781204895393-427,AGN,20133.000,20133.000,20133.000,0.000,0.000,0.000
demo-1781204895393-426,RR Lyrae,20132.800,20132.900,20133.000,0.100,0.100,0.200
demo-1781204895393-425,SN II,20132.800,20132.800,20132.800,0.000,0.000,0.000
demo-1781204895393-424,SN Ia,20132.800,20132.800,20132.800,0.000,0.000,0.000
demo-1781204895393-423,RR Lyrae,20132.700,20132.700,20132.800,0.000,0.100,0.100
demo-1781204895393-422,AGN,20132.700,20132.700,20132.700,0.000,0.000,0.000
demo-1781204895393-421,AGN,20132.600,20132.600,20132.700,0.000,0.100,0.100
demo-1781204895393-420,RR Lyrae,20132.500,20132.500,20132.600,0.000,0.100,0.100
demo-1781204895377-419,SN II,20116.900,20116.900,20116.900,0.000,0.000,0.000
demo-1781204895377-418,Mira,20116.300,20116.800,20116.900,0.500,0.100,0.600
demo-1781204895377-417,Mira,20116.200,20116.200,20116.300,0.000,0.100,0.100
demo-1781204895377-416,RR Lyrae,20116.100,20116.100,20116.200,0.000,0.100,0.100
demo-1781204895377-415,AGN,20116.100,20116.100,20116.100,0.000,0.000,0.000
demo-1781204895376-414,Cepheid,20116.000,20116.000,20116.100,0.000,0.100,0.100
demo-1781204895376-413,RR Lyrae,20116.000,20116.000,20116.000,0.000,0.000,0.000
demo-1781204895376-412,LPV,20115.900,20116.000,20116.000,0.100,0.000,0.100
demo-1781204895376-411,Unknown,20115.800,20115.800,20115.900,0.000,0.100,0.100
demo-1781204895360-410,Mira,20099.800,20099.800,20099.800,0.000,0.000,0.000
demo-1781204895360-409,RR Lyrae,20099.700,20099.700,20099.800,0.000,0.100,0.100
demo-1781204895360-408,Mira,20099.700,20099.700,20099.700,0.000,0.000,0.000
demo-1781204895360-407,AGN,20099.600,20099.600,20099.700,0.000,0.100,0.100
demo-1781204895360-406,SN Ia,20099.600,20099.600,20099.600,0.000,0.000,0.000
demo-1781204895360-405,LPV,20099.500,20099.500,20099.500,0.000,0.000,0.000
demo-1781204895360-404,SN II,20099.400,20099.400,20099.500,0.000,0.100,0.100
demo-1781204895360-403,Mira,20099.300,20099.300,20099.400,0.000,0.100,0.100
demo-1781204895360-402,SN II,20099.200,20099.200,20099.300,0.000,0.100,0.100
demo-1781204895344-401,SN Ib,20083.200,20083.200,20083.200,0.000,0.000,0.000
demo-1781204895344-400,AGN,20083.200,20083.200,20083.200,0.000,0.000,0.000
demo-1781204895344-399,Cepheid,20083.100,20083.100,20083.200,0.000,0.100,0.100
demo-1781204895343-398,QSO,20083.000,20083.000,20083.100,0.000,0.100,0.100
demo-1781204895343-397,AGN,20082.900,20083.000,20083.000,0.100,0.000,0.100
demo-1781204895343-396,Unknown,20082.900,20082.900,20082.900,0.000,0.000,0.000
demo-1781204895343-395,AGN,20082.900,20082.900,20082.900,0.000,0.000,0.000
demo-1781204895343-394,AGN,20082.700,20082.700,20082.800,0.000,0.100,0.100
demo-1781204895343-393,AGN,20082.700,20082.700,20082.700,0.000,0.000,0.000
demo-1781204895327-392,QSO,20066.600,20066.600,20066.600,0.000,0.000,0.000
demo-1781204895327-391,LPV,20066.500,20066.500,20066.600,0.000,0.100,0.100
demo-1781204895327-390,RR Lyrae,20066.400,20066.400,20066.500,0.000,0.100,0.100
demo-1781204895327-389,Mira,20066.300,20066.300,20066.300,0.000,0.000,0.000
demo-1781204895327-388,Mira,20066.300,20066.300,20066.300,0.000,0.000,0.000
demo-1781204895327-387,Mira,20066.100,20066.100,20066.300,0.000,0.200,0.200
demo-1781204895327-386,LPV,20066.000,20066.000,20066.100,0.000,0.100,0.100
demo-1781204895326-385,AGN,20066.000,20066.000,20066.000,0.000,0.000,0.000
demo-1781204895326-384,RR Lyrae,20065.900,20065.900,20066.000,0.000,0.100,0.100
demo-1781204895322-383,RR Lyrae,20061.500,20061.500,20061.600,0.000,0.100,0.100
demo-1781204895322-382,RR Lyrae,20061.400,20061.400,20061.500,0.000,0.100,0.100
demo-1781204895322-381,RR Lyrae,20061.400,20061.400,20061.400,0.000,0.000,0.000
demo-1781204895322-380,Mira,20061.200,20061.200,20061.300,0.000,0.100,0.100
demo-1781204895322-379,LPV,20061.200,20061.200,20061.200,0.000,0.000,0.000
demo-1781204895322-378,RR Lyrae,20061.100,20061.100,20061.200,0.000,0.100,0.100
demo-1781204895322-377,AGN,20061.100,20061.100,20061.100,0.000,0.000,0.000
demo-1781204895321-376,SN Ia,20061.000,20061.000,20061.100,0.000,0.100,0.100
demo-1781204895321-375,Unknown,20060.900,20061.000,20061.000,0.100,0.000,0.100
demo-1781204895317-374,AGN,20057.100,20057.100,20057.100,0.000,0.000,0.000
demo-1781204895317-373,Mira,20057.000,20057.000,20057.100,0.000,0.100,0.100
demo-1781204895317-372,Cepheid,20056.900,20056.900,20057.000,0.000,0.100,0.100
demo-1781204895317-371,QSO,20056.900,20056.900,20056.900,0.000,0.000,0.000
demo-1781204895317-370,SN II,20056.800,20056.800,20056.900,0.000,0.100,0.100
demo-1781204895317-369,RR Lyrae,20056.700,20056.700,20056.800,0.000,0.100,0.100
demo-1781204895317-368,RR Lyrae,20056.700,20056.700,20056.700,0.000,0.000,0.000
demo-1781204895317-367,RR Lyrae,20056.600,20056.600,20056.700,0.000,0.100,0.100
demo-1781204895244-366,SN Ia,19983.200,19983.200,19983.200,0.000,0.000,0.000
demo-1781204895244-365,Mira,19983.000,19983.000,19983.200,0.000,0.200,0.200
demo-1781204895243-364,SN II,19983.000,19983.000,19983.000,0.000,0.000,0.000
demo-1781204895243-363,SN Ia,19982.900,19982.900,19983.000,0.000,0.100,0.100
demo-1781204895243-362,Cepheid,19982.900,19982.900,19982.900,0.000,0.000,0.000
demo-1781204895243-361,Mira,19982.800,19982.800,19982.800,0.000,0.000,0.000
demo-1781204895243-360,AGN,19982.800,19982.800,19982.800,0.000,0.000,0.000
demo-1781204895243-359,Mira,19982.600,19982.600,19982.700,0.000,0.100,0.100
demo-1781204895243-358,RR Lyrae,19982.500,19982.500,19982.600,0.000,0.100,0.100
demo-1781204895227-357,AGN,19966.400,19966.400,19966.400,0.000,0.000,0.000
demo-1781204895227-356,RR Lyrae,19966.300,19966.300,19966.400,0.000,0.100,0.100
demo-1781204895227-355,AGN,19966.300,19966.300,19966.300,0.000,0.000,0.000
demo-1781204895227-354,Unknown,19966.100,19966.100,19966.300,0.000,0.200,0.200
demo-1781204895227-353,AGN,19966.100,19966.100,19966.100,0.000,0.000,0.000
demo-1781204895226-352,RR Lyrae,19966.100,19966.100,19966.100,0.000,0.000,0.000
demo-1781204895226-351,SN Ia,19965.900,19965.900,19966.100,0.000,0.200,0.200
demo-1781204895226-350,Unknown,19965.900,19965.900,19965.900,0.000,0.000,0.000
demo-1781204895226-349,RR Lyrae,19965.800,19965.800,19965.900,0.000,0.100,0.100
demo-1781204895210-348,RR Lyrae,19950.000,19950.000,19950.100,0.000,0.100,0.100
demo-1781204895210-347,Cepheid,19949.800,19949.800,19950.000,0.000,0.200,0.200
demo-1781204895210-346,SN Ia,19949.800,19949.800,19949.800,0.000,0.000,0.000
demo-1781204895210-345,RR Lyrae,19949.700,19949.700,19949.800,0.000,0.100,0.100
demo-1781204895210-344,RR Lyrae,19949.700,19949.700,19949.700,0.000,0.000,0.000
demo-1781204895210-343,SN Ic,19949.600,19949.600,19949.700,0.000,0.100,0.100
demo-1781204895210-342,AGN,19949.600,19949.600,19949.600,0.000,0.000,0.000
demo-1781204895210-341,AGN,19949.500,19949.500,19949.600,0.000,0.100,0.100
demo-1781204895210-340,RR Lyrae,19949.300,19949.300,19949.500,0.000,0.200,0.200
demo-1781204895194-339,RR Lyrae,19933.200,19933.200,19933.300,0.000,0.100,0.100
demo-1781204895194-338,RR Lyrae,19933.100,19933.100,19933.200,0.000,0.100,0.100
demo-1781204895193-337,RR Lyrae,19933.000,19933.000,19933.100,0.000,0.100,0.100
demo-1781204895193-336,AGN,19933.000,19933.000,19933.000,0.000,0.000,0.000
demo-1781204895193-335,Unknown,19932.900,19932.900,19933.000,0.000,0.100,0.100
demo-1781204895193-334,SN Ia,19932.900,19932.900,19932.900,0.000,0.000,0.000
demo-1781204895193-333,Cepheid,19932.800,19932.800,19932.900,0.000,0.100,0.100
demo-1781204895193-332,RR Lyrae,19932.700,19932.700,19932.800,0.000,0.100,0.100
demo-1781204895193-331,Mira,19932.700,19932.700,19932.700,0.000,0.000,0.000
demo-1781204895177-330,SN II,19916.800,19916.800,19916.800,0.000,0.000,0.000
demo-1781204895177-329,Unknown,19916.700,19916.700,19916.800,0.000,0.100,0.100
demo-1781204895177-328,SN Ib,19916.600,19916.600,19916.700,0.000,0.100,0.100
demo-1781204895177-327,RR Lyrae,19916.500,19916.500,19916.500,0.000,0.000,0.000
demo-1781204895177-326,RR Lyrae,19916.300,19916.300,19916.500,0.000,0.200,0.200
demo-1781204895177-325,AGN,19916.300,19916.300,19916.300,0.000,0.000,0.000
demo-1781204895177-324,Cepheid,19916.200,19916.200,19916.300,0.000,0.100,0.100
demo-1781204895177-323,AGN,19916.200,19916.200,19916.200,0.000,0.000,0.000
demo-1781204895176-322,Mira,19916.000,19916.000,19916.100,0.000,0.100,0.100
demo-1781204895160-321,LPV,19900.000,19900.000,19900.100,0.000,0.100,0.100
demo-1781204895160-320,RR Lyrae,19899.900,19899.900,19900.000,0.000,0.100,0.100
demo-1781204895160-319,RR Lyrae,19899.900,19899.900,19899.900,0.000,0.000,0.000
demo-1781204895160-318,RR Lyrae,19899.700,19899.700,19899.800,0.000,0.100,0.100
demo-1781204895160-317,SN Ic,19899.600,19899.700,19899.700,0.100,0.000,0.100
demo-1781204895160-316,SN II,19899.500,19899.500,19899.600,0.000,0.100,0.100
demo-1781204895160-315,RR Lyrae,19899.500,19899.500,19899.500,0.000,0.000,0.000
demo-1781204895160-314,Mira,19899.400,19899.400,19899.500,0.000,0.100,0.100
demo-1781204895160-313,Mira,19899.300,19899.300,19899.400,0.000,0.100,0.100
demo-1781204895144-312,AGN,19883.100,19883.100,19883.100,0.000,0.000,0.000
demo-1781204895143-311,Mira,19883.000,19883.000,19883.100,0.000,0.100,0.100
demo-1781204895143-310,AGN,19882.900,19882.900,19883.000,0.000,0.100,0.100
demo-1781204895143-309,AGN,19882.800,19882.800,19882.900,0.000,0.100,0.100
demo-1781204895143-308,QSO,19882.700,19882.700,19882.800,0.000,0.100,0.100
demo-1781204895143-307,RR Lyrae,19882.600,19882.600,19882.700,0.000,0.100,0.100
demo-1781204895143-306,SN Ib,19882.600,19882.600,19882.600,0.000,0.000,0.000
demo-1781204895143-305,QSO,19882.500,19882.500,19882.500,0.000,0.000,0.000
demo-1781204895143-304,RR Lyrae,19882.400,19882.400,19882.500,0.000,0.100,0.100
demo-1781204895127-303,SN Ia,19866.300,19866.300,19866.400,0.000,0.100,0.100
demo-1781204895127-302,RR Lyrae,19866.300,19866.300,19866.300,0.000,0.000,0.000
demo-1781204895127-301,AGN,19866.300,19866.300,19866.300,0.000,0.000,0.000
demo-1781204895127-300,Mira,19866.100,19866.100,19866.200,0.000,0.100,0.100
demo-1781204895127-299,QSO,19866.100,19866.100,19866.100,0.000,0.000,0.000
demo-1781204895126-298,QSO,19866.000,19866.000,19866.100,0.000,0.100,0.100
demo-1781204895126-297,AGN,19865.900,19865.900,19866.000,0.000,0.100,0.100
demo-1781204895126-296,AGN,19865.900,19865.900,19865.900,0.000,0.000,0.000
demo-1781204895126-295,Mira,19865.800,19865.800,19865.900,0.000,0.100,0.100
demo-1781204895110-294,SN Ic,19849.700,19849.700,19849.700,0.000,0.000,0.000
demo-1781204895110-293,LPV,19849.600,19849.600,19849.700,0.000,0.100,0.100
demo-1781204895110-292,Mira,19849.600,19849.600,19849.600,0.000,0.000,0.000
demo-1781204895110-291,Cepheid,19849.500,19849.500,19849.600,0.000,0.100,0.100
demo-1781204895110-290,Unknown,19849.500,19849.500,19849.500,0.000,0.000,0.000
demo-1781204895110-289,Cepheid,19849.400,19849.400,19849.500,0.000,0.100,0.100
demo-1781204895110-288,AGN,19849.300,19849.300,19849.400,0.000,0.100,0.100
demo-1781204895110-287,RR Lyrae,19849.200,19849.200,19849.300,0.000,0.100,0.100
demo-1781204895110-286,RR Lyrae,19849.200,19849.200,19849.200,0.000,0.000,0.000
demo-1781204895098-285,Cepheid,19837.100,19837.100,19837.200,0.000,0.100,0.100
demo-1781204895098-284,Unknown,19837.100,19837.100,19837.100,0.000,0.000,0.000
demo-1781204895097-283,RR Lyrae,19837.000,19837.000,19837.100,0.000,0.100,0.100
demo-1781204895097-282,LPV,19837.000,19837.000,19837.000,0.000,0.000,0.000
demo-1781204895097-281,SN Ia,19836.900,19836.900,19837.000,0.000,0.100,0.100
demo-1781204895097-280,Mira,19836.800,19836.800,19836.900,0.000,0.100,0.100
demo-1781204895097-279,LPV,19836.800,19836.800,19836.800,0.000,0.000,0.000
demo-1781204895097-278,RR Lyrae,19836.600,19836.600,19836.700,0.000,0.100,0.100
demo-1781204895097-277,QSO,19836.500,19836.500,19836.600,0.000,0.100,0.100
demo-1781204895077-276,AGN,19816.600,19816.600,19816.700,0.000,0.100,0.100
demo-1781204895077-275,Unknown,19816.500,19816.500,19816.500,0.000,0.000,0.000
demo-1781204895077-274,RR Lyrae,19816.400,19816.400,19816.500,0.000,0.100,0.100
demo-1781204895077-273,Mira,19816.400,19816.400,19816.400,0.000,0.000,0.000
demo-1781204895077-272,Mira,19816.300,19816.300,19816.400,0.000,0.100,0.100
demo-1781204895077-271,QSO,19816.200,19816.200,19816.300,0.000,0.100,0.100
demo-1781204895077-270,Cepheid,19816.100,19816.100,19816.200,0.000,0.100,0.100
demo-1781204895077-269,Unknown,19816.100,19816.100,19816.100,0.000,0.000,0.000
demo-1781204895076-268,AGN,19816.000,19816.000,19816.100,0.000,0.100,0.100
demo-1781204895060-267,LPV,19799.900,19799.900,19800.000,0.000,0.100,0.100
demo-1781204895060-266,Cepheid,19799.900,19799.900,19799.900,0.000,0.000,0.000
demo-1781204895060-265,AGN,19799.800,19799.800,19799.900,0.000,0.100,0.100
demo-1781204895060-264,QSO,19799.800,19799.800,19799.800,0.000,0.000,0.000
demo-1781204895060-263,AGN,19799.700,19799.700,19799.800,0.000,0.100,0.100
demo-1781204895060-262,Mira,19799.600,19799.600,19799.700,0.000,0.100,0.100
demo-1781204895060-261,AGN,19799.500,19799.500,19799.600,0.000,0.100,0.100
demo-1781204895060-260,Unknown,19799.500,19799.500,19799.500,0.000,0.000,0.000
demo-1781204895060-259,RR Lyrae,19799.300,19799.300,19799.500,0.000,0.200,0.200
demo-1781204895048-258,Mira,19787.400,19787.400,19787.500,0.000,0.100,0.100
demo-1781204895048-257,SN Ia,19787.300,19787.300,19787.400,0.000,0.100,0.100
demo-1781204895048-256,AGN,19787.200,19787.200,19787.300,0.000,0.100,0.100
demo-1781204895048-255,RR Lyrae,19787.200,19787.200,19787.200,0.000,0.000,0.000
demo-1781204895048-254,Mira,19787.100,19787.100,19787.200,0.000,0.100,0.100
demo-1781204895047-253,AGN,19787.000,19787.000,19787.100,0.000,0.100,0.100
demo-1781204895047-252,QSO,19786.900,19786.900,19787.000,0.000,0.100,0.100
demo-1781204895047-251,Cepheid,19786.900,19786.900,19786.900,0.000,0.000,0.000
demo-1781204895047-250,Mira,19786.800,19786.800,19786.900,0.000,0.100,0.100
demo-1781204895044-249,Mira,19783.500,19783.500,19783.600,0.000,0.100,0.100
demo-1781204895044-248,LPV,19783.500,19783.500,19783.500,0.000,0.000,0.000
demo-1781204895044-247,Mira,19783.500,19783.500,19783.500,0.000,0.000,0.000
demo-1781204895044-246,LPV,19783.400,19783.400,19783.500,0.000,0.100,0.100
demo-1781204895044-245,Mira,19783.300,19783.300,19783.400,0.000,0.100,0.100
demo-1781204895044-244,RR Lyrae,19783.200,19783.200,19783.300,0.000,0.100,0.100
demo-1781204895044-243,SN II,19783.100,19783.100,19783.200,0.000,0.100,0.100
demo-1781204895043-242,RR Lyrae,19782.900,19782.900,19783.100,0.000,0.200,0.200
demo-1781204894994-241,AGN,19733.200,19733.200,19733.200,0.000,0.000,0.000
demo-1781204894994-240,Mira,19733.100,19733.100,19733.200,0.000,0.100,0.100
demo-1781204894993-239,AGN,19733.100,19733.100,19733.100,0.000,0.000,0.000
demo-1781204894993-238,RR Lyrae,19733.000,19733.000,19733.100,0.000,0.100,0.100
demo-1781204894993-237,AGN,19732.800,19732.800,19733.000,0.000,0.200,0.200
demo-1781204894993-236,SN II,19732.800,19732.800,19732.800,0.000,0.000,0.000
demo-1781204894993-235,AGN,19732.700,19732.700,19732.800,0.000,0.100,0.100
demo-1781204894993-234,AGN,19732.600,19732.700,19732.700,0.100,0.000,0.100
demo-1781204894977-233,AGN,19716.600,19716.600,19716.700,0.000,0.100,0.100
demo-1781204894977-232,AGN,19716.600,19716.600,19716.600,0.000,0.000,0.000
demo-1781204894977-231,Mira,19716.500,19716.500,19716.600,0.000,0.100,0.100
demo-1781204894977-230,Unknown,19716.400,19716.400,19716.500,0.000,0.100,0.100
demo-1781204894977-229,RR Lyrae,19716.300,19716.300,19716.400,0.000,0.100,0.100
demo-1781204894977-228,Unknown,19716.200,19716.200,19716.300,0.000,0.100,0.100
demo-1781204894977-227,RR Lyrae,19716.200,19716.200,19716.200,0.000,0.000,0.000
demo-1781204894977-226,Unknown,19716.100,19716.100,19716.200,0.000,0.100,0.100
demo-1781204894976-225,Mira,19716.000,19716.000,19716.100,0.000,0.100,0.100
demo-1781204894960-224,Cepheid,19699.700,19699.700,19699.700,0.000,0.000,0.000
demo-1781204894960-223,RR Lyrae,19699.600,19699.600,19699.700,0.000,0.100,0.100
demo-1781204894960-222,SN Ia,19699.500,19699.500,19699.600,0.000,0.100,0.100
demo-1781204894960-221,AGN,19699.500,19699.500,19699.500,0.000,0.000,0.000
demo-1781204894960-220,AGN,19699.400,19699.400,19699.500,0.000,0.100,0.100
demo-1781204894960-219,Mira,19699.300,19699.300,19699.400,0.000,0.100,0.100
demo-1781204894960-218,Unknown,19699.200,19699.200,19699.300,0.000,0.100,0.100
demo-1781204894960-217,QSO,19699.100,19699.100,19699.200,0.000,0.100,0.100
demo-1781204894944-216,AGN,19683.800,19683.800,19683.800,0.000,0.000,0.000
demo-1781204894944-215,SN Ib,19683.700,19683.700,19683.800,0.000,0.100,0.100
demo-1781204894944-214,AGN,19683.700,19683.700,19683.700,0.000,0.000,0.000
demo-1781204894944-213,AGN,19683.600,19683.600,19683.700,0.000,0.100,0.100
demo-1781204894944-212,RR Lyrae,19683.400,19683.400,19683.500,0.000,0.100,0.100
demo-1781204894944-211,RR Lyrae,19683.400,19683.400,19683.400,0.000,0.000,0.000
demo-1781204894944-210,RR Lyrae,19683.300,19683.300,19683.400,0.000,0.100,0.100
demo-1781204894944-209,Unknown,19683.200,19683.200,19683.300,0.000,0.100,0.100
demo-1781204894927-208,Unknown,19666.500,19666.500,19666.600,0.000,0.100,0.100
demo-1781204894927-207,QSO,19666.500,19666.500,19666.500,0.000,0.000,0.000
demo-1781204894927-206,RR Lyrae,19666.400,19666.400,19666.500,0.000,0.100,0.100
demo-1781204894927-205,Unknown,19666.300,19666.300,19666.400,0.000,0.100,0.100
demo-1781204894927-204,RR Lyrae,19666.300,19666.300,19666.300,0.000,0.000,0.000
demo-1781204894927-203,Mira,19666.200,19666.200,19666.300,0.000,0.100,0.100
demo-1781204894927-202,Unknown,19666.100,19666.100,19666.200,0.000,0.100,0.100
demo-1781204894926-201,Cepheid,19666.000,19666.000,19666.100,0.000,0.100,0.100
demo-1781204894926-200,RR Lyrae,19665.800,19665.800,19666.000,0.000,0.200,0.200
demo-1781204894911-199,RR Lyrae,19650.200,19650.200,19650.300,0.000,0.100,0.100
demo-1781204894911-198,RR Lyrae,19650.100,19650.100,19650.200,0.000,0.100,0.100
demo-1781204894910-197,RR Lyrae,19650.000,19650.000,19650.100,0.000,0.100,0.100
demo-1781204894910-196,Mira,19649.900,19649.900,19650.000,0.000,0.100,0.100
demo-1781204894910-195,Mira,19649.800,19649.800,19649.900,0.000,0.100,0.100
demo-1781204894910-194,RR Lyrae,19649.600,19649.600,19649.800,0.000,0.200,0.200
demo-1781204894910-193,RR Lyrae,19649.500,19649.500,19649.600,0.000,0.100,0.100
demo-1781204894910-192,Mira,19649.300,19649.400,19649.500,0.100,0.100,0.200
demo-1781204894893-191,RR Lyrae,19632.900,19632.900,19633.000,0.000,0.100,0.100
demo-1781204894893-190,LPV,19632.800,19632.800,19632.900,0.000,0.100,0.100
demo-1781204894893-189,SN Ia,19632.800,19632.800,19632.800,0.000,0.000,0.000
demo-1781204894893-188,RR Lyrae,19632.800,19632.800,19632.800,0.000,0.000,0.000
demo-1781204894893-187,RR Lyrae,19632.700,19632.700,19632.800,0.000,0.100,0.100
demo-1781204894893-186,SN II,19632.600,19632.600,19632.700,0.000,0.100,0.100
demo-1781204894893-185,RR Lyrae,19632.500,19632.500,19632.600,0.000,0.100,0.100
demo-1781204894893-184,Mira,19632.400,19632.500,19632.500,0.100,0.000,0.100
demo-1781204894877-183,AGN,19616.100,19616.100,19616.200,0.000,0.100,0.100
demo-1781204894877-182,RR Lyrae,19616.000,19616.000,19616.100,0.000,0.100,0.100
demo-1781204894876-181,AGN,19616.000,19616.000,19616.000,0.000,0.000,0.000
demo-1781204894876-180,RR Lyrae,19615.900,19615.900,19616.000,0.000,0.100,0.100
demo-1781204894876-179,Mira,19615.900,19615.900,19615.900,0.000,0.000,0.000
demo-1781204894876-178,Mira,19615.900,19615.900,19615.900,0.000,0.000,0.000
demo-1781204894876-177,QSO,19615.800,19615.800,19615.800,0.000,0.000,0.000
demo-1781204894876-176,Cepheid,19615.700,19615.700,19615.800,0.000,0.100,0.100
demo-1781204894876-175,RR Lyrae,19615.600,19615.600,19615.700,0.000,0.100,0.100
demo-1781204894860-174,QSO,19599.500,19599.500,19599.700,0.000,0.200,0.200
demo-1781204894860-173,RR Lyrae,19599.400,19599.400,19599.500,0.000,0.100,0.100
demo-1781204894860-172,AGN,19599.400,19599.400,19599.400,0.000,0.000,0.000
demo-1781204894860-171,RR Lyrae,19599.300,19599.300,19599.400,0.000,0.100,0.100
demo-1781204894860-170,AGN,19599.300,19599.300,19599.300,0.000,0.000,0.000
demo-1781204894860-169,AGN,19599.200,19599.200,19599.300,0.000,0.100,0.100
demo-1781204894860-168,Mira,19599.100,19599.100,19599.200,0.000,0.100,0.100
demo-1781204894859-167,Cepheid,19599.000,19599.000,19599.100,0.000,0.100,0.100
demo-1781204894843-166,Mira,19582.900,19582.900,19583.000,0.000,0.100,0.100
demo-1781204894843-165,RR Lyrae,19582.900,19582.900,19582.900,0.000,0.000,0.000
demo-1781204894843-164,AGN,19582.800,19582.800,19582.900,0.000,0.100,0.100
demo-1781204894843-163,AGN,19582.700,19582.700,19582.800,0.000,0.100,0.100
demo-1781204894843-162,AGN,19582.700,19582.700,19582.700,0.000,0.000,0.000
demo-1781204894843-161,AGN,19582.600,19582.600,19582.700,0.000,0.100,0.100
demo-1781204894843-160,Cepheid,19582.600,19582.600,19582.600,0.000,0.000,0.000
demo-1781204894843-159,Cepheid,19582.400,19582.400,19582.500,0.000,0.100,0.100
demo-1781204894827-158,AGN,19566.600,19566.600,19566.700,0.000,0.100,0.100
demo-1781204894827-157,Unknown,19566.500,19566.500,19566.600,0.000,0.100,0.100
demo-1781204894827-156,Cepheid,19566.400,19566.400,19566.500,0.000,0.100,0.100
demo-1781204894827-155,QSO,19566.300,19566.300,19566.400,0.000,0.100,0.100
demo-1781204894827-154,AGN,19566.300,19566.300,19566.300,0.000,0.000,0.000
demo-1781204894827-153,RR Lyrae,19566.200,19566.200,19566.300,0.000,0.100,0.100
demo-1781204894827-152,Cepheid,19566.100,19566.100,19566.200,0.000,0.100,0.100
demo-1781204894826-151,SN II,19566.000,19566.000,19566.100,0.000,0.100,0.100
demo-1781204894826-150,Mira,19565.900,19565.900,19566.000,0.000,0.100,0.100
demo-1781204894810-149,RR Lyrae,19549.700,19549.700,19549.700,0.000,0.000,0.000
demo-1781204894810-148,RR Lyrae,19549.600,19549.600,19549.700,0.000,0.100,0.100
demo-1781204894810-147,AGN,19549.500,19549.500,19549.600,0.000,0.100,0.100
demo-1781204894810-146,AGN,19549.500,19549.500,19549.500,0.000,0.000,0.000
demo-1781204894810-145,Mira,19549.400,19549.400,19549.500,0.000,0.100,0.100
demo-1781204894810-144,Mira,19549.300,19549.300,19549.400,0.000,0.100,0.100
demo-1781204894810-143,AGN,19549.200,19549.200,19549.200,0.000,0.000,0.000
demo-1781204894810-142,LPV,19549.000,19549.000,19549.200,0.000,0.200,0.200
demo-1781204894793-141,Mira,19533.000,19533.000,19533.100,0.000,0.100,0.100
demo-1781204894793-140,Mira,19533.000,19533.000,19533.000,0.000,0.000,0.000
demo-1781204894793-139,RR Lyrae,19532.900,19532.900,19533.000,0.000,0.100,0.100
demo-1781204894793-138,AGN,19532.800,19532.800,19532.800,0.000,0.000,0.000
demo-1781204894793-137,AGN,19532.700,19532.700,19532.800,0.000,0.100,0.100
demo-1781204894793-136,AGN,19532.700,19532.700,19532.700,0.000,0.000,0.000
demo-1781204894793-135,SN Ib,19532.600,19532.600,19532.700,0.000,0.100,0.100
demo-1781204894793-134,AGN,19532.500,19532.500,19532.600,0.000,0.100,0.100
demo-1781204894778-133,Mira,19517.600,19517.600,19517.700,0.000,0.100,0.100
demo-1781204894778-132,AGN,19517.500,19517.500,19517.600,0.000,0.100,0.100
demo-1781204894778-131,Mira,19517.500,19517.500,19517.500,0.000,0.000,0.000
demo-1781204894778-130,Mira,19517.300,19517.300,19517.500,0.000,0.200,0.200
demo-1781204894778-129,Unknown,19517.300,19517.300,19517.300,0.000,0.000,0.000
demo-1781204894778-128,AGN,19517.200,19517.200,19517.300,0.000,0.100,0.100
demo-1781204894778-127,RR Lyrae,19517.100,19517.100,19517.200,0.000,0.100,0.100
demo-1781204894778-126,Cepheid,19517.000,19517.000,19517.100,0.000,0.100,0.100
demo-1781204894777-125,RR Lyrae,19517.000,19517.000,19517.000,0.000,0.000,0.000
demo-1781204894774-124,AGN,19513.600,19513.600,19513.700,0.000,0.100,0.100
demo-1781204894774-123,LPV,19513.500,19513.500,19513.600,0.000,0.100,0.100
demo-1781204894774-122,LPV,19513.500,19513.500,19513.500,0.000,0.000,0.000
demo-1781204894774-121,SN Ia,19513.400,19513.400,19513.500,0.000,0.100,0.100
demo-1781204894774-120,Cepheid,19513.400,19513.400,19513.400,0.000,0.000,0.000
demo-1781204894774-119,RR Lyrae,19513.300,19513.300,19513.400,0.000,0.100,0.100
demo-1781204894774-118,SN Ic,19513.200,19513.200,19513.300,0.000,0.100,0.100
demo-1781204894774-117,RR Lyrae,19513.100,19513.100,19513.200,0.000,0.100,0.100
demo-1781204894743-116,Mira,19482.800,19482.800,19482.800,0.000,0.000,0.000
demo-1781204894743-115,Mira,19482.600,19482.600,19482.800,0.000,0.200,0.200
demo-1781204894743-114,SN Ia,19482.600,19482.600,19482.600,0.000,0.000,0.000
demo-1781204894743-113,RR Lyrae,19482.500,19482.500,19482.600,0.000,0.100,0.100
demo-1781204894743-112,Cepheid,19482.400,19482.400,19482.500,0.000,0.100,0.100
demo-1781204894743-111,AGN,19482.400,19482.400,19482.400,0.000,0.000,0.000
demo-1781204894743-110,AGN,19482.300,19482.300,19482.400,0.000,0.100,0.100
demo-1781204894743-109,Cepheid,19482.300,19482.300,19482.300,0.000,0.000,0.000
demo-1781204894727-108,LPV,19466.100,19466.100,19466.100,0.000,0.000,0.000
demo-1781204894726-107,RR Lyrae,19466.000,19466.000,19466.100,0.000,0.100,0.100
demo-1781204894726-106,Unknown,19465.900,19465.900,19466.000,0.000,0.100,0.100
demo-1781204894726-105,RR Lyrae,19465.900,19465.900,19465.900,0.000,0.000,0.000
demo-1781204894726-104,AGN,19465.800,19465.900,19465.900,0.100,0.000,0.100
demo-1781204894726-103,SN Ic,19465.700,19465.700,19465.800,0.000,0.100,0.100
demo-1781204894726-102,RR Lyrae,19465.700,19465.700,19465.700,0.000,0.000,0.000
demo-1781204894726-101,AGN,19465.600,19465.600,19465.700,0.000,0.100,0.100
demo-1781204894726-100,Cepheid,19465.500,19465.500,19465.600,0.000,0.100,0.100
demo-1781204894710-99,RR Lyrae,19449.400,19449.400,19449.400,0.000,0.000,0.000
demo-1781204894710-98,AGN,19449.400,19449.400,19449.400,0.000,0.000,0.000
demo-1781204894710-97,RR Lyrae,19449.300,19449.300,19449.300,0.000,0.000,0.000
demo-1781204894710-96,RR Lyrae,19449.200,19449.200,19449.300,0.000,0.100,0.100
demo-1781204894710-95,QSO,19449.100,19449.100,19449.200,0.000,0.100,0.100
demo-1781204894709-94,AGN,19449.000,19449.000,19449.000,0.000,0.000,0.000
demo-1781204894709-93,RR Lyrae,19448.900,19448.900,19449.000,0.000,0.100,0.100
demo-1781204894709-92,QSO,19448.900,19448.900,19448.900,0.000,0.000,0.000
demo-1781204894693-91,SN II,19432.900,19432.900,19432.900,0.000,0.000,0.000
demo-1781204894693-90,AGN,19432.700,19432.700,19432.900,0.000,0.200,0.200
demo-1781204894693-89,AGN,19432.700,19432.700,19432.700,0.000,0.000,0.000
demo-1781204894693-88,RR Lyrae,19432.700,19432.700,19432.700,0.000,0.000,0.000
demo-1781204894693-87,RR Lyrae,19432.500,19432.500,19432.700,0.000,0.200,0.200
demo-1781204894693-86,Mira,19432.500,19432.500,19432.500,0.000,0.000,0.000
demo-1781204894693-85,RR Lyrae,19432.400,19432.400,19432.500,0.000,0.100,0.100
demo-1781204894693-84,QSO,19432.200,19432.300,19432.400,0.100,0.100,0.200
demo-1781204894677-83,RR Lyrae,19416.200,19416.200,19416.200,0.000,0.000,0.000
demo-1781204894677-82,RR Lyrae,19416.100,19416.100,19416.100,0.000,0.000,0.000
demo-1781204894676-81,Mira,19416.000,19416.000,19416.100,0.000,0.100,0.100
demo-1781204894676-80,Unknown,19415.900,19415.900,19416.000,0.000,0.100,0.100
demo-1781204894676-79,RR Lyrae,19415.900,19415.900,19415.900,0.000,0.000,0.000
demo-1781204894676-78,Mira,19415.800,19415.800,19415.900,0.000,0.100,0.100
demo-1781204894676-77,RR Lyrae,19415.700,19415.700,19415.800,0.000,0.100,0.100
demo-1781204894676-76,RR Lyrae,19415.600,19415.600,19415.700,0.000,0.100,0.100
demo-1781204894676-75,AGN,19415.600,19415.600,19415.600,0.000,0.000,0.000
demo-1781204894660-74,Unknown,19399.600,19399.600,19399.600,0.000,0.000,0.000
demo-1781204894660-73,RR Lyrae,19399.500,19399.500,19399.600,0.000,0.100,0.100
demo-1781204894660-72,SN Ia,19399.400,19399.400,19399.500,0.000,0.100,0.100
demo-1781204894660-71,QSO,19399.300,19399.300,19399.400,0.000,0.100,0.100
demo-1781204894660-70,RR Lyrae,19399.300,19399.300,19399.300,0.000,0.000,0.000
demo-1781204894660-69,AGN,19399.200,19399.200,19399.200,0.000,0.000,0.000
demo-1781204894660-68,RR Lyrae,19399.100,19399.100,19399.200,0.000,0.100,0.100
demo-1781204894659-67,AGN,19399.000,19399.000,19399.100,0.000,0.100,0.100
demo-1781204894643-66,SN Ia,19382.900,19382.900,19382.900,0.000,0.000,0.000
demo-1781204894643-65,AGN,19382.800,19382.800,19382.900,0.000,0.100,0.100
demo-1781204894643-64,LPV,19382.700,19382.700,19382.800,0.000,0.100,0.100
demo-1781204894643-63,RR Lyrae,19382.600,19382.600,19382.700,0.000,0.100,0.100
demo-1781204894643-62,RR Lyrae,19382.600,19382.600,19382.600,0.000,0.000,0.000
demo-1781204894643-61,AGN,19382.400,19382.400,19382.600,0.000,0.200,0.200
demo-1781204894643-60,RR Lyrae,19382.300,19382.300,19382.400,0.000,0.100,0.100
demo-1781204894643-59,AGN,19382.200,19382.200,19382.300,0.000,0.100,0.100
demo-1781204894627-58,LPV,19366.300,19366.300,19366.400,0.000,0.100,0.100
demo-1781204894627-57,QSO,19366.200,19366.200,19366.300,0.000,0.100,0.100
demo-1781204894627-56,RR Lyrae,19366.200,19366.200,19366.200,0.000,0.000,0.000
demo-1781204894627-55,AGN,19366.100,19366.100,19366.200,0.000,0.100,0.100
demo-1781204894626-54,AGN,19366.000,19366.000,19366.100,0.000,0.100,0.100
demo-1781204894626-53,AGN,19365.900,19365.900,19366.000,0.000,0.100,0.100
demo-1781204894626-52,Mira,19365.800,19365.800,19365.900,0.000,0.100,0.100
demo-1781204894626-51,Mira,19365.700,19365.700,19365.800,0.000,0.100,0.100
demo-1781204894626-50,RR Lyrae,19365.600,19365.600,19365.700,0.000,0.100,0.100
demo-1781204894611-49,RR Lyrae,19350.800,19350.800,19351.500,0.000,0.700,0.700
demo-1781204894611-48,LPV,19350.600,19350.600,19350.700,0.000,0.100,0.100
demo-1781204894611-47,RR Lyrae,19350.500,19350.500,19350.600,0.000,0.100,0.100
demo-1781204894611-46,SN Ia,19350.400,19350.400,19350.500,0.000,0.100,0.100
demo-1781204894611-45,Mira,19350.300,19350.300,19350.300,0.000,0.000,0.000
demo-1781204894611-44,Mira,19350.100,19350.100,19350.300,0.000,0.200,0.200
demo-1781204894610-43,RR Lyrae,19349.400,19349.500,19350.000,0.100,0.500,0.600
demo-1781204894610-42,SN II,19349.300,19349.300,19349.400,0.000,0.100,0.100
demo-1781204894594-41,LPV,19333.100,19333.100,19333.200,0.000,0.100,0.100
demo-1781204894593-40,RR Lyrae,19333.000,19333.000,19333.100,0.000,0.100,0.100
demo-1781204894593-39,LPV,19332.900,19332.900,19333.000,0.000,0.100,0.100
demo-1781204894593-38,RR Lyrae,19332.800,19332.800,19332.900,0.000,0.100,0.100
demo-1781204894593-37,AGN,19332.500,19332.500,19332.800,0.000,0.300,0.300
demo-1781204894593-36,RR Lyrae,19332.300,19332.300,19332.500,0.000,0.200,0.200
demo-1781204894593-35,Mira,19332.100,19332.100,19332.300,0.000,0.200,0.200
demo-1781204894592-34,RR Lyrae,19331.900,19332.000,19332.100,0.100,0.100,0.200
demo-1781204894577-33,Cepheid,19317.100,19317.100,19317.200,0.000,0.100,0.100
demo-1781204894577-32,RR Lyrae,19316.900,19316.900,19317.000,0.000,0.100,0.100
demo-1781204894577-31,AGN,19316.700,19316.700,19316.900,0.000,0.200,0.200
demo-1781204894577-30,AGN,19316.500,19316.500,19316.700,0.000,0.200,0.200
demo-1781204894577-29,RR Lyrae,19316.400,19316.400,19316.500,0.000,0.100,0.100
demo-1781204894577-28,SN II,19316.200,19316.300,19316.300,0.100,0.000,0.100
demo-1781204894576-27,AGN,19316.000,19316.000,19316.200,0.000,0.200,0.200
demo-1781204894576-26,AGN,19315.900,19315.900,19316.000,0.000,0.100,0.100
demo-1781204894561-25,RR Lyrae,19300.800,19300.800,19305.700,0.000,4.900,4.900
demo-1781204894561-24,RR Lyrae,19300.600,19300.600,19300.800,0.000,0.200,0.200
demo-1781204894561-23,RR Lyrae,19300.500,19300.500,19300.600,0.000,0.100,0.100
demo-1781204894561-22,RR Lyrae,19300.400,19300.400,19300.500,0.000,0.100,0.100
demo-1781204894561-21,AGN,19300.200,19300.200,19300.300,0.000,0.100,0.100
demo-1781204894561-20,AGN,19300.100,19300.100,19300.200,0.000,0.100,0.100
demo-1781204894560-19,AGN,19300.000,19300.000,19300.100,0.000,0.100,0.100
demo-1781204894560-18,SN II,19299.800,19299.800,19300.000,0.000,0.200,0.200
demo-1781204894560-17,QSO,19299.700,19299.700,19299.800,0.000,0.100,0.100
demo-1781204894545-16,SN II,19284.700,19284.700,19284.800,0.000,0.100,0.100
demo-1781204894545-15,AGN,19284.500,19284.500,19284.700,0.000,0.200,0.200
demo-1781204894545-14,RR Lyrae,19284.500,19284.500,19284.500,0.000,0.000,0.000
demo-1781204894545-13,RR Lyrae,19284.400,19284.400,19284.500,0.000,0.100,0.100
demo-1781204894545-12,Unknown,19284.200,19284.200,19284.400,0.000,0.200,0.200
demo-1781204894544-11,SN Ia,19283.800,19283.900,19284.100,0.100,0.200,0.300
demo-1781204894544-10,RR Lyrae,19283.800,19283.800,19283.800,0.000,0.000,0.000
demo-1781204894544-9,RR Lyrae,19283.100,19283.100,19283.800,0.000,0.700,0.700
demo-1781204894539-8,AGN,19278.400,19278.400,19278.500,0.000,0.100,0.100
demo-1781204894539-7,RR Lyrae,19278.200,19278.200,19278.300,0.000,0.100,0.100
demo-1781204894539-6,RR Lyrae,19278.100,19278.100,19278.200,0.000,0.100,0.100
demo-1781204894538-5,RR Lyrae,19278.100,19278.100,19278.100,0.000,0.000,0.000
demo-1781204894538-4,Cepheid,19277.800,19277.900,19278.000,0.100,0.100,0.200
demo-1781204894538-3,AGN,19277.600,19277.600,19277.800,0.000,0.200,0.200
demo-1781204894538-2,Mira,19277.400,19277.500,19277.600,0.100,0.100,0.200
demo-1781204894527-1,SN Ia,19266.900,19267.400,19277.200,0.500,9.800,10.300