alertId,type,tA,tB,tC,latencyMap_ms,latencyAudio_ms,totalLatency_ms
demo-1781204767560-5093,Mira,89742.700,89742.700,89742.800,0.000,0.100,0.100
demo-1781204767560-5092,RR Lyrae,89742.700,89742.700,89742.700,0.000,0.000,0.000
demo-1781204767560-5091,RR Lyrae,89742.600,89742.600,89742.700,0.000,0.100,0.100
demo-1781204767544-5090,RR Lyrae,89726.200,89726.200,89726.300,0.000,0.100,0.100
demo-1781204767544-5089,SN Ia,89726.200,89726.200,89726.200,0.000,0.000,0.000
demo-1781204767544-5088,SN Ic,89726.100,89726.100,89726.200,0.000,0.100,0.100
demo-1781204767544-5087,RR Lyrae,89726.000,89726.000,89726.100,0.000,0.100,0.100
demo-1781204767527-5086,LPV,89709.300,89709.300,89709.400,0.000,0.100,0.100
demo-1781204767527-5085,Unknown,89709.200,89709.200,89709.300,0.000,0.100,0.100
demo-1781204767527-5084,RR Lyrae,89709.200,89709.200,89709.200,0.000,0.000,0.000
demo-1781204767510-5083,LPV,89692.600,89692.600,89692.600,0.000,0.000,0.000
demo-1781204767510-5082,SN II,89692.500,89692.500,89692.600,0.000,0.100,0.100
demo-1781204767510-5081,AGN,89692.400,89692.400,89692.500,0.000,0.100,0.100
demo-1781204767494-5080,SN Ia,89676.200,89676.200,89676.300,0.000,0.100,0.100
demo-1781204767494-5079,AGN,89676.100,89676.100,89676.200,0.000,0.100,0.100
demo-1781204767494-5078,SN Ia,89676.100,89676.100,89676.100,0.000,0.000,0.000
demo-1781204767494-5077,QSO,89676.000,89676.000,89676.100,0.000,0.100,0.100
demo-1781204767477-5076,RR Lyrae,89659.300,89659.300,89659.400,0.000,0.100,0.100
demo-1781204767477-5075,SN II,89659.300,89659.300,89659.300,0.000,0.000,0.000
demo-1781204767477-5074,RR Lyrae,89659.200,89659.200,89659.200,0.000,0.000,0.000
demo-1781204767461-5073,RR Lyrae,89643.000,89643.000,89643.100,0.000,0.100,0.100
demo-1781204767461-5072,QSO,89642.900,89642.900,89643.000,0.000,0.100,0.100
demo-1781204767460-5071,SN Ic,89642.800,89642.800,89642.900,0.000,0.100,0.100
demo-1781204767444-5070,LPV,89626.600,89626.600,89626.600,0.000,0.000,0.000
demo-1781204767444-5069,RR Lyrae,89626.500,89626.500,89626.500,0.000,0.000,0.000
demo-1781204767444-5068,RR Lyrae,89626.400,89626.400,89626.400,0.000,0.000,0.000
demo-1781204767444-5067,Mira,89626.300,89626.300,89626.400,0.000,0.100,0.100
demo-1781204767427-5066,RR Lyrae,89609.500,89609.500,89609.500,0.000,0.000,0.000
demo-1781204767427-5065,RR Lyrae,89609.500,89609.500,89609.500,0.000,0.000,0.000
demo-1781204767427-5064,Mira,89609.400,89609.400,89609.400,0.000,0.000,0.000
demo-1781204767410-5063,Mira,89592.700,89592.800,89592.800,0.100,0.000,0.100
demo-1781204767410-5062,Unknown,89592.700,89592.700,89592.700,0.000,0.000,0.000
demo-1781204767410-5061,Cepheid,89592.500,89592.500,89592.700,0.000,0.200,0.200
demo-1781204767394-5060,LPV,89576.100,89576.100,89576.100,0.000,0.000,0.000
demo-1781204767394-5059,RR Lyrae,89576.000,89576.000,89576.100,0.000,0.100,0.100
demo-1781204767394-5058,SN Ia,89576.000,89576.000,89576.000,0.000,0.000,0.000
demo-1781204767394-5057,SN II,89575.900,89575.900,89575.900,0.000,0.000,0.000
demo-1781204767377-5056,AGN,89559.600,89559.600,89559.600,0.000,0.000,0.000
demo-1781204767377-5055,Mira,89559.500,89559.500,89559.500,0.000,0.000,0.000
demo-1781204767377-5054,QSO,89559.400,89559.400,89559.500,0.000,0.100,0.100
demo-1781204767374-5053,RR Lyrae,89556.700,89556.700,89556.700,0.000,0.000,0.000
demo-1781204767374-5052,RR Lyrae,89556.700,89556.700,89556.700,0.000,0.000,0.000
demo-1781204767374-5051,RR Lyrae,89556.600,89556.600,89556.600,0.000,0.000,0.000
demo-1781204767370-5050,RR Lyrae,89552.800,89552.800,89552.900,0.000,0.100,0.100
demo-1781204767370-5049,AGN,89552.800,89552.800,89552.800,0.000,0.000,0.000
demo-1781204767370-5048,AGN,89552.700,89552.700,89552.800,0.000,0.100,0.100
demo-1781204767370-5047,AGN,89552.700,89552.700,89552.700,0.000,0.000,0.000
demo-1781204767327-5046,AGN,89509.300,89509.300,89509.400,0.000,0.100,0.100
demo-1781204767327-5045,RR Lyrae,89509.300,89509.300,89509.300,0.000,0.000,0.000
demo-1781204767327-5044,LPV,89509.200,89509.200,89509.200,0.000,0.000,0.000
demo-1781204767310-5043,AGN,89492.800,89492.800,89492.800,0.000,0.000,0.000
demo-1781204767310-5042,LPV,89492.700,89492.700,89492.800,0.000,0.100,0.100
demo-1781204767310-5041,RR Lyrae,89492.600,89492.600,89492.700,0.000,0.100,0.100
demo-1781204767294-5040,AGN,89476.000,89476.000,89476.100,0.000,0.100,0.100
demo-1781204767294-5039,RR Lyrae,89476.000,89476.000,89476.000,0.000,0.000,0.000
demo-1781204767294-5038,Unknown,89476.000,89476.000,89476.000,0.000,0.000,0.000
demo-1781204767294-5037,AGN,89475.900,89475.900,89476.000,0.000,0.100,0.100
demo-1781204767277-5036,SN II,89459.400,89459.400,89459.500,0.000,0.100,0.100
demo-1781204767277-5035,RR Lyrae,89459.400,89459.400,89459.400,0.000,0.000,0.000
demo-1781204767277-5034,SN II,89459.200,89459.200,89459.300,0.000,0.100,0.100
demo-1781204767260-5033,Mira,89442.700,89442.700,89442.700,0.000,0.000,0.000
demo-1781204767260-5032,Mira,89442.500,89442.500,89442.700,0.000,0.200,0.200
demo-1781204767260-5031,Mira,89442.500,89442.500,89442.500,0.000,0.000,0.000
demo-1781204767244-5030,Mira,89426.000,89426.000,89426.100,0.000,0.100,0.100
demo-1781204767244-5029,Unknown,89426.000,89426.000,89426.000,0.000,0.000,0.000
demo-1781204767244-5028,RR Lyrae,89425.900,89425.900,89426.000,0.000,0.100,0.100
demo-1781204767243-5027,AGN,89425.800,89425.900,89425.900,0.100,0.000,0.100
demo-1781204767226-5026,LPV,89408.300,89408.300,89408.400,0.000,0.100,0.100
demo-1781204767226-5025,Mira,89408.300,89408.300,89408.300,0.000,0.000,0.000
demo-1781204767226-5024,SN Ia,89408.200,89408.200,89408.300,0.000,0.100,0.100
demo-1781204767210-5023,Unknown,89392.700,89392.700,89392.700,0.000,0.000,0.000
demo-1781204767210-5022,RR Lyrae,89392.700,89392.700,89392.700,0.000,0.000,0.000
demo-1781204767210-5021,RR Lyrae,89392.500,89392.500,89392.700,0.000,0.200,0.200
demo-1781204767194-5020,RR Lyrae,89376.100,89376.200,89376.200,0.100,0.000,0.100
demo-1781204767194-5019,Mira,89376.100,89376.100,89376.100,0.000,0.000,0.000
demo-1781204767194-5018,Mira,89376.000,89376.000,89376.100,0.000,0.100,0.100
demo-1781204767194-5017,LPV,89375.900,89375.900,89376.000,0.000,0.100,0.100
demo-1781204767177-5016,RR Lyrae,89359.700,89359.700,89359.700,0.000,0.000,0.000
demo-1781204767177-5015,Mira,89359.500,89359.500,89359.700,0.000,0.200,0.200
demo-1781204767177-5014,RR Lyrae,89359.500,89359.500,89359.500,0.000,0.000,0.000
demo-1781204767161-5013,Unknown,89343.100,89343.100,89343.100,0.000,0.000,0.000
demo-1781204767161-5012,Mira,89343.000,89343.000,89343.100,0.000,0.100,0.100
demo-1781204767161-5011,SN Ia,89343.000,89343.000,89343.000,0.000,0.000,0.000
demo-1781204767144-5010,Mira,89326.400,89326.400,89326.400,0.000,0.000,0.000
demo-1781204767144-5009,RR Lyrae,89326.300,89326.300,89326.400,0.000,0.100,0.100
demo-1781204767144-5008,SN Ia,89326.200,89326.300,89326.300,0.100,0.000,0.100
demo-1781204767144-5007,RR Lyrae,89326.100,89326.100,89326.200,0.000,0.100,0.100
demo-1781204767130-5006,Mira,89312.300,89312.300,89312.400,0.000,0.100,0.100
demo-1781204767130-5005,AGN,89312.300,89312.300,89312.300,0.000,0.000,0.000
demo-1781204767130-5004,Mira,89312.100,89312.100,89312.200,0.000,0.100,0.100
demo-1781204767127-5003,Cepheid,89309.000,89309.000,89309.100,0.000,0.100,0.100
demo-1781204767127-5002,QSO,89308.900,89308.900,89309.000,0.000,0.100,0.100
demo-1781204767126-5001,Cepheid,89308.800,89308.800,89308.900,0.000,0.100,0.100
demo-1781204767122-5000,Unknown,89304.400,89304.400,89304.400,0.000,0.000,0.000
demo-1781204767122-4999,RR Lyrae,89304.300,89304.300,89304.400,0.000,0.100,0.100
demo-1781204767122-4998,AGN,89304.200,89304.200,89304.300,0.000,0.100,0.100
demo-1781204767122-4997,AGN,89304.100,89304.100,89304.200,0.000,0.100,0.100
demo-1781204767077-4996,Unknown,89259.300,89259.300,89259.300,0.000,0.000,0.000
demo-1781204767077-4995,AGN,89259.300,89259.300,89259.300,0.000,0.000,0.000
demo-1781204767077-4994,RR Lyrae,89259.100,89259.100,89259.300,0.000,0.200,0.200
demo-1781204767060-4993,AGN,89242.800,89242.800,89242.800,0.000,0.000,0.000
demo-1781204767060-4992,RR Lyrae,89242.700,89242.700,89242.800,0.000,0.100,0.100
demo-1781204767060-4991,SN II,89242.600,89242.600,89242.600,0.000,0.000,0.000
demo-1781204767044-4990,RR Lyrae,89226.200,89226.200,89226.300,0.000,0.100,0.100
demo-1781204767044-4989,AGN,89226.200,89226.200,89226.200,0.000,0.000,0.000
demo-1781204767044-4988,LPV,89226.100,89226.100,89226.100,0.000,0.000,0.000
demo-1781204767044-4987,RR Lyrae,89226.000,89226.000,89226.000,0.000,0.000,0.000
demo-1781204767032-4986,RR Lyrae,89214.000,89214.000,89214.000,0.000,0.000,0.000
demo-1781204767032-4985,SN Ia,89213.900,89214.000,89214.000,0.100,0.000,0.100
demo-1781204767031-4984,AGN,89213.800,89213.800,89213.900,0.000,0.100,0.100
demo-1781204767010-4983,Mira,89192.600,89192.600,89192.700,0.000,0.100,0.100
demo-1781204767010-4982,SN Ia,89192.500,89192.500,89192.600,0.000,0.100,0.100
demo-1781204767010-4981,SN Ic,89192.400,89192.400,89192.500,0.000,0.100,0.100
demo-1781204766994-4980,Cepheid,89176.000,89176.000,89176.000,0.000,0.000,0.000
demo-1781204766994-4979,AGN,89176.000,89176.000,89176.000,0.000,0.000,0.000
demo-1781204766994-4978,Mira,89175.900,89175.900,89176.000,0.000,0.100,0.100
demo-1781204766993-4977,RR Lyrae,89175.800,89175.800,89175.900,0.000,0.100,0.100
demo-1781204766977-4976,RR Lyrae,89159.300,89159.300,89159.300,0.000,0.000,0.000
demo-1781204766977-4975,LPV,89159.100,89159.100,89159.300,0.000,0.200,0.200
demo-1781204766977-4974,RR Lyrae,89159.100,89159.100,89159.100,0.000,0.000,0.000
demo-1781204766960-4973,SN II,89142.600,89142.600,89142.700,0.000,0.100,0.100
demo-1781204766960-4972,Mira,89142.600,89142.600,89142.600,0.000,0.000,0.000
demo-1781204766960-4971,AGN,89142.500,89142.500,89142.500,0.000,0.000,0.000
demo-1781204766944-4970,Mira,89126.100,89126.100,89126.100,0.000,0.000,0.000
demo-1781204766944-4969,SN II,89126.000,89126.000,89126.000,0.000,0.000,0.000
demo-1781204766944-4968,RR Lyrae,89125.900,89126.000,89126.000,0.100,0.000,0.100
demo-1781204766944-4967,RR Lyrae,89125.900,89125.900,89125.900,0.000,0.000,0.000
demo-1781204766927-4966,SN II,89109.200,89109.200,89109.200,0.000,0.000,0.000
demo-1781204766927-4965,Unknown,89109.100,89109.100,89109.200,0.000,0.100,0.100
demo-1781204766927-4964,AGN,89109.000,89109.000,89109.100,0.000,0.100,0.100
demo-1781204766910-4963,SN Ia,89092.800,89092.800,89092.900,0.000,0.100,0.100
demo-1781204766910-4962,Unknown,89092.700,89092.700,89092.800,0.000,0.100,0.100
demo-1781204766910-4961,Cepheid,89092.600,89092.600,89092.700,0.000,0.100,0.100
demo-1781204766894-4960,Unknown,89076.400,89076.400,89076.400,0.000,0.000,0.000
demo-1781204766894-4959,SN II,89076.300,89076.300,89076.400,0.000,0.100,0.100
demo-1781204766894-4958,AGN,89076.200,89076.200,89076.300,0.000,0.100,0.100
demo-1781204766894-4957,RR Lyrae,89076.100,89076.100,89076.100,0.000,0.000,0.000
demo-1781204766879-4956,RR Lyrae,89061.000,89061.000,89061.100,0.000,0.100,0.100
demo-1781204766879-4955,RR Lyrae,89060.900,89060.900,89060.900,0.000,0.000,0.000
demo-1781204766878-4954,SN II,89060.800,89060.800,89060.900,0.000,0.100,0.100
demo-1781204766876-4953,RR Lyrae,89058.000,89058.000,89058.100,0.000,0.100,0.100
demo-1781204766876-4952,RR Lyrae,89058.000,89058.000,89058.000,0.000,0.000,0.000
demo-1781204766876-4951,QSO,89057.900,89058.000,89058.000,0.100,0.000,0.100
demo-1781204766872-4950,Unknown,89054.000,89054.000,89054.000,0.000,0.000,0.000
demo-1781204766872-4949,Mira,89053.900,89053.900,89054.000,0.000,0.100,0.100
demo-1781204766871-4948,AGN,89053.800,89053.800,89053.900,0.000,0.100,0.100
demo-1781204766871-4947,RR Lyrae,89053.700,89053.700,89053.800,0.000,0.100,0.100
demo-1781204766827-4946,AGN,89009.600,89009.600,89009.600,0.000,0.000,0.000
demo-1781204766827-4945,RR Lyrae,89009.500,89009.500,89009.500,0.000,0.000,0.000
demo-1781204766827-4944,Mira,89009.400,89009.400,89009.500,0.000,0.100,0.100
demo-1781204766811-4943,RR Lyrae,88993.000,88993.000,88993.100,0.000,0.100,0.100
demo-1781204766811-4942,AGN,88992.900,88992.900,88993.000,0.000,0.100,0.100
demo-1781204766810-4941,RR Lyrae,88992.800,88992.800,88992.900,0.000,0.100,0.100
demo-1781204766810-4940,SN II,88992.800,88992.800,88992.800,0.000,0.000,0.000
demo-1781204766793-4939,AGN,88975.800,88975.800,88975.900,0.000,0.100,0.100
demo-1781204766793-4938,RR Lyrae,88975.700,88975.700,88975.800,0.000,0.100,0.100
demo-1781204766793-4937,AGN,88975.500,88975.500,88975.700,0.000,0.200,0.200
demo-1781204766777-4936,Mira,88959.500,88959.500,88959.500,0.000,0.000,0.000
demo-1781204766777-4935,SN Ic,88959.400,88959.400,88959.500,0.000,0.100,0.100
demo-1781204766777-4934,RR Lyrae,88959.300,88959.300,88959.400,0.000,0.100,0.100
demo-1781204766761-4933,RR Lyrae,88943.100,88943.100,88943.200,0.000,0.100,0.100
demo-1781204766761-4932,Unknown,88943.000,88943.000,88943.100,0.000,0.100,0.100
demo-1781204766761-4931,QSO,88943.000,88943.000,88943.000,0.000,0.000,0.000
demo-1781204766744-4930,SN II,88926.300,88926.300,88926.400,0.000,0.100,0.100
demo-1781204766744-4929,LPV,88926.300,88926.300,88926.300,0.000,0.000,0.000
demo-1781204766744-4928,RR Lyrae,88926.100,88926.100,88926.200,0.000,0.100,0.100
demo-1781204766744-4927,RR Lyrae,88926.000,88926.100,88926.100,0.100,0.000,0.100
demo-1781204766727-4926,SN II,88909.300,88909.300,88909.400,0.000,0.100,0.100
demo-1781204766727-4925,AGN,88909.300,88909.300,88909.300,0.000,0.000,0.000
demo-1781204766727-4924,RR Lyrae,88909.200,88909.200,88909.300,0.000,0.100,0.100
demo-1781204766710-4923,Mira,88892.800,88892.800,88892.800,0.000,0.000,0.000
demo-1781204766710-4922,LPV,88892.800,88892.800,88892.800,0.000,0.000,0.000
demo-1781204766710-4921,RR Lyrae,88892.700,88892.700,88892.700,0.000,0.000,0.000
demo-1781204766694-4920,RR Lyrae,88876.000,88876.100,88876.100,0.100,0.000,0.100
demo-1781204766694-4919,RR Lyrae,88875.900,88875.900,88876.000,0.000,0.100,0.100
demo-1781204766694-4918,RR Lyrae,88875.900,88875.900,88875.900,0.000,0.000,0.000
demo-1781204766693-4917,RR Lyrae,88875.800,88875.800,88875.900,0.000,0.100,0.100
demo-1781204766677-4916,RR Lyrae,88859.500,88859.500,88859.500,0.000,0.000,0.000
demo-1781204766677-4915,RR Lyrae,88859.400,88859.400,88859.400,0.000,0.000,0.000
demo-1781204766677-4914,QSO,88859.300,88859.300,88859.400,0.000,0.100,0.100
demo-1781204766677-4913,AGN,88859.200,88859.200,88859.300,0.000,0.100,0.100
demo-1781204766660-4912,SN Ia,88842.800,88842.800,88842.900,0.000,0.100,0.100
demo-1781204766660-4911,AGN,88842.700,88842.700,88842.800,0.000,0.100,0.100
demo-1781204766660-4910,RR Lyrae,88842.600,88842.600,88842.700,0.000,0.100,0.100
demo-1781204766660-4909,AGN,88842.600,88842.600,88842.600,0.000,0.000,0.000
demo-1781204766647-4908,QSO,88829.100,88829.100,88829.200,0.000,0.100,0.100
demo-1781204766647-4907,RR Lyrae,88829.100,88829.100,88829.100,0.000,0.000,0.000
demo-1781204766647-4906,RR Lyrae,88829.000,88829.000,88829.100,0.000,0.100,0.100
demo-1781204766647-4905,Mira,88828.900,88828.900,88829.000,0.000,0.100,0.100
demo-1781204766628-4904,Mira,88810.100,88810.100,88810.100,0.000,0.000,0.000
demo-1781204766628-4903,RR Lyrae,88810.100,88810.100,88810.100,0.000,0.000,0.000
demo-1781204766628-4902,RR Lyrae,88810.000,88810.000,88810.000,0.000,0.000,0.000
demo-1781204766627-4901,RR Lyrae,88809.900,88809.900,88810.000,0.000,0.100,0.100
demo-1781204766624-4900,Cepheid,88806.200,88806.200,88806.300,0.000,0.100,0.100
demo-1781204766624-4899,AGN,88806.200,88806.200,88806.200,0.000,0.000,0.000
demo-1781204766624-4898,SN II,88806.100,88806.100,88806.100,0.000,0.000,0.000
demo-1781204766624-4897,AGN,88806.000,88806.000,88806.100,0.000,0.100,0.100
demo-1781204766577-4896,AGN,88759.400,88759.400,88759.500,0.000,0.100,0.100
demo-1781204766577-4895,RR Lyrae,88759.400,88759.400,88759.400,0.000,0.000,0.000
demo-1781204766577-4894,AGN,88759.300,88759.300,88759.300,0.000,0.000,0.000
demo-1781204766560-4893,Unknown,88742.800,88742.800,88742.900,0.000,0.100,0.100
demo-1781204766560-4892,QSO,88742.700,88742.700,88742.700,0.000,0.000,0.000
demo-1781204766560-4891,AGN,88742.600,88742.600,88742.700,0.000,0.100,0.100
demo-1781204766544-4890,AGN,88726.200,88726.200,88726.200,0.000,0.000,0.000
demo-1781204766544-4889,RR Lyrae,88726.100,88726.100,88726.200,0.000,0.100,0.100
demo-1781204766544-4888,AGN,88726.000,88726.000,88726.100,0.000,0.100,0.100
demo-1781204766544-4887,QSO,88725.900,88725.900,88726.000,0.000,0.100,0.100
demo-1781204766527-4886,AGN,88709.600,88709.600,88709.600,0.000,0.000,0.000
demo-1781204766527-4885,SN Ia,88709.500,88709.500,88709.600,0.000,0.100,0.100
demo-1781204766527-4884,AGN,88709.400,88709.400,88709.500,0.000,0.100,0.100
demo-1781204766510-4883,RR Lyrae,88692.800,88692.800,88692.800,0.000,0.000,0.000
demo-1781204766510-4882,AGN,88692.700,88692.700,88692.800,0.000,0.100,0.100
demo-1781204766510-4881,SN Ia,88692.600,88692.600,88692.700,0.000,0.100,0.100
demo-1781204766494-4880,AGN,88676.200,88676.200,88676.300,0.000,0.100,0.100
demo-1781204766494-4879,SN Ia,88676.100,88676.100,88676.200,0.000,0.100,0.100
demo-1781204766494-4878,RR Lyrae,88676.100,88676.100,88676.100,0.000,0.000,0.000
demo-1781204766494-4877,RR Lyrae,88676.000,88676.000,88676.000,0.000,0.000,0.000
demo-1781204766477-4876,Cepheid,88659.300,88659.300,88659.300,0.000,0.000,0.000
demo-1781204766477-4875,RR Lyrae,88659.200,88659.200,88659.300,0.000,0.100,0.100
demo-1781204766477-4874,Cepheid,88659.100,88659.100,88659.100,0.000,0.000,0.000
demo-1781204766460-4873,QSO,88642.800,88642.800,88642.800,0.000,0.000,0.000
demo-1781204766460-4872,RR Lyrae,88642.600,88642.600,88642.800,0.000,0.200,0.200
demo-1781204766460-4871,AGN,88642.500,88642.500,88642.600,0.000,0.100,0.100
demo-1781204766460-4870,Cepheid,88642.500,88642.500,88642.500,0.000,0.000,0.000
demo-1781204766444-4869,Mira,88626.100,88626.100,88626.100,0.000,0.000,0.000
demo-1781204766444-4868,Mira,88626.000,88626.000,88626.100,0.000,0.100,0.100
demo-1781204766444-4867,Mira,88625.900,88625.900,88626.000,0.000,0.100,0.100
demo-1781204766443-4866,AGN,88625.800,88625.800,88625.900,0.000,0.100,0.100
demo-1781204766427-4865,AGN,88609.300,88609.300,88609.300,0.000,0.000,0.000
demo-1781204766427-4864,Mira,88609.200,88609.200,88609.300,0.000,0.100,0.100
demo-1781204766427-4863,RR Lyrae,88609.100,88609.100,88609.200,0.000,0.100,0.100
demo-1781204766427-4862,RR Lyrae,88609.000,88609.000,88609.100,0.000,0.100,0.100
demo-1781204766410-4861,RR Lyrae,88592.600,88592.700,88592.700,0.100,0.000,0.100
demo-1781204766410-4860,Mira,88592.600,88592.600,88592.600,0.000,0.000,0.000
demo-1781204766410-4859,RR Lyrae,88592.400,88592.400,88592.600,0.000,0.200,0.200
demo-1781204766410-4858,RR Lyrae,88592.400,88592.400,88592.400,0.000,0.000,0.000
demo-1781204766394-4857,RR Lyrae,88575.900,88575.900,88576.000,0.000,0.100,0.100
demo-1781204766394-4856,RR Lyrae,88575.900,88575.900,88575.900,0.000,0.000,0.000
demo-1781204766393-4855,AGN,88575.800,88575.800,88575.900,0.000,0.100,0.100
demo-1781204766393-4854,AGN,88575.800,88575.800,88575.800,0.000,0.000,0.000
demo-1781204766377-4853,Unknown,88558.900,88558.900,88559.000,0.000,0.100,0.100
demo-1781204766377-4852,RR Lyrae,88558.900,88558.900,88558.900,0.000,0.000,0.000
demo-1781204766376-4851,Mira,88558.700,88558.700,88558.900,0.000,0.200,0.200
demo-1781204766373-4850,SN Ia,88555.100,88555.100,88555.200,0.000,0.100,0.100
demo-1781204766373-4849,RR Lyrae,88555.000,88555.000,88555.000,0.000,0.000,0.000
demo-1781204766373-4848,Mira,88554.900,88554.900,88555.000,0.000,0.100,0.100
demo-1781204766372-4847,Mira,88554.800,88554.900,88554.900,0.100,0.000,0.100
demo-1781204766327-4846,RR Lyrae,88509.700,88509.700,88509.700,0.000,0.000,0.000
demo-1781204766327-4845,QSO,88509.500,88509.500,88509.600,0.000,0.100,0.100
demo-1781204766327-4844,QSO,88509.400,88509.400,88509.500,0.000,0.100,0.100
demo-1781204766310-4843,SN Ic,88492.800,88492.800,88492.900,0.000,0.100,0.100
demo-1781204766310-4842,Unknown,88492.800,88492.800,88492.800,0.000,0.000,0.000
demo-1781204766310-4841,LPV,88492.600,88492.600,88492.800,0.000,0.200,0.200
demo-1781204766294-4840,QSO,88476.100,88476.200,88476.200,0.100,0.000,0.100
demo-1781204766294-4839,AGN,88476.100,88476.100,88476.100,0.000,0.000,0.000
demo-1781204766294-4838,RR Lyrae,88476.000,88476.100,88476.100,0.100,0.000,0.100
demo-1781204766294-4837,RR Lyrae,88475.900,88475.900,88476.000,0.000,0.100,0.100
demo-1781204766277-4836,SN Ia,88459.000,88459.000,88459.100,0.000,0.100,0.100
demo-1781204766277-4835,QSO,88458.900,88459.000,88459.000,0.100,0.000,0.100
demo-1781204766277-4834,AGN,88458.900,88458.900,88458.900,0.000,0.000,0.000
demo-1781204766260-4833,AGN,88442.600,88442.600,88442.600,0.000,0.000,0.000
demo-1781204766260-4832,Mira,88442.500,88442.500,88442.500,0.000,0.000,0.000
demo-1781204766260-4831,Unknown,88442.400,88442.400,88442.500,0.000,0.100,0.100
demo-1781204766244-4830,LPV,88425.900,88425.900,88425.900,0.000,0.000,0.000
demo-1781204766243-4829,QSO,88425.900,88425.900,88425.900,0.000,0.000,0.000
demo-1781204766243-4828,SN Ia,88425.700,88425.700,88425.900,0.000,0.200,0.200
demo-1781204766243-4827,RR Lyrae,88425.700,88425.700,88425.700,0.000,0.000,0.000
demo-1781204766227-4826,RR Lyrae,88409.300,88409.300,88409.400,0.000,0.100,0.100
demo-1781204766227-4825,LPV,88409.300,88409.300,88409.300,0.000,0.000,0.000
demo-1781204766227-4824,Mira,88409.200,88409.200,88409.200,0.000,0.000,0.000
demo-1781204766210-4823,AGN,88392.500,88392.500,88392.500,0.000,0.000,0.000
demo-1781204766210-4822,Unknown,88392.500,88392.500,88392.500,0.000,0.000,0.000
demo-1781204766210-4821,Mira,88392.300,88392.300,88392.400,0.000,0.100,0.100
demo-1781204766194-4820,RR Lyrae,88376.000,88376.000,88376.000,0.000,0.000,0.000
demo-1781204766193-4819,RR Lyrae,88375.800,88375.800,88375.900,0.000,0.100,0.100
demo-1781204766193-4818,RR Lyrae,88375.800,88375.800,88375.800,0.000,0.000,0.000
demo-1781204766193-4817,RR Lyrae,88375.700,88375.700,88375.800,0.000,0.100,0.100
demo-1781204766177-4816,Mira,88359.300,88359.300,88359.300,0.000,0.000,0.000
demo-1781204766177-4815,RR Lyrae,88359.300,88359.300,88359.300,0.000,0.000,0.000
demo-1781204766177-4814,RR Lyrae,88359.100,88359.100,88359.200,0.000,0.100,0.100
demo-1781204766177-4813,AGN,88359.000,88359.000,88359.100,0.000,0.100,0.100
demo-1781204766160-4812,AGN,88342.200,88342.200,88342.200,0.000,0.000,0.000
demo-1781204766160-4811,SN Ia,88342.100,88342.100,88342.200,0.000,0.100,0.100
demo-1781204766160-4810,Mira,88342.000,88342.000,88342.100,0.000,0.100,0.100
demo-1781204766159-4809,AGN,88341.900,88341.900,88342.000,0.000,0.100,0.100
demo-1781204766144-4808,AGN,88326.300,88326.300,88326.400,0.000,0.100,0.100
demo-1781204766144-4807,RR Lyrae,88326.300,88326.300,88326.300,0.000,0.000,0.000
demo-1781204766144-4806,RR Lyrae,88326.200,88326.200,88326.300,0.000,0.100,0.100
demo-1781204766144-4805,AGN,88326.000,88326.100,88326.200,0.100,0.100,0.200
demo-1781204766131-4804,Mira,88313.200,88313.200,88313.200,0.000,0.000,0.000
demo-1781204766131-4803,RR Lyrae,88313.000,88313.100,88313.100,0.100,0.000,0.100
demo-1781204766131-4802,QSO,88312.900,88312.900,88313.000,0.000,0.100,0.100
demo-1781204766130-4801,Cepheid,88312.700,88312.800,88312.900,0.100,0.100,0.200
demo-1781204766126-4800,Cepheid,88308.200,88308.200,88308.300,0.000,0.100,0.100
demo-1781204766126-4799,AGN,88308.200,88308.200,88308.200,0.000,0.000,0.000
demo-1781204766126-4798,RR Lyrae,88308.100,88308.100,88308.200,0.000,0.100,0.100
demo-1781204766126-4797,AGN,88308.000,88308.000,88308.000,0.000,0.000,0.000
demo-1781204766077-4796,AGN,88259.700,88259.700,88259.800,0.000,0.100,0.100
demo-1781204766077-4795,SN II,88259.600,88259.600,88259.700,0.000,0.100,0.100
demo-1781204766077-4794,SN Ia,88259.500,88259.500,88259.600,0.000,0.100,0.100
demo-1781204766060-4793,Unknown,88242.600,88242.600,88242.600,0.000,0.000,0.000
demo-1781204766060-4792,Mira,88242.500,88242.500,88242.500,0.000,0.000,0.000
demo-1781204766060-4791,Cepheid,88242.400,88242.400,88242.500,0.000,0.100,0.100
demo-1781204766044-4790,SN Ia,88225.900,88225.900,88226.000,0.000,0.100,0.100
demo-1781204766044-4789,Mira,88225.900,88225.900,88225.900,0.000,0.000,0.000
demo-1781204766043-4788,QSO,88225.800,88225.900,88225.900,0.100,0.000,0.100
demo-1781204766043-4787,Unknown,88225.700,88225.700,88225.800,0.000,0.100,0.100
demo-1781204766032-4786,SN II,88214.100,88214.100,88214.200,0.000,0.100,0.100
demo-1781204766032-4785,QSO,88214.000,88214.000,88214.100,0.000,0.100,0.100
demo-1781204766032-4784,AGN,88213.900,88213.900,88214.000,0.000,0.100,0.100
demo-1781204766010-4783,AGN,88192.800,88192.800,88192.900,0.000,0.100,0.100
demo-1781204766010-4782,RR Lyrae,88192.700,88192.700,88192.800,0.000,0.100,0.100
demo-1781204766010-4781,Mira,88192.600,88192.600,88192.700,0.000,0.100,0.100
demo-1781204765994-4780,QSO,88176.100,88176.100,88176.100,0.000,0.000,0.000
demo-1781204765994-4779,Mira,88175.900,88175.900,88176.000,0.000,0.100,0.100
demo-1781204765994-4778,Mira,88175.900,88175.900,88175.900,0.000,0.000,0.000
demo-1781204765993-4777,AGN,88175.700,88175.800,88175.900,0.100,0.100,0.200
demo-1781204765977-4776,AGN,88159.500,88159.500,88159.600,0.000,0.100,0.100
demo-1781204765977-4775,AGN,88159.400,88159.400,88159.500,0.000,0.100,0.100
demo-1781204765977-4774,Cepheid,88159.300,88159.300,88159.400,0.000,0.100,0.100
demo-1781204765960-4773,RR Lyrae,88142.800,88142.800,88142.900,0.000,0.100,0.100
demo-1781204765960-4772,Cepheid,88142.700,88142.700,88142.700,0.000,0.000,0.000
demo-1781204765960-4771,Mira,88142.600,88142.600,88142.700,0.000,0.100,0.100
demo-1781204765944-4770,SN Ia,88126.100,88126.100,88126.200,0.000,0.100,0.100
demo-1781204765944-4769,Mira,88126.100,88126.100,88126.100,0.000,0.000,0.000
demo-1781204765944-4768,RR Lyrae,88125.900,88125.900,88126.000,0.000,0.100,0.100
demo-1781204765943-4767,Mira,88125.800,88125.900,88125.900,0.100,0.000,0.100
demo-1781204765927-4766,Mira,88109.300,88109.300,88109.300,0.000,0.000,0.000
demo-1781204765927-4765,AGN,88109.200,88109.200,88109.300,0.000,0.100,0.100
demo-1781204765927-4764,Mira,88109.100,88109.100,88109.100,0.000,0.000,0.000
demo-1781204765927-4763,Cepheid,88109.000,88109.000,88109.100,0.000,0.100,0.100
demo-1781204765910-4762,Cepheid,88092.700,88092.700,88092.800,0.000,0.100,0.100
demo-1781204765910-4761,RR Lyrae,88092.700,88092.700,88092.700,0.000,0.000,0.000
demo-1781204765910-4760,AGN,88092.600,88092.600,88092.700,0.000,0.100,0.100
demo-1781204765910-4759,Mira,88092.600,88092.600,88092.600,0.000,0.000,0.000
demo-1781204765894-4758,Mira,88075.900,88075.900,88075.900,0.000,0.000,0.000
demo-1781204765894-4757,AGN,88075.900,88075.900,88075.900,0.000,0.000,0.000
demo-1781204765893-4756,AGN,88075.800,88075.800,88075.900,0.000,0.100,0.100
demo-1781204765893-4755,RR Lyrae,88075.700,88075.700,88075.800,0.000,0.100,0.100
demo-1781204765878-4754,RR Lyrae,88060.100,88060.100,88060.200,0.000,0.100,0.100
demo-1781204765878-4753,AGN,88060.100,88060.100,88060.100,0.000,0.000,0.000
demo-1781204765878-4752,Unknown,88059.900,88059.900,88060.100,0.000,0.200,0.200
demo-1781204765878-4751,RR Lyrae,88059.900,88059.900,88059.900,0.000,0.000,0.000
demo-1781204765874-4750,AGN,88056.300,88056.300,88056.500,0.000,0.200,0.200
demo-1781204765874-4749,RR Lyrae,88056.300,88056.300,88056.300,0.000,0.000,0.000
demo-1781204765874-4748,RR Lyrae,88056.200,88056.200,88056.300,0.000,0.100,0.100
demo-1781204765874-4747,RR Lyrae,88056.100,88056.100,88056.200,0.000,0.100,0.100
demo-1781204765827-4746,RR Lyrae,88009.500,88009.500,88009.600,0.000,0.100,0.100
demo-1781204765827-4745,SN Ia,88009.500,88009.500,88009.500,0.000,0.000,0.000
demo-1781204765827-4744,AGN,88009.400,88009.400,88009.400,0.000,0.000,0.000
demo-1781204765810-4743,RR Lyrae,87992.900,87992.900,87993.000,0.000,0.100,0.100
demo-1781204765810-4742,AGN,87992.800,87992.800,87992.800,0.000,0.000,0.000
demo-1781204765810-4741,QSO,87992.600,87992.600,87992.700,0.000,0.100,0.100
demo-1781204765794-4740,RR Lyrae,87976.100,87976.100,87976.200,0.000,0.100,0.100
demo-1781204765794-4739,SN Ic,87976.100,87976.100,87976.100,0.000,0.000,0.000
demo-1781204765794-4738,Unknown,87975.900,87975.900,87976.000,0.000,0.100,0.100
demo-1781204765793-4737,LPV,87975.900,87975.900,87975.900,0.000,0.000,0.000
demo-1781204765777-4736,AGN,87959.100,87959.100,87959.100,0.000,0.000,0.000
demo-1781204765777-4735,AGN,87959.000,87959.000,87959.100,0.000,0.100,0.100
demo-1781204765777-4734,RR Lyrae,87958.900,87958.900,87959.000,0.000,0.100,0.100
demo-1781204765760-4733,LPV,87942.500,87942.500,87942.500,0.000,0.000,0.000
demo-1781204765760-4732,RR Lyrae,87942.300,87942.300,87942.500,0.000,0.200,0.200
demo-1781204765760-4731,AGN,87942.300,87942.300,87942.300,0.000,0.000,0.000
demo-1781204765743-4730,SN Ib,87925.800,87925.800,87925.900,0.000,0.100,0.100
demo-1781204765743-4729,AGN,87925.700,87925.700,87925.800,0.000,0.100,0.100
demo-1781204765743-4728,RR Lyrae,87925.600,87925.600,87925.700,0.000,0.100,0.100
demo-1781204765743-4727,RR Lyrae,87925.600,87925.600,87925.600,0.000,0.000,0.000
demo-1781204765727-4726,AGN,87909.200,87909.200,87909.400,0.000,0.200,0.200
demo-1781204765727-4725,LPV,87909.200,87909.200,87909.200,0.000,0.000,0.000
demo-1781204765727-4724,Mira,87909.000,87909.000,87909.200,0.000,0.200,0.200
demo-1781204765710-4723,Cepheid,87892.700,87892.700,87892.800,0.000,0.100,0.100
demo-1781204765710-4722,SN Ia,87892.700,87892.700,87892.700,0.000,0.000,0.000
demo-1781204765710-4721,RR Lyrae,87892.600,87892.600,87892.700,0.000,0.100,0.100
demo-1781204765710-4720,RR Lyrae,87892.500,87892.500,87892.500,0.000,0.000,0.000
demo-1781204765694-4719,AGN,87876.200,87876.200,87876.200,0.000,0.000,0.000
demo-1781204765694-4718,RR Lyrae,87876.100,87876.100,87876.100,0.000,0.000,0.000
demo-1781204765694-4717,Mira,87876.000,87876.000,87876.100,0.000,0.100,0.100
demo-1781204765694-4716,QSO,87875.900,87875.900,87876.000,0.000,0.100,0.100
demo-1781204765677-4715,Unknown,87859.200,87859.200,87859.200,0.000,0.000,0.000
demo-1781204765677-4714,RR Lyrae,87859.100,87859.100,87859.200,0.000,0.100,0.100
demo-1781204765677-4713,Mira,87859.100,87859.100,87859.100,0.000,0.000,0.000
demo-1781204765677-4712,RR Lyrae,87858.900,87858.900,87859.000,0.000,0.100,0.100
demo-1781204765660-4711,RR Lyrae,87842.600,87842.600,87842.700,0.000,0.100,0.100
demo-1781204765660-4710,LPV,87842.600,87842.600,87842.600,0.000,0.000,0.000
demo-1781204765660-4709,QSO,87842.600,87842.600,87842.600,0.000,0.000,0.000
demo-1781204765660-4708,RR Lyrae,87842.500,87842.500,87842.500,0.000,0.000,0.000
demo-1781204765644-4707,Mira,87826.000,87826.000,87826.000,0.000,0.000,0.000
demo-1781204765644-4706,QSO,87825.900,87825.900,87826.000,0.000,0.100,0.100
demo-1781204765644-4705,LPV,87825.900,87825.900,87825.900,0.000,0.000,0.000
demo-1781204765643-4704,AGN,87825.700,87825.700,87825.800,0.000,0.100,0.100
demo-1781204765628-4703,Mira,87810.400,87810.400,87810.500,0.000,0.100,0.100
demo-1781204765628-4702,AGN,87810.400,87810.400,87810.400,0.000,0.000,0.000
demo-1781204765628-4701,SN II,87810.400,87810.400,87810.400,0.000,0.000,0.000
demo-1781204765628-4700,RR Lyrae,87810.300,87810.300,87810.400,0.000,0.100,0.100
demo-1781204765624-4699,RR Lyrae,87806.600,87806.600,87806.600,0.000,0.000,0.000
demo-1781204765624-4698,Cepheid,87806.500,87806.500,87806.600,0.000,0.100,0.100
demo-1781204765624-4697,RR Lyrae,87806.400,87806.400,87806.500,0.000,0.100,0.100
demo-1781204765577-4696,Unknown,87759.600,87759.600,87759.600,0.000,0.000,0.000
demo-1781204765577-4695,SN Ib,87759.500,87759.500,87759.600,0.000,0.100,0.100
demo-1781204765577-4694,QSO,87759.400,87759.400,87759.500,0.000,0.100,0.100
demo-1781204765561-4693,LPV,87743.100,87743.100,87743.100,0.000,0.000,0.000
demo-1781204765561-4692,SN Ic,87742.900,87742.900,87743.000,0.000,0.100,0.100
demo-1781204765560-4691,AGN,87742.800,87742.900,87742.900,0.100,0.000,0.100
demo-1781204765544-4690,AGN,87726.300,87726.300,87726.300,0.000,0.000,0.000
demo-1781204765544-4689,RR Lyrae,87726.200,87726.200,87726.300,0.000,0.100,0.100
demo-1781204765544-4688,AGN,87726.100,87726.100,87726.200,0.000,0.100,0.100
demo-1781204765544-4687,Mira,87725.900,87725.900,87726.100,0.000,0.200,0.200
demo-1781204765527-4686,RR Lyrae,87709.200,87709.200,87709.200,0.000,0.000,0.000
demo-1781204765527-4685,Mira,87709.100,87709.100,87709.100,0.000,0.000,0.000
demo-1781204765527-4684,Unknown,87708.900,87709.000,87709.100,0.100,0.100,0.200
demo-1781204765510-4683,AGN,87692.600,87692.600,87692.600,0.000,0.000,0.000
demo-1781204765510-4682,SN Ia,87692.500,87692.500,87692.600,0.000,0.100,0.100
demo-1781204765510-4681,SN Ia,87692.300,87692.300,87692.500,0.000,0.200,0.200
demo-1781204765494-4680,RR Lyrae,87675.900,87675.900,87676.000,0.000,0.100,0.100
demo-1781204765494-4679,AGN,87675.800,87675.800,87675.900,0.000,0.100,0.100
demo-1781204765493-4678,Mira,87675.800,87675.800,87675.800,0.000,0.000,0.000
demo-1781204765493-4677,AGN,87675.700,87675.700,87675.800,0.000,0.100,0.100
demo-1781204765478-4676,AGN,87660.700,87660.700,87660.800,0.000,0.100,0.100
demo-1781204765478-4675,AGN,87660.700,87660.700,87660.700,0.000,0.000,0.000
demo-1781204765478-4674,Mira,87660.600,87660.600,87660.600,0.000,0.000,0.000
demo-1781204765460-4673,RR Lyrae,87642.700,87642.700,87642.800,0.000,0.100,0.100
demo-1781204765460-4672,Mira,87642.600,87642.600,87642.700,0.000,0.100,0.100
demo-1781204765460-4671,AGN,87642.500,87642.500,87642.600,0.000,0.100,0.100
demo-1781204765444-4670,RR Lyrae,87626.000,87626.000,87626.100,0.000,0.100,0.100
demo-1781204765444-4669,QSO,87626.000,87626.000,87626.000,0.000,0.000,0.000
demo-1781204765444-4668,RR Lyrae,87625.900,87625.900,87626.000,0.000,0.100,0.100
demo-1781204765443-4667,RR Lyrae,87625.800,87625.800,87625.900,0.000,0.100,0.100
demo-1781204765427-4666,SN Ia,87609.300,87609.300,87609.400,0.000,0.100,0.100
demo-1781204765427-4665,QSO,87609.300,87609.300,87609.300,0.000,0.000,0.000
demo-1781204765427-4664,RR Lyrae,87609.100,87609.100,87609.200,0.000,0.100,0.100
demo-1781204765410-4663,Mira,87592.600,87592.600,87592.700,0.000,0.100,0.100
demo-1781204765410-4662,RR Lyrae,87592.600,87592.600,87592.600,0.000,0.000,0.000
demo-1781204765410-4661,Unknown,87592.500,87592.500,87592.600,0.000,0.100,0.100
demo-1781204765410-4660,AGN,87592.400,87592.400,87592.500,0.000,0.100,0.100
demo-1781204765392-4659,SN Ia,87574.800,87574.800,87574.800,0.000,0.000,0.000
demo-1781204765392-4658,RR Lyrae,87574.700,87574.700,87574.800,0.000,0.100,0.100
demo-1781204765392-4657,AGN,87574.600,87574.600,87574.700,0.000,0.100,0.100
demo-1781204765378-4656,AGN,87560.200,87560.200,87560.200,0.000,0.000,0.000
demo-1781204765378-4655,RR Lyrae,87560.100,87560.100,87560.200,0.000,0.100,0.100
demo-1781204765378-4654,Mira,87560.000,87560.000,87560.100,0.000,0.100,0.100
demo-1781204765375-4653,Mira,87557.600,87557.600,87557.600,0.000,0.000,0.000
demo-1781204765375-4652,AGN,87557.500,87557.500,87557.600,0.000,0.100,0.100
demo-1781204765375-4651,Mira,87557.400,87557.400,87557.500,0.000,0.100,0.100
demo-1781204765372-4650,RR Lyrae,87553.800,87553.800,87553.900,0.000,0.100,0.100
demo-1781204765371-4649,AGN,87553.800,87553.800,87553.800,0.000,0.000,0.000
demo-1781204765371-4648,RR Lyrae,87553.800,87553.800,87553.800,0.000,0.000,0.000
demo-1781204765371-4647,AGN,87553.700,87553.700,87553.800,0.000,0.100,0.100
demo-1781204765327-4646,Cepheid,87509.500,87509.500,87509.500,0.000,0.000,0.000
demo-1781204765327-4645,Cepheid,87509.400,87509.400,87509.500,0.000,0.100,0.100
demo-1781204765327-4644,QSO,87509.300,87509.300,87509.400,0.000,0.100,0.100
demo-1781204765310-4643,Mira,87492.500,87492.500,87492.700,0.000,0.200,0.200
demo-1781204765310-4642,AGN,87492.500,87492.500,87492.500,0.000,0.000,0.000
demo-1781204765310-4641,AGN,87492.300,87492.300,87492.500,0.000,0.200,0.200
demo-1781204765294-4640,RR Lyrae,87476.000,87476.000,87476.000,0.000,0.000,0.000
demo-1781204765294-4639,Cepheid,87476.000,87476.000,87476.000,0.000,0.000,0.000
demo-1781204765294-4638,AGN,87475.900,87475.900,87475.900,0.000,0.000,0.000
demo-1781204765293-4637,RR Lyrae,87475.800,87475.800,87475.900,0.000,0.100,0.100
demo-1781204765277-4636,AGN,87459.100,87459.100,87459.200,0.000,0.100,0.100
demo-1781204765277-4635,SN II,87459.000,87459.000,87459.100,0.000,0.100,0.100
demo-1781204765277-4634,Mira,87458.900,87458.900,87459.000,0.000,0.100,0.100
demo-1781204765260-4633,LPV,87442.600,87442.600,87442.600,0.000,0.000,0.000
demo-1781204765260-4632,SN Ib,87442.500,87442.500,87442.600,0.000,0.100,0.100
demo-1781204765260-4631,SN Ic,87442.400,87442.400,87442.500,0.000,0.100,0.100
demo-1781204765244-4630,AGN,87425.900,87425.900,87425.900,0.000,0.000,0.000
demo-1781204765243-4629,AGN,87425.900,87425.900,87425.900,0.000,0.000,0.000
demo-1781204765243-4628,RR Lyrae,87425.800,87425.800,87425.900,0.000,0.100,0.100
demo-1781204765243-4627,RR Lyrae,87425.700,87425.700,87425.800,0.000,0.100,0.100
demo-1781204765227-4626,Cepheid,87409.100,87409.100,87409.200,0.000,0.100,0.100
demo-1781204765227-4625,AGN,87409.000,87409.000,87409.100,0.000,0.100,0.100
demo-1781204765227-4624,Mira,87409.000,87409.000,87409.000,0.000,0.000,0.000
demo-1781204765210-4623,RR Lyrae,87392.500,87392.500,87392.500,0.000,0.000,0.000
demo-1781204765210-4622,SN Ia,87392.500,87392.500,87392.500,0.000,0.000,0.000
demo-1781204765210-4621,Cepheid,87392.400,87392.400,87392.500,0.000,0.100,0.100
demo-1781204765194-4620,Mira,87376.000,87376.000,87376.100,0.000,0.100,0.100
demo-1781204765194-4619,Unknown,87376.000,87376.000,87376.000,0.000,0.000,0.000
demo-1781204765194-4618,Mira,87375.800,87375.800,87376.000,0.000,0.200,0.200
demo-1781204765193-4617,SN Ic,87375.800,87375.800,87375.800,0.000,0.000,0.000
demo-1781204765177-4616,Mira,87359.500,87359.500,87359.500,0.000,0.000,0.000
demo-1781204765177-4615,AGN,87359.400,87359.400,87359.500,0.000,0.100,0.100
demo-1781204765177-4614,LPV,87359.300,87359.300,87359.400,0.000,0.100,0.100
demo-1781204765160-4613,Unknown,87342.500,87342.500,87342.600,0.000,0.100,0.100
demo-1781204765160-4612,SN Ia,87342.500,87342.500,87342.500,0.000,0.000,0.000
demo-1781204765160-4611,RR Lyrae,87342.400,87342.400,87342.500,0.000,0.100,0.100
demo-1781204765144-4610,RR Lyrae,87326.000,87326.000,87326.100,0.000,0.100,0.100
demo-1781204765144-4609,RR Lyrae,87326.000,87326.000,87326.000,0.000,0.000,0.000
demo-1781204765144-4608,RR Lyrae,87325.900,87325.900,87326.000,0.000,0.100,0.100
demo-1781204765143-4607,RR Lyrae,87325.700,87325.700,87325.900,0.000,0.200,0.200
demo-1781204765129-4606,AGN,87311.400,87311.400,87311.400,0.000,0.000,0.000
demo-1781204765129-4605,RR Lyrae,87311.300,87311.300,87311.400,0.000,0.100,0.100
demo-1781204765129-4604,QSO,87311.200,87311.200,87311.300,0.000,0.100,0.100
demo-1781204765126-4603,RR Lyrae,87308.400,87308.400,87308.500,0.000,0.100,0.100
demo-1781204765126-4602,Cepheid,87308.300,87308.300,87308.400,0.000,0.100,0.100
demo-1781204765126-4601,SN Ia,87308.200,87308.200,87308.300,0.000,0.100,0.100
demo-1781204765122-4600,RR Lyrae,87304.600,87304.600,87304.700,0.000,0.100,0.100
demo-1781204765122-4599,Unknown,87304.500,87304.500,87304.600,0.000,0.100,0.100
demo-1781204765122-4598,Cepheid,87304.500,87304.500,87304.500,0.000,0.000,0.000
demo-1781204765122-4597,Unknown,87304.400,87304.400,87304.400,0.000,0.000,0.000
demo-1781204765077-4596,AGN,87259.200,87259.200,87259.300,0.000,0.100,0.100
demo-1781204765077-4595,Mira,87259.200,87259.200,87259.200,0.000,0.000,0.000
demo-1781204765077-4594,Mira,87259.100,87259.100,87259.200,0.000,0.100,0.100
demo-1781204765060-4593,SN II,87242.500,87242.500,87242.600,0.000,0.100,0.100
demo-1781204765060-4592,Unknown,87242.500,87242.500,87242.500,0.000,0.000,0.000
demo-1781204765060-4591,Unknown,87242.400,87242.400,87242.500,0.000,0.100,0.100
demo-1781204765044-4590,AGN,87226.100,87226.100,87226.100,0.000,0.000,0.000
demo-1781204765044-4589,SN II,87225.900,87225.900,87226.100,0.000,0.200,0.200
demo-1781204765044-4588,RR Lyrae,87225.900,87225.900,87225.900,0.000,0.000,0.000
demo-1781204765043-4587,SN Ia,87225.900,87225.900,87225.900,0.000,0.000,0.000
demo-1781204765032-4586,RR Lyrae,87213.900,87214.000,87214.000,0.100,0.000,0.100
demo-1781204765031-4585,Mira,87213.800,87213.800,87213.800,0.000,0.000,0.000
demo-1781204765031-4584,RR Lyrae,87213.700,87213.700,87213.800,0.000,0.100,0.100
demo-1781204765010-4583,RR Lyrae,87192.600,87192.600,87192.600,0.000,0.000,0.000
demo-1781204765010-4582,Mira,87192.500,87192.500,87192.500,0.000,0.000,0.000
demo-1781204765010-4581,Unknown,87192.400,87192.400,87192.500,0.000,0.100,0.100
demo-1781204764994-4580,AGN,87176.000,87176.000,87176.000,0.000,0.000,0.000
demo-1781204764994-4579,AGN,87175.900,87175.900,87176.000,0.000,0.100,0.100
demo-1781204764993-4578,RR Lyrae,87175.800,87175.800,87175.900,0.000,0.100,0.100
demo-1781204764993-4577,AGN,87175.700,87175.700,87175.800,0.000,0.100,0.100
demo-1781204764977-4576,AGN,87159.300,87159.300,87159.300,0.000,0.000,0.000
demo-1781204764977-4575,Mira,87159.200,87159.200,87159.300,0.000,0.100,0.100
demo-1781204764977-4574,RR Lyrae,87159.100,87159.100,87159.200,0.000,0.100,0.100
demo-1781204764960-4573,RR Lyrae,87142.700,87142.700,87142.700,0.000,0.000,0.000
demo-1781204764960-4572,Mira,87142.700,87142.700,87142.700,0.000,0.000,0.000
demo-1781204764960-4571,Cepheid,87142.500,87142.500,87142.600,0.000,0.100,0.100
demo-1781204764960-4570,RR Lyrae,87142.500,87142.500,87142.500,0.000,0.000,0.000
demo-1781204764942-4569,Mira,87124.800,87124.800,87124.900,0.000,0.100,0.100
demo-1781204764942-4568,RR Lyrae,87124.800,87124.800,87124.800,0.000,0.000,0.000
demo-1781204764942-4567,RR Lyrae,87124.600,87124.700,87124.800,0.100,0.100,0.200
demo-1781204764926-4566,Mira,87108.600,87108.600,87108.600,0.000,0.000,0.000
demo-1781204764926-4565,QSO,87108.500,87108.500,87108.600,0.000,0.100,0.100
demo-1781204764926-4564,RR Lyrae,87108.500,87108.500,87108.500,0.000,0.000,0.000
demo-1781204764926-4563,Cepheid,87108.300,87108.300,87108.400,0.000,0.100,0.100
demo-1781204764910-4562,SN Ib,87092.600,87092.600,87092.600,0.000,0.000,0.000
demo-1781204764910-4561,Unknown,87092.600,87092.600,87092.600,0.000,0.000,0.000
demo-1781204764910-4560,AGN,87092.500,87092.500,87092.600,0.000,0.100,0.100
demo-1781204764910-4559,Unknown,87092.400,87092.400,87092.500,0.000,0.100,0.100
demo-1781204764894-4558,SN II,87076.100,87076.100,87076.100,0.000,0.000,0.000
demo-1781204764894-4557,Mira,87076.000,87076.000,87076.100,0.000,0.100,0.100
demo-1781204764894-4556,AGN,87076.000,87076.000,87076.000,0.000,0.000,0.000
demo-1781204764893-4555,SN II,87075.800,87075.800,87075.900,0.000,0.100,0.100
demo-1781204764878-4554,Cepheid,87060.400,87060.400,87060.400,0.000,0.000,0.000
demo-1781204764878-4553,SN II,87060.300,87060.300,87060.400,0.000,0.100,0.100
demo-1781204764878-4552,RR Lyrae,87060.200,87060.200,87060.300,0.000,0.100,0.100
demo-1781204764878-4551,SN Ia,87060.100,87060.100,87060.200,0.000,0.100,0.100
demo-1781204764874-4550,RR Lyrae,87056.600,87056.600,87056.700,0.000,0.100,0.100
demo-1781204764874-4549,Cepheid,87056.500,87056.500,87056.600,0.000,0.100,0.100
demo-1781204764874-4548,RR Lyrae,87056.400,87056.400,87056.500,0.000,0.100,0.100
demo-1781204764874-4547,QSO,87056.400,87056.400,87056.400,0.000,0.000,0.000
demo-1781204764827-4546,SN Ic,87009.500,87009.500,87009.600,0.000,0.100,0.100
demo-1781204764827-4545,RR Lyrae,87009.400,87009.400,87009.500,0.000,0.100,0.100
demo-1781204764827-4544,QSO,87009.300,87009.300,87009.400,0.000,0.100,0.100
demo-1781204764810-4543,RR Lyrae,86992.700,86992.700,86992.700,0.000,0.000,0.000
demo-1781204764810-4542,Mira,86992.700,86992.700,86992.700,0.000,0.000,0.000
demo-1781204764810-4541,Mira,86992.600,86992.600,86992.700,0.000,0.100,0.100
demo-1781204764810-4540,AGN,86992.500,86992.500,86992.600,0.000,0.100,0.100
demo-1781204764793-4539,AGN,86975.800,86975.800,86975.900,0.000,0.100,0.100
demo-1781204764793-4538,RR Lyrae,86975.700,86975.700,86975.800,0.000,0.100,0.100
demo-1781204764793-4537,RR Lyrae,86975.600,86975.600,86975.700,0.000,0.100,0.100
demo-1781204764777-4536,Mira,86959.600,86959.600,86959.600,0.000,0.000,0.000
demo-1781204764777-4535,AGN,86959.400,86959.400,86959.500,0.000,0.100,0.100
demo-1781204764777-4534,SN Ia,86959.400,86959.400,86959.400,0.000,0.000,0.000
demo-1781204764760-4533,AGN,86942.900,86942.900,86942.900,0.000,0.000,0.000
demo-1781204764760-4532,AGN,86942.800,86942.800,86942.900,0.000,0.100,0.100
demo-1781204764760-4531,RR Lyrae,86942.700,86942.700,86942.800,0.000,0.100,0.100
demo-1781204764744-4530,Mira,86926.000,86926.000,86926.100,0.000,0.100,0.100
demo-1781204764744-4529,Unknown,86926.000,86926.000,86926.000,0.000,0.000,0.000
demo-1781204764744-4528,Mira,86925.900,86925.900,86926.000,0.000,0.100,0.100
demo-1781204764743-4527,AGN,86925.800,86925.800,86925.900,0.000,0.100,0.100
demo-1781204764727-4526,QSO,86909.600,86909.600,86909.700,0.000,0.100,0.100
demo-1781204764727-4525,RR Lyrae,86909.500,86909.500,86909.600,0.000,0.100,0.100
demo-1781204764727-4524,RR Lyrae,86909.400,86909.400,86909.400,0.000,0.000,0.000
demo-1781204764710-4523,RR Lyrae,86892.600,86892.600,86892.600,0.000,0.000,0.000
demo-1781204764710-4522,AGN,86892.500,86892.500,86892.600,0.000,0.100,0.100
demo-1781204764710-4521,LPV,86892.500,86892.500,86892.500,0.000,0.000,0.000
demo-1781204764710-4520,Unknown,86892.300,86892.300,86892.400,0.000,0.100,0.100
demo-1781204764694-4519,AGN,86875.900,86875.900,86876.000,0.000,0.100,0.100
demo-1781204764694-4518,Mira,86875.900,86875.900,86875.900,0.000,0.000,0.000
demo-1781204764693-4517,RR Lyrae,86875.800,86875.800,86875.900,0.000,0.100,0.100
demo-1781204764693-4516,RR Lyrae,86875.700,86875.700,86875.800,0.000,0.100,0.100
demo-1781204764677-4515,Unknown,86859.000,86859.000,86859.000,0.000,0.000,0.000
demo-1781204764677-4514,RR Lyrae,86858.900,86858.900,86859.000,0.000,0.100,0.100
demo-1781204764677-4513,QSO,86858.900,86858.900,86858.900,0.000,0.000,0.000
demo-1781204764676-4512,QSO,86858.800,86858.800,86858.800,0.000,0.000,0.000
demo-1781204764660-4511,SN II,86842.100,86842.100,86842.200,0.000,0.100,0.100
demo-1781204764660-4510,SN Ia,86842.100,86842.100,86842.100,0.000,0.000,0.000
demo-1781204764660-4509,QSO,86842.000,86842.000,86842.100,0.000,0.100,0.100
demo-1781204764660-4508,AGN,86841.900,86841.900,86842.000,0.000,0.100,0.100
demo-1781204764644-4507,RR Lyrae,86826.000,86826.000,86826.000,0.000,0.000,0.000
demo-1781204764644-4506,Cepheid,86826.000,86826.000,86826.000,0.000,0.000,0.000
demo-1781204764643-4505,RR Lyrae,86825.800,86825.800,86826.000,0.000,0.200,0.200
demo-1781204764643-4504,SN II,86825.700,86825.700,86825.800,0.000,0.100,0.100
demo-1781204764627-4503,RR Lyrae,86809.100,86809.100,86809.100,0.000,0.000,0.000
demo-1781204764627-4502,Mira,86809.000,86809.000,86809.100,0.000,0.100,0.100
demo-1781204764626-4501,QSO,86808.900,86808.900,86809.000,0.000,0.100,0.100
demo-1781204764623-4500,RR Lyrae,86805.500,86805.500,86805.500,0.000,0.000,0.000
demo-1781204764623-4499,Mira,86805.400,86805.400,86805.400,0.000,0.000,0.000
demo-1781204764623-4498,Mira,86805.300,86805.300,86805.400,0.000,0.100,0.100
demo-1781204764623-4497,Mira,86805.200,86805.200,86805.300,0.000,0.100,0.100
demo-1781204764577-4496,SN II,86759.200,86759.200,86759.300,0.000,0.100,0.100
demo-1781204764577-4495,SN II,86759.100,86759.100,86759.200,0.000,0.100,0.100
demo-1781204764577-4494,AGN,86759.000,86759.000,86759.100,0.000,0.100,0.100
demo-1781204764560-4493,Unknown,86742.600,86742.600,86742.700,0.000,0.100,0.100
demo-1781204764560-4492,AGN,86742.600,86742.600,86742.600,0.000,0.000,0.000
demo-1781204764560-4491,RR Lyrae,86742.500,86742.500,86742.500,0.000,0.000,0.000
demo-1781204764544-4490,Unknown,86726.000,86726.000,86726.100,0.000,0.100,0.100
demo-1781204764544-4489,AGN,86726.000,86726.000,86726.000,0.000,0.000,0.000
demo-1781204764544-4488,RR Lyrae,86725.900,86725.900,86726.000,0.000,0.100,0.100
demo-1781204764543-4487,AGN,86725.800,86725.900,86725.900,0.100,0.000,0.100
demo-1781204764526-4486,Mira,86708.700,86708.700,86708.700,0.000,0.000,0.000
demo-1781204764526-4485,SN Ia,86708.700,86708.700,86708.700,0.000,0.000,0.000
demo-1781204764526-4484,SN Ia,86708.500,86708.500,86708.700,0.000,0.200,0.200
demo-1781204764510-4483,RR Lyrae,86692.600,86692.600,86692.700,0.000,0.100,0.100
demo-1781204764510-4482,Unknown,86692.600,86692.600,86692.600,0.000,0.000,0.000
demo-1781204764510-4481,LPV,86692.600,86692.600,86692.600,0.000,0.000,0.000
demo-1781204764510-4480,AGN,86692.500,86692.500,86692.600,0.000,0.100,0.100
demo-1781204764493-4479,AGN,86674.900,86674.900,86675.000,0.000,0.100,0.100
demo-1781204764492-4478,RR Lyrae,86674.700,86674.800,86674.900,0.100,0.100,0.200
demo-1781204764492-4477,AGN,86674.700,86674.700,86674.700,0.000,0.000,0.000
demo-1781204764476-4476,SN Ia,86658.000,86658.000,86658.100,0.000,0.100,0.100
demo-1781204764476-4475,QSO,86657.900,86657.900,86658.000,0.000,0.100,0.100
demo-1781204764476-4474,Mira,86657.900,86657.900,86657.900,0.000,0.000,0.000
demo-1781204764460-4473,RR Lyrae,86642.400,86642.400,86642.400,0.000,0.000,0.000
demo-1781204764460-4472,AGN,86642.300,86642.300,86642.400,0.000,0.100,0.100
demo-1781204764460-4471,AGN,86642.200,86642.200,86642.300,0.000,0.100,0.100
demo-1781204764444-4470,AGN,86625.900,86625.900,86625.900,0.000,0.000,0.000
demo-1781204764443-4469,Mira,86625.800,86625.800,86625.900,0.000,0.100,0.100
demo-1781204764443-4468,QSO,86625.700,86625.800,86625.800,0.100,0.000,0.100
demo-1781204764443-4467,AGN,86625.700,86625.700,86625.700,0.000,0.000,0.000
demo-1781204764427-4466,RR Lyrae,86609.000,86609.100,86609.100,0.100,0.000,0.100
demo-1781204764427-4465,AGN,86609.000,86609.000,86609.000,0.000,0.000,0.000
demo-1781204764427-4464,RR Lyrae,86608.900,86608.900,86609.000,0.000,0.100,0.100
demo-1781204764410-4463,RR Lyrae,86592.400,86592.400,86592.400,0.000,0.000,0.000
demo-1781204764410-4462,AGN,86592.300,86592.300,86592.400,0.000,0.100,0.100
demo-1781204764410-4461,AGN,86592.300,86592.300,86592.300,0.000,0.000,0.000
demo-1781204764393-4460,LPV,86575.900,86575.900,86575.900,0.000,0.000,0.000
demo-1781204764393-4459,LPV,86575.800,86575.800,86575.900,0.000,0.100,0.100
demo-1781204764393-4458,SN II,86575.700,86575.700,86575.800,0.000,0.100,0.100
demo-1781204764393-4457,Mira,86575.600,86575.600,86575.700,0.000,0.100,0.100
demo-1781204764378-4456,Mira,86560.300,86560.300,86560.300,0.000,0.000,0.000
demo-1781204764378-4455,Mira,86560.200,86560.200,86560.300,0.000,0.100,0.100
demo-1781204764378-4454,AGN,86560.100,86560.100,86560.200,0.000,0.100,0.100
demo-1781204764375-4453,QSO,86557.600,86557.600,86557.700,0.000,0.100,0.100
demo-1781204764375-4452,SN Ia,86557.600,86557.600,86557.600,0.000,0.000,0.000
demo-1781204764375-4451,LPV,86557.400,86557.400,86557.500,0.000,0.100,0.100
demo-1781204764372-4450,RR Lyrae,86554.100,86554.100,86554.200,0.000,0.100,0.100
demo-1781204764372-4449,RR Lyrae,86554.100,86554.100,86554.100,0.000,0.000,0.000
demo-1781204764372-4448,QSO,86554.000,86554.000,86554.100,0.000,0.100,0.100
demo-1781204764372-4447,RR Lyrae,86553.900,86553.900,86554.000,0.000,0.100,0.100
demo-1781204764327-4446,AGN,86509.200,86509.300,86509.400,0.100,0.100,0.200
demo-1781204764327-4445,AGN,86509.200,86509.200,86509.200,0.000,0.000,0.000
demo-1781204764327-4444,Mira,86509.100,86509.100,86509.200,0.000,0.100,0.100
demo-1781204764310-4443,SN Ic,86492.600,86492.600,86492.600,0.000,0.000,0.000
demo-1781204764310-4442,Mira,86492.500,86492.500,86492.600,0.000,0.100,0.100
demo-1781204764310-4441,Unknown,86492.400,86492.400,86492.500,0.000,0.100,0.100
demo-1781204764294-4440,SN Ia,86476.100,86476.100,86476.100,0.000,0.000,0.000
demo-1781204764294-4439,AGN,86476.000,86476.000,86476.100,0.000,0.100,0.100
demo-1781204764294-4438,AGN,86475.900,86475.900,86476.000,0.000,0.100,0.100
demo-1781204764293-4437,Unknown,86475.800,86475.900,86475.900,0.100,0.000,0.100
demo-1781204764277-4436,RR Lyrae,86459.000,86459.000,86459.100,0.000,0.100,0.100
demo-1781204764277-4435,Mira,86458.900,86458.900,86459.000,0.000,0.100,0.100
demo-1781204764277-4434,RR Lyrae,86458.900,86458.900,86458.900,0.000,0.000,0.000
demo-1781204764260-4433,RR Lyrae,86442.500,86442.500,86442.600,0.000,0.100,0.100
demo-1781204764260-4432,AGN,86442.400,86442.400,86442.500,0.000,0.100,0.100
demo-1781204764260-4431,RR Lyrae,86442.300,86442.300,86442.400,0.000,0.100,0.100
demo-1781204764244-4430,LPV,86426.000,86426.000,86426.000,0.000,0.000,0.000
demo-1781204764244-4429,AGN,86425.900,86425.900,86425.900,0.000,0.000,0.000
demo-1781204764243-4428,SN II,86425.800,86425.800,86425.900,0.000,0.100,0.100
demo-1781204764243-4427,Cepheid,86425.700,86425.700,86425.800,0.000,0.100,0.100
demo-1781204764227-4426,RR Lyrae,86409.200,86409.200,86409.200,0.000,0.000,0.000
demo-1781204764227-4425,RR Lyrae,86409.100,86409.100,86409.200,0.000,0.100,0.100
demo-1781204764227-4424,Mira,86409.100,86409.100,86409.100,0.000,0.000,0.000
demo-1781204764210-4423,AGN,86392.400,86392.500,86392.500,0.100,0.000,0.100
demo-1781204764210-4422,SN Ia,86392.300,86392.300,86392.400,0.000,0.100,0.100
demo-1781204764210-4421,Cepheid,86392.300,86392.300,86392.300,0.000,0.000,0.000
demo-1781204764193-4420,Mira,86375.900,86375.900,86375.900,0.000,0.000,0.000
demo-1781204764193-4419,AGN,86375.800,86375.800,86375.900,0.000,0.100,0.100
demo-1781204764193-4418,RR Lyrae,86375.700,86375.700,86375.700,0.000,0.000,0.000
demo-1781204764193-4417,Mira,86375.700,86375.700,86375.700,0.000,0.000,0.000
demo-1781204764177-4416,AGN,86359.100,86359.100,86359.200,0.000,0.100,0.100
demo-1781204764177-4415,RR Lyrae,86359.000,86359.000,86359.100,0.000,0.100,0.100
demo-1781204764177-4414,RR Lyrae,86359.000,86359.000,86359.000,0.000,0.000,0.000
demo-1781204764177-4413,Mira,86358.900,86358.900,86359.000,0.000,0.100,0.100
demo-1781204764160-4412,AGN,86342.600,86342.600,86342.600,0.000,0.000,0.000
demo-1781204764160-4411,Mira,86342.500,86342.600,86342.600,0.100,0.000,0.100
demo-1781204764160-4410,Unknown,86342.400,86342.400,86342.500,0.000,0.100,0.100
demo-1781204764160-4409,RR Lyrae,86342.300,86342.300,86342.400,0.000,0.100,0.100
demo-1781204764143-4408,AGN,86325.800,86325.800,86325.900,0.000,0.100,0.100
demo-1781204764143-4407,AGN,86325.700,86325.700,86325.800,0.000,0.100,0.100
demo-1781204764143-4406,RR Lyrae,86325.600,86325.600,86325.600,0.000,0.000,0.000
demo-1781204764143-4405,AGN,86325.500,86325.500,86325.600,0.000,0.100,0.100
demo-1781204764127-4404,RR Lyrae,86309.600,86309.600,86309.800,0.000,0.200,0.200
demo-1781204764127-4403,AGN,86309.600,86309.600,86309.600,0.000,0.000,0.000
demo-1781204764127-4402,Mira,86309.500,86309.600,86309.600,0.100,0.000,0.100
demo-1781204764127-4401,AGN,86309.500,86309.500,86309.500,0.000,0.000,0.000
demo-1781204764123-4400,AGN,86305.800,86305.800,86305.900,0.000,0.100,0.100
demo-1781204764123-4399,Unknown,86305.700,86305.700,86305.800,0.000,0.100,0.100
demo-1781204764123-4398,LPV,86305.700,86305.700,86305.700,0.000,0.000,0.000
demo-1781204764123-4397,AGN,86305.600,86305.600,86305.700,0.000,0.100,0.100
demo-1781204764077-4396,Mira,86259.400,86259.400,86259.500,0.000,0.100,0.100
demo-1781204764077-4395,Cepheid,86259.300,86259.300,86259.400,0.000,0.100,0.100
demo-1781204764077-4394,QSO,86259.100,86259.100,86259.200,0.000,0.100,0.100
demo-1781204764060-4393,RR Lyrae,86242.600,86242.600,86242.600,0.000,0.000,0.000
demo-1781204764060-4392,Mira,86242.400,86242.400,86242.600,0.000,0.200,0.200
demo-1781204764060-4391,AGN,86242.400,86242.400,86242.400,0.000,0.000,0.000
demo-1781204764043-4390,Mira,86225.800,86225.800,86225.900,0.000,0.100,0.100
demo-1781204764043-4389,RR Lyrae,86225.800,86225.800,86225.800,0.000,0.000,0.000
demo-1781204764043-4388,RR Lyrae,86225.700,86225.700,86225.800,0.000,0.100,0.100
demo-1781204764043-4387,AGN,86225.600,86225.600,86225.600,0.000,0.000,0.000
demo-1781204764032-4386,RR Lyrae,86214.100,86214.100,86214.100,0.000,0.000,0.000
demo-1781204764032-4385,RR Lyrae,86214.000,86214.000,86214.100,0.000,0.100,0.100
demo-1781204764032-4384,RR Lyrae,86213.800,86213.800,86214.000,0.000,0.200,0.200
demo-1781204764010-4383,RR Lyrae,86192.800,86192.800,86192.800,0.000,0.000,0.000
demo-1781204764010-4382,RR Lyrae,86192.600,86192.600,86192.700,0.000,0.100,0.100
demo-1781204764010-4381,RR Lyrae,86192.600,86192.600,86192.600,0.000,0.000,0.000
demo-1781204764010-4380,AGN,86192.400,86192.400,86192.600,0.000,0.200,0.200
demo-1781204763993-4379,RR Lyrae,86175.400,86175.400,86175.400,0.000,0.000,0.000
demo-1781204763993-4378,Unknown,86175.300,86175.300,86175.400,0.000,0.100,0.100
demo-1781204763993-4377,SN Ia,86175.200,86175.200,86175.300,0.000,0.100,0.100
demo-1781204763977-4376,RR Lyrae,86159.300,86159.300,86159.300,0.000,0.000,0.000
demo-1781204763977-4375,Mira,86159.200,86159.200,86159.300,0.000,0.100,0.100
demo-1781204763977-4374,RR Lyrae,86159.100,86159.100,86159.200,0.000,0.100,0.100
demo-1781204763960-4373,QSO,86142.500,86142.500,86142.500,0.000,0.000,0.000
demo-1781204763960-4372,SN II,86142.500,86142.500,86142.500,0.000,0.000,0.000
demo-1781204763960-4371,SN Ia,86142.400,86142.400,86142.400,0.000,0.000,0.000
demo-1781204763943-4370,AGN,86125.800,86125.800,86125.800,0.000,0.000,0.000
demo-1781204763943-4369,RR Lyrae,86125.700,86125.700,86125.700,0.000,0.000,0.000
demo-1781204763943-4368,Cepheid,86125.600,86125.600,86125.700,0.000,0.100,0.100
demo-1781204763943-4367,Unknown,86125.500,86125.500,86125.600,0.000,0.100,0.100
demo-1781204763927-4366,RR Lyrae,86109.100,86109.100,86109.200,0.000,0.100,0.100
demo-1781204763927-4365,RR Lyrae,86109.100,86109.100,86109.100,0.000,0.000,0.000
demo-1781204763927-4364,SN Ia,86109.000,86109.000,86109.100,0.000,0.100,0.100
demo-1781204763927-4363,RR Lyrae,86108.900,86108.900,86109.000,0.000,0.100,0.100
demo-1781204763910-4362,AGN,86092.400,86092.400,86092.400,0.000,0.000,0.000
demo-1781204763910-4361,RR Lyrae,86092.300,86092.300,86092.400,0.000,0.100,0.100
demo-1781204763910-4360,Unknown,86092.200,86092.300,86092.300,0.100,0.000,0.100
demo-1781204763910-4359,RR Lyrae,86092.200,86092.200,86092.200,0.000,0.000,0.000
demo-1781204763893-4358,AGN,86075.900,86075.900,86075.900,0.000,0.000,0.000
demo-1781204763893-4357,AGN,86075.800,86075.800,86075.900,0.000,0.100,0.100
demo-1781204763893-4356,QSO,86075.700,86075.700,86075.800,0.000,0.100,0.100
demo-1781204763893-4355,SN Ia,86075.600,86075.600,86075.700,0.000,0.100,0.100
demo-1781204763878-4354,AGN,86060.200,86060.200,86060.300,0.000,0.100,0.100
demo-1781204763878-4353,QSO,86060.200,86060.200,86060.200,0.000,0.000,0.000
demo-1781204763878-4352,AGN,86060.000,86060.000,86060.100,0.000,0.100,0.100
demo-1781204763878-4351,SN Ic,86060.000,86060.000,86060.000,0.000,0.000,0.000
demo-1781204763874-4350,LPV,86056.800,86056.800,86056.800,0.000,0.000,0.000
demo-1781204763874-4349,Mira,86056.600,86056.600,86056.800,0.000,0.200,0.200
demo-1781204763874-4348,Unknown,86056.500,86056.600,86056.600,0.100,0.000,0.100
demo-1781204763874-4347,RR Lyrae,86056.500,86056.500,86056.500,0.000,0.000,0.000
demo-1781204763827-4346,Unknown,86009.700,86009.700,86009.800,0.000,0.100,0.100
demo-1781204763827-4345,Cepheid,86009.600,86009.600,86009.700,0.000,0.100,0.100
demo-1781204763827-4344,Mira,86009.500,86009.500,86009.600,0.000,0.100,0.100
demo-1781204763810-4343,RR Lyrae,85992.000,85992.000,85992.100,0.000,0.100,0.100
demo-1781204763810-4342,RR Lyrae,85992.000,85992.000,85992.000,0.000,0.000,0.000
demo-1781204763810-4341,Unknown,85991.900,85991.900,85992.000,0.000,0.100,0.100
demo-1781204763809-4340,AGN,85991.700,85991.700,85991.900,0.000,0.200,0.200
demo-1781204763793-4339,LPV,85975.300,85975.300,85975.400,0.000,0.100,0.100
demo-1781204763793-4338,RR Lyrae,85975.300,85975.300,85975.300,0.000,0.000,0.000
demo-1781204763793-4337,Unknown,85975.100,85975.100,85975.200,0.000,0.100,0.100
demo-1781204763777-4336,Mira,85959.500,85959.500,85959.600,0.000,0.100,0.100
demo-1781204763777-4335,QSO,85959.400,85959.400,85959.500,0.000,0.100,0.100
demo-1781204763777-4334,AGN,85959.300,85959.300,85959.300,0.000,0.000,0.000
demo-1781204763760-4333,Cepheid,85942.700,85942.700,85942.800,0.000,0.100,0.100
demo-1781204763760-4332,AGN,85942.600,85942.700,85942.700,0.100,0.000,0.100
demo-1781204763760-4331,RR Lyrae,85942.500,85942.500,85942.600,0.000,0.100,0.100
demo-1781204763744-4330,Unknown,85926.000,85926.000,85926.100,0.000,0.100,0.100
demo-1781204763744-4329,QSO,85926.000,85926.000,85926.000,0.000,0.000,0.000
demo-1781204763743-4328,Cepheid,85925.900,85925.900,85925.900,0.000,0.000,0.000
demo-1781204763743-4327,AGN,85925.800,85925.800,85925.900,0.000,0.100,0.100
demo-1781204763726-4326,RR Lyrae,85908.800,85908.800,85908.800,0.000,0.000,0.000
demo-1781204763726-4325,QSO,85908.700,85908.700,85908.800,0.000,0.100,0.100
demo-1781204763726-4324,SN II,85908.600,85908.600,85908.700,0.000,0.100,0.100
demo-1781204763710-4323,RR Lyrae,85892.400,85892.400,85892.500,0.000,0.100,0.100
demo-1781204763710-4322,QSO,85892.400,85892.400,85892.400,0.000,0.000,0.000
demo-1781204763710-4321,AGN,85892.300,85892.300,85892.300,0.000,0.000,0.000
demo-1781204763694-4320,RR Lyrae,85875.900,85875.900,85876.000,0.000,0.100,0.100
demo-1781204763694-4319,AGN,85875.800,85875.800,85875.900,0.000,0.100,0.100
demo-1781204763693-4318,SN II,85875.800,85875.800,85875.800,0.000,0.000,0.000
demo-1781204763693-4317,RR Lyrae,85875.700,85875.700,85875.800,0.000,0.100,0.100
demo-1781204763677-4316,QSO,85859.100,85859.100,85859.200,0.000,0.100,0.100
demo-1781204763677-4315,AGN,85859.000,85859.000,85859.100,0.000,0.100,0.100
demo-1781204763677-4314,Unknown,85859.000,85859.000,85859.000,0.000,0.000,0.000
demo-1781204763676-4313,Mira,85858.900,85858.900,85858.900,0.000,0.000,0.000
demo-1781204763660-4312,RR Lyrae,85842.500,85842.500,85842.500,0.000,0.000,0.000
demo-1781204763660-4311,AGN,85842.400,85842.400,85842.500,0.000,0.100,0.100
demo-1781204763660-4310,Mira,85842.400,85842.400,85842.400,0.000,0.000,0.000
demo-1781204763660-4309,Mira,85842.200,85842.200,85842.400,0.000,0.200,0.200
demo-1781204763644-4308,AGN,85826.100,85826.100,85826.200,0.000,0.100,0.100
demo-1781204763644-4307,AGN,85826.000,85826.100,85826.100,0.100,0.000,0.100
demo-1781204763644-4306,SN II,85826.000,85826.000,85826.000,0.000,0.000,0.000
demo-1781204763644-4305,RR Lyrae,85825.900,85825.900,85826.000,0.000,0.100,0.100
demo-1781204763627-4304,Unknown,85809.300,85809.300,85809.400,0.000,0.100,0.100
demo-1781204763627-4303,SN Ia,85809.200,85809.200,85809.300,0.000,0.100,0.100
demo-1781204763627-4302,LPV,85809.200,85809.200,85809.200,0.000,0.000,0.000
demo-1781204763627-4301,AGN,85809.100,85809.100,85809.200,0.000,0.100,0.100
demo-1781204763623-4300,SN II,85805.800,85805.800,85805.800,0.000,0.000,0.000
demo-1781204763623-4299,Unknown,85805.700,85805.700,85805.800,0.000,0.100,0.100
demo-1781204763623-4298,Mira,85805.600,85805.600,85805.700,0.000,0.100,0.100
demo-1781204763623-4297,SN II,85805.600,85805.600,85805.600,0.000,0.000,0.000
demo-1781204763577-4296,AGN,85759.500,85759.500,85759.500,0.000,0.000,0.000
demo-1781204763577-4295,RR Lyrae,85759.300,85759.300,85759.400,0.000,0.100,0.100
demo-1781204763577-4294,Cepheid,85759.200,85759.200,85759.300,0.000,0.100,0.100
demo-1781204763561-4293,RR Lyrae,85742.800,85742.900,85742.900,0.100,0.000,0.100
demo-1781204763560-4292,Mira,85742.700,85742.700,85742.800,0.000,0.100,0.100
demo-1781204763560-4291,Mira,85742.700,85742.700,85742.700,0.000,0.000,0.000
demo-1781204763544-4290,RR Lyrae,85726.100,85726.100,85726.200,0.000,0.100,0.100
demo-1781204763544-4289,SN Ia,85726.100,85726.100,85726.100,0.000,0.000,0.000
demo-1781204763544-4288,Cepheid,85725.900,85725.900,85726.000,0.000,0.100,0.100
demo-1781204763543-4287,SN II,85725.800,85725.800,85725.900,0.000,0.100,0.100
demo-1781204763527-4286,SN II,85709.200,85709.200,85709.200,0.000,0.000,0.000
demo-1781204763527-4285,SN II,85709.100,85709.100,85709.100,0.000,0.000,0.000
demo-1781204763527-4284,RR Lyrae,85708.900,85708.900,85709.000,0.000,0.100,0.100
demo-1781204763510-4283,RR Lyrae,85692.400,85692.400,85692.500,0.000,0.100,0.100
demo-1781204763510-4282,RR Lyrae,85692.300,85692.300,85692.400,0.000,0.100,0.100
demo-1781204763510-4281,Unknown,85692.300,85692.300,85692.300,0.000,0.000,0.000
demo-1781204763510-4280,AGN,85692.200,85692.200,85692.300,0.000,0.100,0.100
demo-1781204763492-4279,Mira,85674.700,85674.700,85674.700,0.000,0.000,0.000
demo-1781204763492-4278,SN Ia,85674.600,85674.600,85674.700,0.000,0.100,0.100
demo-1781204763492-4277,SN Ia,85674.500,85674.500,85674.600,0.000,0.100,0.100
demo-1781204763477-4276,RR Lyrae,85658.900,85658.900,85659.000,0.000,0.100,0.100
demo-1781204763477-4275,RR Lyrae,85658.900,85658.900,85658.900,0.000,0.000,0.000
demo-1781204763476-4274,Mira,85658.900,85658.900,85658.900,0.000,0.000,0.000
demo-1781204763460-4273,LPV,85642.500,85642.500,85642.500,0.000,0.000,0.000
demo-1781204763460-4272,RR Lyrae,85642.300,85642.300,85642.500,0.000,0.200,0.200
demo-1781204763460-4271,AGN,85642.300,85642.300,85642.300,0.000,0.000,0.000
demo-1781204763444-4270,RR Lyrae,85625.900,85625.900,85625.900,0.000,0.000,0.000
demo-1781204763443-4269,Mira,85625.900,85625.900,85625.900,0.000,0.000,0.000
demo-1781204763443-4268,RR Lyrae,85625.700,85625.700,85625.900,0.000,0.200,0.200
demo-1781204763443-4267,SN Ia,85625.700,85625.700,85625.700,0.000,0.000,0.000
demo-1781204763427-4266,RR Lyrae,85609.200,85609.200,85609.200,0.000,0.000,0.000
demo-1781204763427-4265,Unknown,85609.100,85609.100,85609.200,0.000,0.100,0.100
demo-1781204763427-4264,RR Lyrae,85609.000,85609.000,85609.100,0.000,0.100,0.100
demo-1781204763410-4263,RR Lyrae,85592.400,85592.400,85592.500,0.000,0.100,0.100
demo-1781204763410-4262,RR Lyrae,85592.300,85592.300,85592.400,0.000,0.100,0.100
demo-1781204763410-4261,RR Lyrae,85592.300,85592.300,85592.300,0.000,0.000,0.000
demo-1781204763393-4260,Unknown,85575.800,85575.800,85575.900,0.000,0.100,0.100
demo-1781204763393-4259,Mira,85575.700,85575.700,85575.800,0.000,0.100,0.100
demo-1781204763393-4258,RR Lyrae,85575.700,85575.700,85575.700,0.000,0.000,0.000
demo-1781204763393-4257,Mira,85575.600,85575.600,85575.600,0.000,0.000,0.000
demo-1781204763378-4256,RR Lyrae,85560.400,85560.400,85560.400,0.000,0.000,0.000
demo-1781204763378-4255,SN II,85560.300,85560.300,85560.400,0.000,0.100,0.100
demo-1781204763378-4254,AGN,85560.300,85560.300,85560.300,0.000,0.000,0.000
demo-1781204763375-4253,AGN,85557.800,85557.800,85557.900,0.000,0.100,0.100
demo-1781204763375-4252,RR Lyrae,85557.700,85557.700,85557.800,0.000,0.100,0.100
demo-1781204763375-4251,Unknown,85557.600,85557.600,85557.700,0.000,0.100,0.100
demo-1781204763372-4250,AGN,85554.300,85554.300,85554.300,0.000,0.000,0.000
demo-1781204763372-4249,Unknown,85554.200,85554.200,85554.300,0.000,0.100,0.100
demo-1781204763372-4248,SN Ib,85554.100,85554.100,85554.200,0.000,0.100,0.100
demo-1781204763372-4247,SN Ia,85554.100,85554.100,85554.100,0.000,0.000,0.000
demo-1781204763326-4246,AGN,85508.800,85508.800,85508.800,0.000,0.000,0.000
demo-1781204763326-4245,LPV,85508.800,85508.800,85508.800,0.000,0.000,0.000
demo-1781204763326-4244,RR Lyrae,85508.700,85508.700,85508.700,0.000,0.000,0.000
demo-1781204763310-4243,Mira,85492.800,85492.800,85492.900,0.000,0.100,0.100
demo-1781204763310-4242,SN II,85492.800,85492.800,85492.800,0.000,0.000,0.000
demo-1781204763310-4241,Unknown,85492.700,85492.700,85492.800,0.000,0.100,0.100
demo-1781204763294-4240,RR Lyrae,85476.000,85476.000,85476.000,0.000,0.000,0.000
demo-1781204763294-4239,SN II,85475.900,85475.900,85476.000,0.000,0.100,0.100
demo-1781204763293-4238,AGN,85475.800,85475.800,85475.900,0.000,0.100,0.100
demo-1781204763293-4237,SN II,85475.800,85475.800,85475.800,0.000,0.000,0.000
demo-1781204763277-4236,QSO,85459.000,85459.000,85459.100,0.000,0.100,0.100
demo-1781204763277-4235,Mira,85459.000,85459.000,85459.000,0.000,0.000,0.000
demo-1781204763277-4234,Mira,85458.900,85458.900,85459.000,0.000,0.100,0.100
demo-1781204763260-4233,RR Lyrae,85442.400,85442.400,85442.500,0.000,0.100,0.100
demo-1781204763260-4232,SN Ib,85442.400,85442.400,85442.400,0.000,0.000,0.000
demo-1781204763260-4231,Mira,85442.300,85442.300,85442.400,0.000,0.100,0.100
demo-1781204763243-4230,AGN,85425.700,85425.700,85425.800,0.000,0.100,0.100
demo-1781204763243-4229,SN Ia,85425.700,85425.700,85425.700,0.000,0.000,0.000
demo-1781204763243-4228,RR Lyrae,85425.600,85425.600,85425.700,0.000,0.100,0.100
demo-1781204763243-4227,AGN,85425.500,85425.500,85425.600,0.000,0.100,0.100
demo-1781204763227-4226,Mira,85409.000,85409.000,85409.000,0.000,0.000,0.000
demo-1781204763227-4225,RR Lyrae,85408.900,85408.900,85408.900,0.000,0.000,0.000
demo-1781204763226-4224,RR Lyrae,85408.800,85408.800,85408.900,0.000,0.100,0.100
demo-1781204763210-4223,Unknown,85392.300,85392.400,85392.400,0.100,0.000,0.100
demo-1781204763210-4222,RR Lyrae,85392.300,85392.300,85392.300,0.000,0.000,0.000
demo-1781204763210-4221,AGN,85392.300,85392.300,85392.300,0.000,0.000,0.000
demo-1781204763194-4220,RR Lyrae,85375.800,85375.800,85375.900,0.000,0.100,0.100
demo-1781204763193-4219,AGN,85375.800,85375.800,85375.800,0.000,0.000,0.000
demo-1781204763193-4218,QSO,85375.800,85375.800,85375.800,0.000,0.000,0.000
demo-1781204763193-4217,Mira,85375.600,85375.600,85375.800,0.000,0.200,0.200
demo-1781204763177-4216,AGN,85359.300,85359.300,85359.300,0.000,0.000,0.000
demo-1781204763177-4215,RR Lyrae,85359.200,85359.200,85359.300,0.000,0.100,0.100
demo-1781204763177-4214,AGN,85359.100,85359.100,85359.100,0.000,0.000,0.000
demo-1781204763177-4213,SN II,85359.100,85359.100,85359.100,0.000,0.000,0.000
demo-1781204763160-4212,AGN,85342.700,85342.700,85342.800,0.000,0.100,0.100
demo-1781204763160-4211,AGN,85342.600,85342.700,85342.700,0.100,0.000,0.100
demo-1781204763160-4210,RR Lyrae,85342.600,85342.600,85342.600,0.000,0.000,0.000
demo-1781204763160-4209,QSO,85342.500,85342.500,85342.600,0.000,0.100,0.100
demo-1781204763144-4208,RR Lyrae,85326.300,85326.300,85326.400,0.000,0.100,0.100
demo-1781204763144-4207,AGN,85326.300,85326.300,85326.300,0.000,0.000,0.000
demo-1781204763144-4206,Mira,85326.300,85326.300,85326.300,0.000,0.000,0.000
demo-1781204763144-4205,LPV,85326.100,85326.100,85326.200,0.000,0.100,0.100
demo-1781204763128-4204,Cepheid,85309.900,85309.900,85310.000,0.000,0.100,0.100
demo-1781204763128-4203,RR Lyrae,85309.800,85309.900,85309.900,0.100,0.000,0.100
demo-1781204763127-4202,AGN,85309.800,85309.800,85309.800,0.000,0.000,0.000
demo-1781204763127-4201,SN Ia,85309.800,85309.800,85309.800,0.000,0.000,0.000
demo-1781204763124-4200,RR Lyrae,85306.400,85306.400,85306.400,0.000,0.000,0.000
demo-1781204763124-4199,Unknown,85306.200,85306.200,85306.400,0.000,0.200,0.200
demo-1781204763124-4198,SN Ia,85306.200,85306.200,85306.200,0.000,0.000,0.000
demo-1781204763124-4197,RR Lyrae,85306.200,85306.200,85306.200,0.000,0.000,0.000
demo-1781204763077-4196,RR Lyrae,85259.600,85259.600,85259.700,0.000,0.100,0.100
demo-1781204763077-4195,Mira,85259.600,85259.600,85259.600,0.000,0.000,0.000
demo-1781204763077-4194,RR Lyrae,85259.400,85259.500,85259.600,0.100,0.100,0.200
demo-1781204763060-4193,RR Lyrae,85242.600,85242.600,85242.600,0.000,0.000,0.000
demo-1781204763060-4192,Cepheid,85242.500,85242.600,85242.600,0.100,0.000,0.100
demo-1781204763060-4191,Mira,85242.500,85242.500,85242.500,0.000,0.000,0.000
demo-1781204763044-4190,Mira,85226.100,85226.100,85226.200,0.000,0.100,0.100
demo-1781204763044-4189,RR Lyrae,85226.000,85226.000,85226.100,0.000,0.100,0.100
demo-1781204763044-4188,AGN,85226.000,85226.000,85226.000,0.000,0.000,0.000
demo-1781204763044-4187,SN Ib,85225.900,85225.900,85226.000,0.000,0.100,0.100
demo-1781204763032-4186,RR Lyrae,85214.500,85214.500,85214.600,0.000,0.100,0.100
demo-1781204763032-4185,Mira,85214.500,85214.500,85214.500,0.000,0.000,0.000
demo-1781204763032-4184,RR Lyrae,85214.300,85214.300,85214.400,0.000,0.100,0.100
demo-1781204763010-4183,AGN,85192.600,85192.600,85192.600,0.000,0.000,0.000
demo-1781204763010-4182,RR Lyrae,85192.400,85192.400,85192.600,0.000,0.200,0.200
demo-1781204763010-4181,RR Lyrae,85192.300,85192.400,85192.400,0.100,0.000,0.100
demo-1781204762994-4180,Cepheid,85175.800,85175.800,85175.900,0.000,0.100,0.100
demo-1781204762993-4179,Unknown,85175.800,85175.800,85175.800,0.000,0.000,0.000
demo-1781204762993-4178,SN Ib,85175.700,85175.700,85175.800,0.000,0.100,0.100
demo-1781204762993-4177,Unknown,85175.700,85175.700,85175.700,0.000,0.000,0.000
demo-1781204762977-4176,Cepheid,85159.000,85159.000,85159.000,0.000,0.000,0.000
demo-1781204762977-4175,QSO,85159.000,85159.000,85159.000,0.000,0.000,0.000
demo-1781204762976-4174,RR Lyrae,85158.800,85158.900,85158.900,0.100,0.000,0.100
demo-1781204762960-4173,SN II,85142.400,85142.400,85142.400,0.000,0.000,0.000
demo-1781204762960-4172,SN II,85142.300,85142.300,85142.400,0.000,0.100,0.100
demo-1781204762960-4171,RR Lyrae,85142.200,85142.200,85142.300,0.000,0.100,0.100
demo-1781204762943-4170,Mira,85125.800,85125.800,85125.800,0.000,0.000,0.000
demo-1781204762943-4169,AGN,85125.700,85125.700,85125.800,0.000,0.100,0.100
demo-1781204762943-4168,LPV,85125.600,85125.600,85125.600,0.000,0.000,0.000
demo-1781204762943-4167,Cepheid,85125.500,85125.600,85125.600,0.100,0.000,0.100
demo-1781204762926-4166,SN Ib,85108.600,85108.600,85108.600,0.000,0.000,0.000
demo-1781204762926-4165,QSO,85108.600,85108.600,85108.600,0.000,0.000,0.000
demo-1781204762926-4164,RR Lyrae,85108.500,85108.500,85108.500,0.000,0.000,0.000
demo-1781204762926-4163,AGN,85108.500,85108.500,85108.500,0.000,0.000,0.000
demo-1781204762910-4162,RR Lyrae,85092.500,85092.500,85092.600,0.000,0.100,0.100
demo-1781204762910-4161,AGN,85092.500,85092.500,85092.500,0.000,0.000,0.000
demo-1781204762910-4160,Cepheid,85092.400,85092.400,85092.500,0.000,0.100,0.100
demo-1781204762910-4159,AGN,85092.300,85092.300,85092.300,0.000,0.000,0.000
demo-1781204762894-4158,QSO,85076.300,85076.300,85076.300,0.000,0.000,0.000
demo-1781204762894-4157,RR Lyrae,85076.200,85076.200,85076.300,0.000,0.100,0.100
demo-1781204762894-4156,RR Lyrae,85076.200,85076.200,85076.200,0.000,0.000,0.000
demo-1781204762894-4155,RR Lyrae,85076.000,85076.000,85076.200,0.000,0.200,0.200
demo-1781204762877-4154,RR Lyrae,85059.600,85059.600,85059.700,0.000,0.100,0.100
demo-1781204762877-4153,Cepheid,85059.500,85059.500,85059.600,0.000,0.100,0.100
demo-1781204762877-4152,AGN,85059.400,85059.400,85059.500,0.000,0.100,0.100
demo-1781204762877-4151,Unknown,85059.300,85059.300,85059.400,0.000,0.100,0.100
demo-1781204762874-4150,Cepheid,85056.000,85056.000,85056.100,0.000,0.100,0.100
demo-1781204762874-4149,AGN,85056.000,85056.000,85056.000,0.000,0.000,0.000
demo-1781204762874-4148,AGN,85055.900,85055.900,85056.000,0.000,0.100,0.100
demo-1781204762873-4147,Mira,85055.800,85055.800,85055.900,0.000,0.100,0.100
demo-1781204762827-4146,RR Lyrae,85009.400,85009.400,85009.500,0.000,0.100,0.100
demo-1781204762827-4145,RR Lyrae,85009.400,85009.400,85009.400,0.000,0.000,0.000
demo-1781204762827-4144,RR Lyrae,85009.300,85009.300,85009.300,0.000,0.000,0.000
demo-1781204762810-4143,Mira,84992.900,84992.900,84992.900,0.000,0.000,0.000
demo-1781204762810-4142,AGN,84992.700,84992.700,84992.900,0.000,0.200,0.200
demo-1781204762810-4141,QSO,84992.700,84992.700,84992.700,0.000,0.000,0.000
demo-1781204762794-4140,AGN,84976.400,84976.400,84976.500,0.000,0.100,0.100
demo-1781204762794-4139,Unknown,84976.400,84976.400,84976.400,0.000,0.000,0.000
demo-1781204762794-4138,Cepheid,84976.200,84976.200,84976.400,0.000,0.200,0.200
demo-1781204762794-4137,RR Lyrae,84976.100,84976.100,84976.200,0.000,0.100,0.100
demo-1781204762777-4136,AGN,84959.400,84959.400,84959.400,0.000,0.000,0.000
demo-1781204762777-4135,Mira,84959.200,84959.200,84959.400,0.000,0.200,0.200
demo-1781204762777-4134,RR Lyrae,84959.200,84959.200,84959.200,0.000,0.000,0.000
demo-1781204762760-4133,SN Ic,84942.700,84942.700,84942.800,0.000,0.100,0.100
demo-1781204762760-4132,RR Lyrae,84942.700,84942.700,84942.700,0.000,0.000,0.000
demo-1781204762760-4131,SN II,84942.600,84942.600,84942.700,0.000,0.100,0.100
demo-1781204762743-4130,RR Lyrae,84925.700,84925.700,84925.700,0.000,0.000,0.000
demo-1781204762743-4129,RR Lyrae,84925.600,84925.600,84925.700,0.000,0.100,0.100
demo-1781204762743-4128,RR Lyrae,84925.500,84925.500,84925.600,0.000,0.100,0.100
demo-1781204762743-4127,Mira,84925.400,84925.400,84925.500,0.000,0.100,0.100
demo-1781204762726-4126,Cepheid,84908.000,84908.000,84908.100,0.000,0.100,0.100
demo-1781204762726-4125,RR Lyrae,84908.000,84908.000,84908.000,0.000,0.000,0.000
demo-1781204762726-4124,Cepheid,84907.900,84907.900,84907.900,0.000,0.000,0.000
demo-1781204762710-4123,RR Lyrae,84892.400,84892.400,84892.400,0.000,0.000,0.000
demo-1781204762710-4122,RR Lyrae,84892.300,84892.300,84892.300,0.000,0.000,0.000
demo-1781204762710-4121,AGN,84892.100,84892.100,84892.200,0.000,0.100,0.100
demo-1781204762694-4120,SN II,84876.300,84876.300,84876.300,0.000,0.000,0.000
demo-1781204762694-4119,RR Lyrae,84876.200,84876.200,84876.300,0.000,0.100,0.100
demo-1781204762694-4118,SN II,84876.200,84876.200,84876.200,0.000,0.000,0.000
demo-1781204762694-4117,AGN,84876.100,84876.100,84876.200,0.000,0.100,0.100
demo-1781204762677-4116,RR Lyrae,84859.000,84859.000,84859.000,0.000,0.000,0.000
demo-1781204762677-4115,AGN,84858.900,84858.900,84859.000,0.000,0.100,0.100
demo-1781204762676-4114,SN Ib,84858.800,84858.800,84858.900,0.000,0.100,0.100
demo-1781204762676-4113,QSO,84858.800,84858.800,84858.800,0.000,0.000,0.000
demo-1781204762660-4112,SN Ia,84842.500,84842.500,84842.600,0.000,0.100,0.100
demo-1781204762660-4111,AGN,84842.500,84842.500,84842.500,0.000,0.000,0.000
demo-1781204762660-4110,RR Lyrae,84842.400,84842.400,84842.500,0.000,0.100,0.100
demo-1781204762660-4109,RR Lyrae,84842.300,84842.300,84842.300,0.000,0.000,0.000
demo-1781204762644-4108,RR Lyrae,84826.000,84826.000,84826.000,0.000,0.000,0.000
demo-1781204762644-4107,AGN,84825.900,84825.900,84826.000,0.000,0.100,0.100
demo-1781204762643-4106,AGN,84825.800,84825.800,84825.900,0.000,0.100,0.100
demo-1781204762643-4105,Mira,84825.700,84825.700,84825.800,0.000,0.100,0.100
demo-1781204762627-4104,Cepheid,84809.500,84809.500,84809.500,0.000,0.000,0.000
demo-1781204762627-4103,RR Lyrae,84809.400,84809.400,84809.400,0.000,0.000,0.000
demo-1781204762627-4102,RR Lyrae,84809.300,84809.300,84809.400,0.000,0.100,0.100
demo-1781204762627-4101,SN II,84809.200,84809.200,84809.300,0.000,0.100,0.100
demo-1781204762623-4100,RR Lyrae,84805.800,84805.800,84805.900,0.000,0.100,0.100
demo-1781204762623-4099,AGN,84805.800,84805.800,84805.800,0.000,0.000,0.000
demo-1781204762623-4098,SN Ia,84805.700,84805.700,84805.800,0.000,0.100,0.100
demo-1781204762623-4097,AGN,84805.600,84805.600,84805.700,0.000,0.100,0.100
demo-1781204762577-4096,RR Lyrae,84759.500,84759.500,84759.600,0.000,0.100,0.100
demo-1781204762577-4095,LPV,84759.400,84759.400,84759.500,0.000,0.100,0.100
demo-1781204762577-4094,LPV,84759.200,84759.300,84759.400,0.100,0.100,0.200
demo-1781204762560-4093,SN Ia,84742.700,84742.700,84742.800,0.000,0.100,0.100
demo-1781204762560-4092,SN Ia,84742.700,84742.700,84742.700,0.000,0.000,0.000
demo-1781204762560-4091,RR Lyrae,84742.600,84742.600,84742.600,0.000,0.000,0.000
demo-1781204762544-4090,SN Ia,84726.100,84726.100,84726.200,0.000,0.100,0.100
demo-1781204762544-4089,RR Lyrae,84726.000,84726.000,84726.100,0.000,0.100,0.100
demo-1781204762544-4088,AGN,84726.000,84726.000,84726.000,0.000,0.000,0.000
demo-1781204762544-4087,Mira,84725.900,84725.900,84726.000,0.000,0.100,0.100
demo-1781204762527-4086,RR Lyrae,84709.200,84709.200,84709.300,0.000,0.100,0.100
demo-1781204762527-4085,AGN,84709.200,84709.200,84709.200,0.000,0.000,0.000
demo-1781204762527-4084,RR Lyrae,84709.100,84709.100,84709.200,0.000,0.100,0.100
demo-1781204762510-4083,RR Lyrae,84692.700,84692.700,84692.700,0.000,0.000,0.000
demo-1781204762510-4082,QSO,84692.600,84692.600,84692.700,0.000,0.100,0.100
demo-1781204762510-4081,SN II,84692.500,84692.600,84692.600,0.100,0.000,0.100
demo-1781204762494-4080,AGN,84676.100,84676.100,84676.100,0.000,0.000,0.000
demo-1781204762494-4079,RR Lyrae,84676.000,84676.000,84676.100,0.000,0.100,0.100
demo-1781204762494-4078,AGN,84675.900,84675.900,84676.000,0.000,0.100,0.100
demo-1781204762493-4077,LPV,84675.800,84675.800,84675.900,0.000,0.100,0.100
demo-1781204762477-4076,QSO,84659.000,84659.000,84659.000,0.000,0.000,0.000
demo-1781204762476-4075,SN II,84658.800,84658.800,84658.900,0.000,0.100,0.100
demo-1781204762476-4074,AGN,84658.800,84658.800,84658.800,0.000,0.000,0.000
demo-1781204762460-4073,AGN,84642.200,84642.200,84642.300,0.000,0.100,0.100
demo-1781204762460-4072,SN Ia,84642.200,84642.200,84642.200,0.000,0.000,0.000
demo-1781204762460-4071,RR Lyrae,84642.100,84642.100,84642.200,0.000,0.100,0.100
demo-1781204762443-4070,SN II,84625.700,84625.700,84625.700,0.000,0.000,0.000
demo-1781204762443-4069,RR Lyrae,84625.600,84625.600,84625.700,0.000,0.100,0.100
demo-1781204762443-4068,AGN,84625.500,84625.500,84625.600,0.000,0.100,0.100
demo-1781204762443-4067,RR Lyrae,84625.500,84625.500,84625.500,0.000,0.000,0.000
demo-1781204762427-4066,Mira,84608.900,84608.900,84609.000,0.000,0.100,0.100
demo-1781204762427-4065,RR Lyrae,84608.900,84608.900,84608.900,0.000,0.000,0.000
demo-1781204762426-4064,Cepheid,84608.800,84608.800,84608.900,0.000,0.100,0.100
demo-1781204762426-4063,RR Lyrae,84608.800,84608.800,84608.800,0.000,0.000,0.000
demo-1781204762410-4062,AGN,84592.500,84592.500,84592.500,0.000,0.000,0.000
demo-1781204762410-4061,Unknown,84592.400,84592.400,84592.500,0.000,0.100,0.100
demo-1781204762410-4060,RR Lyrae,84592.300,84592.300,84592.400,0.000,0.100,0.100
demo-1781204762410-4059,AGN,84592.200,84592.200,84592.300,0.000,0.100,0.100
demo-1781204762393-4058,QSO,84574.900,84574.900,84575.000,0.000,0.100,0.100
demo-1781204762392-4057,RR Lyrae,84574.800,84574.800,84574.900,0.000,0.100,0.100
demo-1781204762392-4056,RR Lyrae,84574.700,84574.700,84574.800,0.000,0.100,0.100
demo-1781204762392-4055,Mira,84574.700,84574.700,84574.700,0.000,0.000,0.000
demo-1781204762378-4054,Unknown,84560.300,84560.300,84560.300,0.000,0.000,0.000
demo-1781204762378-4053,Unknown,84560.300,84560.300,84560.300,0.000,0.000,0.000
demo-1781204762378-4052,SN II,84560.200,84560.200,84560.300,0.000,0.100,0.100
demo-1781204762378-4051,RR Lyrae,84560.100,84560.100,84560.200,0.000,0.100,0.100
demo-1781204762373-4050,AGN,84555.600,84555.600,84555.700,0.000,0.100,0.100
demo-1781204762373-4049,SN Ib,84555.500,84555.600,84555.600,0.100,0.000,0.100
demo-1781204762373-4048,Mira,84555.500,84555.500,84555.500,0.000,0.000,0.000
demo-1781204762373-4047,LPV,84555.400,84555.400,84555.500,0.000,0.100,0.100
demo-1781204762327-4046,Unknown,84509.500,84509.500,84509.600,0.000,0.100,0.100
demo-1781204762327-4045,RR Lyrae,84509.400,84509.400,84509.500,0.000,0.100,0.100
demo-1781204762327-4044,AGN,84509.400,84509.400,84509.400,0.000,0.000,0.000
demo-1781204762310-4043,Mira,84492.800,84492.800,84492.900,0.000,0.100,0.100
demo-1781204762310-4042,LPV,84492.700,84492.700,84492.800,0.000,0.100,0.100
demo-1781204762310-4041,RR Lyrae,84492.600,84492.700,84492.700,0.100,0.000,0.100
demo-1781204762294-4040,Mira,84475.900,84476.000,84476.000,0.100,0.000,0.100
demo-1781204762293-4039,AGN,84475.900,84475.900,84475.900,0.000,0.000,0.000
demo-1781204762293-4038,RR Lyrae,84475.800,84475.800,84475.800,0.000,0.000,0.000
demo-1781204762293-4037,RR Lyrae,84475.700,84475.700,84475.700,0.000,0.000,0.000
demo-1781204762277-4036,RR Lyrae,84459.200,84459.200,84459.300,0.000,0.100,0.100
demo-1781204762277-4035,AGN,84459.200,84459.200,84459.200,0.000,0.000,0.000
demo-1781204762277-4034,SN Ia,84459.100,84459.100,84459.200,0.000,0.100,0.100
demo-1781204762260-4033,RR Lyrae,84442.000,84442.000,84442.100,0.000,0.100,0.100
demo-1781204762260-4032,AGN,84442.000,84442.000,84442.000,0.000,0.000,0.000
demo-1781204762260-4031,RR Lyrae,84441.900,84442.000,84442.000,0.100,0.000,0.100
demo-1781204762244-4030,LPV,84425.900,84425.900,84426.000,0.000,0.100,0.100
demo-1781204762243-4029,AGN,84425.800,84425.800,84425.900,0.000,0.100,0.100
demo-1781204762243-4028,Unknown,84425.800,84425.800,84425.800,0.000,0.000,0.000
demo-1781204762243-4027,Mira,84425.700,84425.700,84425.800,0.000,0.100,0.100
demo-1781204762227-4026,SN II,84409.100,84409.100,84409.200,0.000,0.100,0.100
demo-1781204762227-4025,SN Ib,84409.100,84409.100,84409.100,0.000,0.000,0.000
demo-1781204762227-4024,SN II,84408.900,84408.900,84409.100,0.000,0.200,0.200
demo-1781204762210-4023,AGN,84392.400,84392.400,84392.500,0.000,0.100,0.100
demo-1781204762210-4022,LPV,84392.400,84392.400,84392.400,0.000,0.000,0.000
demo-1781204762210-4021,RR Lyrae,84392.200,84392.200,84392.300,0.000,0.100,0.100
demo-1781204762193-4020,RR Lyrae,84375.800,84375.800,84375.900,0.000,0.100,0.100
demo-1781204762193-4019,AGN,84375.800,84375.800,84375.800,0.000,0.000,0.000
demo-1781204762193-4018,RR Lyrae,84375.700,84375.700,84375.800,0.000,0.100,0.100
demo-1781204762193-4017,LPV,84375.600,84375.600,84375.700,0.000,0.100,0.100
demo-1781204762177-4016,SN II,84359.000,84359.000,84359.000,0.000,0.000,0.000
demo-1781204762177-4015,LPV,84358.900,84359.000,84359.000,0.100,0.000,0.100
demo-1781204762176-4014,RR Lyrae,84358.800,84358.800,84358.900,0.000,0.100,0.100
demo-1781204762160-4013,RR Lyrae,84342.400,84342.400,84342.400,0.000,0.000,0.000
demo-1781204762160-4012,AGN,84342.300,84342.300,84342.300,0.000,0.000,0.000
demo-1781204762160-4011,Cepheid,84342.300,84342.300,84342.300,0.000,0.000,0.000
demo-1781204762143-4010,SN Ia,84325.800,84325.800,84325.800,0.000,0.000,0.000
demo-1781204762143-4009,AGN,84325.600,84325.600,84325.700,0.000,0.100,0.100
demo-1781204762143-4008,SN II,84325.600,84325.600,84325.600,0.000,0.000,0.000
demo-1781204762143-4007,RR Lyrae,84325.500,84325.600,84325.600,0.100,0.000,0.100
demo-1781204762127-4006,RR Lyrae,84309.800,84309.800,84309.900,0.000,0.100,0.100
demo-1781204762127-4005,RR Lyrae,84309.800,84309.800,84309.800,0.000,0.000,0.000
demo-1781204762127-4004,Unknown,84309.700,84309.700,84309.800,0.000,0.100,0.100
demo-1781204762125-4003,RR Lyrae,84307.300,84307.300,84307.400,0.000,0.100,0.100
demo-1781204762125-4002,SN II,84307.200,84307.200,84307.300,0.000,0.100,0.100
demo-1781204762125-4001,Mira,84307.200,84307.200,84307.200,0.000,0.000,0.000
demo-1781204762122-4000,RR Lyrae,84303.900,84303.900,84303.900,0.000,0.000,0.000
demo-1781204762121-3999,AGN,84303.800,84303.800,84303.900,0.000,0.100,0.100
demo-1781204762121-3998,Mira,84303.700,84303.700,84303.800,0.000,0.100,0.100
demo-1781204762121-3997,LPV,84303.700,84303.700,84303.700,0.000,0.000,0.000
demo-1781204762077-3996,AGN,84259.000,84259.000,84259.000,0.000,0.000,0.000
demo-1781204762077-3995,AGN,84259.000,84259.000,84259.000,0.000,0.000,0.000
demo-1781204762076-3994,RR Lyrae,84258.900,84258.900,84258.900,0.000,0.000,0.000
demo-1781204762060-3993,RR Lyrae,84242.300,84242.300,84242.400,0.000,0.100,0.100
demo-1781204762060-3992,Mira,84242.300,84242.300,84242.300,0.000,0.000,0.000
demo-1781204762060-3991,LPV,84242.100,84242.100,84242.300,0.000,0.200,0.200
demo-1781204762043-3990,RR Lyrae,84225.800,84225.800,84225.800,0.000,0.000,0.000
demo-1781204762043-3989,Unknown,84225.700,84225.700,84225.800,0.000,0.100,0.100
demo-1781204762043-3988,SN Ia,84225.600,84225.600,84225.700,0.000,0.100,0.100
demo-1781204762043-3987,Mira,84225.600,84225.600,84225.600,0.000,0.000,0.000
demo-1781204762031-3986,RR Lyrae,84213.500,84213.500,84213.500,0.000,0.000,0.000
demo-1781204762031-3985,RR Lyrae,84213.400,84213.400,84213.500,0.000,0.100,0.100
demo-1781204762031-3984,RR Lyrae,84213.400,84213.400,84213.400,0.000,0.000,0.000
demo-1781204762010-3983,Unknown,84192.400,84192.400,84192.400,0.000,0.000,0.000
demo-1781204762010-3982,SN Ia,84192.300,84192.300,84192.400,0.000,0.100,0.100
demo-1781204762010-3981,SN Ia,84192.200,84192.200,84192.300,0.000,0.100,0.100
demo-1781204761993-3980,Mira,84175.800,84175.800,84175.800,0.000,0.000,0.000
demo-1781204761993-3979,Mira,84175.800,84175.800,84175.800,0.000,0.000,0.000
demo-1781204761993-3978,Mira,84175.700,84175.700,84175.800,0.000,0.100,0.100
demo-1781204761993-3977,RR Lyrae,84175.600,84175.600,84175.600,0.000,0.000,0.000
demo-1781204761976-3976,LPV,84158.200,84158.200,84158.200,0.000,0.000,0.000
demo-1781204761976-3975,QSO,84158.200,84158.200,84158.200,0.000,0.000,0.000
demo-1781204761976-3974,RR Lyrae,84158.000,84158.000,84158.100,0.000,0.100,0.100
demo-1781204761960-3973,Mira,84142.500,84142.500,84142.500,0.000,0.000,0.000
demo-1781204761960-3972,AGN,84142.300,84142.300,84142.400,0.000,0.100,0.100
demo-1781204761960-3971,Unknown,84142.300,84142.300,84142.300,0.000,0.000,0.000
demo-1781204761943-3970,SN II,84125.700,84125.700,84125.700,0.000,0.000,0.000
demo-1781204761943-3969,RR Lyrae,84125.700,84125.700,84125.700,0.000,0.000,0.000
demo-1781204761943-3968,QSO,84125.500,84125.500,84125.700,0.000,0.200,0.200
demo-1781204761943-3967,AGN,84125.500,84125.500,84125.500,0.000,0.000,0.000
demo-1781204761927-3966,AGN,84109.100,84109.100,84109.200,0.000,0.100,0.100
demo-1781204761927-3965,RR Lyrae,84109.000,84109.000,84109.100,0.000,0.100,0.100
demo-1781204761927-3964,Mira,84108.900,84108.900,84109.000,0.000,0.100,0.100
demo-1781204761927-3963,RR Lyrae,84108.900,84108.900,84108.900,0.000,0.000,0.000
demo-1781204761910-3962,AGN,84092.500,84092.500,84092.600,0.000,0.100,0.100
demo-1781204761910-3961,Mira,84092.400,84092.400,84092.400,0.000,0.000,0.000
demo-1781204761910-3960,AGN,84092.300,84092.300,84092.400,0.000,0.100,0.100
demo-1781204761910-3959,Mira,84092.200,84092.300,84092.300,0.100,0.000,0.100
demo-1781204761899-3958,Unknown,84081.300,84081.300,84081.400,0.000,0.100,0.100
demo-1781204761899-3957,Mira,84081.200,84081.200,84081.300,0.000,0.100,0.100
demo-1781204761899-3956,Mira,84081.200,84081.200,84081.200,0.000,0.000,0.000
demo-1781204761899-3955,AGN,84081.000,84081.100,84081.200,0.100,0.100,0.200
demo-1781204761878-3954,Mira,84060.400,84060.400,84060.400,0.000,0.000,0.000
demo-1781204761878-3953,Unknown,84060.400,84060.400,84060.400,0.000,0.000,0.000
demo-1781204761878-3952,AGN,84060.300,84060.300,84060.400,0.000,0.100,0.100
demo-1781204761878-3951,Mira,84060.200,84060.200,84060.300,0.000,0.100,0.100
demo-1781204761875-3950,Mira,84057.000,84057.000,84057.000,0.000,0.000,0.000
demo-1781204761875-3949,SN Ia,84057.000,84057.000,84057.000,0.000,0.000,0.000
demo-1781204761875-3948,Mira,84056.900,84056.900,84057.000,0.000,0.100,0.100
demo-1781204761874-3947,LPV,84056.700,84056.700,84056.900,0.000,0.200,0.200
demo-1781204761827-3946,RR Lyrae,84009.600,84009.600,84009.700,0.000,0.100,0.100
demo-1781204761827-3945,SN II,84009.500,84009.500,84009.600,0.000,0.100,0.100
demo-1781204761827-3944,Cepheid,84009.500,84009.500,84009.500,0.000,0.000,0.000
demo-1781204761811-3943,Unknown,83993.000,83993.000,83993.100,0.000,0.100,0.100
demo-1781204761811-3942,RR Lyrae,83992.900,83992.900,83992.900,0.000,0.000,0.000
demo-1781204761810-3941,AGN,83992.700,83992.700,83992.900,0.000,0.200,0.200
demo-1781204761794-3940,RR Lyrae,83976.600,83976.600,83976.700,0.000,0.100,0.100
demo-1781204761794-3939,SN Ia,83976.500,83976.500,83976.600,0.000,0.100,0.100
demo-1781204761794-3938,Unknown,83976.400,83976.400,83976.500,0.000,0.100,0.100
demo-1781204761794-3937,AGN,83976.300,83976.300,83976.400,0.000,0.100,0.100
demo-1781204761777-3936,Unknown,83959.400,83959.400,83959.400,0.000,0.000,0.000
demo-1781204761777-3935,RR Lyrae,83959.200,83959.200,83959.300,0.000,0.100,0.100
demo-1781204761777-3934,Mira,83959.100,83959.100,83959.200,0.000,0.100,0.100
demo-1781204761760-3933,AGN,83942.700,83942.700,83942.700,0.000,0.000,0.000
demo-1781204761760-3932,Mira,83942.600,83942.600,83942.700,0.000,0.100,0.100
demo-1781204761760-3931,RR Lyrae,83942.500,83942.500,83942.500,0.000,0.000,0.000
demo-1781204761744-3930,SN Ia,83925.900,83925.900,83926.000,0.000,0.100,0.100
demo-1781204761744-3929,Mira,83925.900,83925.900,83925.900,0.000,0.000,0.000
demo-1781204761743-3928,RR Lyrae,83925.800,83925.800,83925.900,0.000,0.100,0.100
demo-1781204761743-3927,Mira,83925.700,83925.700,83925.800,0.000,0.100,0.100
demo-1781204761727-3926,RR Lyrae,83909.100,83909.100,83909.200,0.000,0.100,0.100
demo-1781204761727-3925,Cepheid,83909.100,83909.100,83909.100,0.000,0.000,0.000
demo-1781204761727-3924,LPV,83908.900,83908.900,83909.100,0.000,0.200,0.200
demo-1781204761710-3923,RR Lyrae,83892.600,83892.600,83892.700,0.000,0.100,0.100
demo-1781204761710-3922,SN Ia,83892.500,83892.600,83892.600,0.100,0.000,0.100
demo-1781204761710-3921,LPV,83892.400,83892.400,83892.500,0.000,0.100,0.100
demo-1781204761710-3920,SN Ia,83892.300,83892.300,83892.400,0.000,0.100,0.100
demo-1781204761693-3919,Mira,83875.800,83875.800,83875.900,0.000,0.100,0.100
demo-1781204761693-3918,Mira,83875.700,83875.700,83875.800,0.000,0.100,0.100
demo-1781204761693-3917,RR Lyrae,83875.700,83875.700,83875.700,0.000,0.000,0.000
demo-1781204761693-3916,SN Ic,83875.600,83875.600,83875.700,0.000,0.100,0.100
demo-1781204761677-3915,AGN,83858.900,83858.900,83859.000,0.000,0.100,0.100
demo-1781204761677-3914,AGN,83858.900,83858.900,83858.900,0.000,0.000,0.000
demo-1781204761676-3913,AGN,83858.800,83858.800,83858.900,0.000,0.100,0.100
demo-1781204761676-3912,Mira,83858.800,83858.800,83858.800,0.000,0.000,0.000
demo-1781204761660-3911,SN Ia,83842.200,83842.200,83842.300,0.000,0.100,0.100
demo-1781204761660-3910,Unknown,83842.200,83842.200,83842.200,0.000,0.000,0.000
demo-1781204761660-3909,AGN,83842.100,83842.100,83842.200,0.000,0.100,0.100
demo-1781204761660-3908,SN II,83842.100,83842.100,83842.100,0.000,0.000,0.000
demo-1781204761642-3907,RR Lyrae,83824.600,83824.600,83824.700,0.000,0.100,0.100
demo-1781204761642-3906,AGN,83824.600,83824.600,83824.600,0.000,0.000,0.000
demo-1781204761642-3905,Mira,83824.500,83824.500,83824.600,0.000,0.100,0.100
demo-1781204761642-3904,AGN,83824.400,83824.400,83824.500,0.000,0.100,0.100
demo-1781204761628-3903,SN II,83810.500,83810.500,83810.500,0.000,0.000,0.000
demo-1781204761628-3902,SN Ia,83810.500,83810.500,83810.500,0.000,0.000,0.000
demo-1781204761628-3901,AGN,83810.400,83810.400,83810.500,0.000,0.100,0.100
demo-1781204761628-3900,RR Lyrae,83810.300,83810.300,83810.400,0.000,0.100,0.100
demo-1781204761625-3899,Mira,83807.000,83807.000,83807.100,0.000,0.100,0.100
demo-1781204761625-3898,QSO,83807.000,83807.000,83807.000,0.000,0.000,0.000
demo-1781204761625-3897,AGN,83806.900,83806.900,83807.000,0.000,0.100,0.100
demo-1781204761578-3896,SN II,83760.000,83760.000,83760.100,0.000,0.100,0.100
demo-1781204761578-3895,RR Lyrae,83759.900,83759.900,83759.900,0.000,0.000,0.000
demo-1781204761577-3894,RR Lyrae,83759.800,83759.800,83759.900,0.000,0.100,0.100
demo-1781204761561-3893,AGN,83743.100,83743.100,83743.100,0.000,0.000,0.000
demo-1781204761561-3892,RR Lyrae,83742.900,83742.900,83743.000,0.000,0.100,0.100
demo-1781204761560-3891,Unknown,83742.800,83742.800,83742.900,0.000,0.100,0.100
demo-1781204761544-3890,SN Ia,83726.200,83726.200,83726.300,0.000,0.100,0.100
demo-1781204761544-3889,Unknown,83726.100,83726.100,83726.200,0.000,0.100,0.100
demo-1781204761544-3888,QSO,83726.100,83726.100,83726.100,0.000,0.000,0.000
demo-1781204761544-3887,RR Lyrae,83725.900,83725.900,83726.000,0.000,0.100,0.100
demo-1781204761527-3886,Unknown,83709.100,83709.100,83709.200,0.000,0.100,0.100
demo-1781204761527-3885,RR Lyrae,83709.100,83709.100,83709.100,0.000,0.000,0.000
demo-1781204761527-3884,RR Lyrae,83708.900,83708.900,83709.000,0.000,0.100,0.100
demo-1781204761510-3883,Cepheid,83692.400,83692.400,83692.500,0.000,0.100,0.100
demo-1781204761510-3882,RR Lyrae,83692.400,83692.400,83692.400,0.000,0.000,0.000
demo-1781204761510-3881,Mira,83692.300,83692.300,83692.400,0.000,0.100,0.100
demo-1781204761494-3880,AGN,83675.900,83675.900,83675.900,0.000,0.000,0.000
demo-1781204761493-3879,QSO,83675.800,83675.800,83675.900,0.000,0.100,0.100
demo-1781204761493-3878,AGN,83675.800,83675.800,83675.800,0.000,0.000,0.000
demo-1781204761493-3877,AGN,83675.700,83675.700,83675.700,0.000,0.000,0.000
demo-1781204761477-3876,SN Ia,83658.900,83658.900,83658.900,0.000,0.000,0.000
demo-1781204761476-3875,Unknown,83658.800,83658.800,83658.900,0.000,0.100,0.100
demo-1781204761476-3874,AGN,83658.800,83658.800,83658.800,0.000,0.000,0.000
demo-1781204761460-3873,RR Lyrae,83642.000,83642.000,83642.100,0.000,0.100,0.100
demo-1781204761460-3872,SN II,83641.900,83641.900,83642.000,0.000,0.100,0.100
demo-1781204761459-3871,Unknown,83641.800,83641.800,83641.900,0.000,0.100,0.100
demo-1781204761444-3870,Mira,83625.800,83625.800,83625.900,0.000,0.100,0.100
demo-1781204761443-3869,AGN,83625.800,83625.800,83625.800,0.000,0.000,0.000
demo-1781204761443-3868,Mira,83625.700,83625.700,83625.800,0.000,0.100,0.100
demo-1781204761443-3867,Cepheid,83625.600,83625.600,83625.700,0.000,0.100,0.100
demo-1781204761427-3866,Mira,83609.100,83609.100,83609.200,0.000,0.100,0.100
demo-1781204761427-3865,AGN,83609.000,83609.100,83609.100,0.100,0.000,0.100
demo-1781204761427-3864,Mira,83609.000,83609.000,83609.000,0.000,0.000,0.000
demo-1781204761427-3863,QSO,83608.900,83608.900,83609.000,0.000,0.100,0.100
demo-1781204761410-3862,AGN,83592.500,83592.500,83592.500,0.000,0.000,0.000
demo-1781204761410-3861,Mira,83592.400,83592.400,83592.500,0.000,0.100,0.100
demo-1781204761410-3860,RR Lyrae,83592.300,83592.300,83592.400,0.000,0.100,0.100
demo-1781204761410-3859,Unknown,83592.200,83592.200,83592.300,0.000,0.100,0.100
demo-1781204761393-3858,Mira,83575.800,83575.800,83575.800,0.000,0.000,0.000
demo-1781204761393-3857,AGN,83575.700,83575.700,83575.800,0.000,0.100,0.100
demo-1781204761393-3856,AGN,83575.700,83575.700,83575.700,0.000,0.000,0.000
demo-1781204761393-3855,RR Lyrae,83575.600,83575.600,83575.600,0.000,0.000,0.000
demo-1781204761379-3854,RR Lyrae,83560.900,83560.900,83561.000,0.000,0.100,0.100
demo-1781204761378-3853,AGN,83560.800,83560.800,83560.900,0.000,0.100,0.100
demo-1781204761378-3852,RR Lyrae,83560.800,83560.800,83560.800,0.000,0.000,0.000
demo-1781204761378-3851,AGN,83560.600,83560.600,83560.800,0.000,0.200,0.200
demo-1781204761375-3850,Mira,83557.400,83557.400,83557.500,0.000,0.100,0.100
demo-1781204761375-3849,RR Lyrae,83557.400,83557.400,83557.400,0.000,0.000,0.000
demo-1781204761375-3848,AGN,83557.300,83557.300,83557.400,0.000,0.100,0.100
demo-1781204761375-3847,RR Lyrae,83557.200,83557.200,83557.300,0.000,0.100,0.100
demo-1781204761328-3846,SN II,83509.900,83509.900,83510.000,0.000,0.100,0.100
demo-1781204761327-3845,RR Lyrae,83509.800,83509.800,83509.900,0.000,0.100,0.100
demo-1781204761327-3844,RR Lyrae,83509.600,83509.700,83509.800,0.100,0.100,0.200
demo-1781204761311-3843,AGN,83493.100,83493.100,83493.100,0.000,0.000,0.000
demo-1781204761311-3842,RR Lyrae,83493.000,83493.000,83493.000,0.000,0.000,0.000
demo-1781204761310-3841,AGN,83492.800,83492.800,83492.900,0.000,0.100,0.100
demo-1781204761294-3840,QSO,83476.200,83476.200,83476.200,0.000,0.000,0.000
demo-1781204761294-3839,LPV,83476.100,83476.100,83476.100,0.000,0.000,0.000
demo-1781204761294-3838,AGN,83476.000,83476.100,83476.100,0.100,0.000,0.100
demo-1781204761294-3837,Mira,83475.900,83475.900,83476.000,0.000,0.100,0.100
demo-1781204761277-3836,RR Lyrae,83459.400,83459.400,83459.500,0.000,0.100,0.100
demo-1781204761277-3835,QSO,83459.300,83459.300,83459.400,0.000,0.100,0.100
demo-1781204761277-3834,RR Lyrae,83459.200,83459.200,83459.300,0.000,0.100,0.100
demo-1781204761260-3833,RR Lyrae,83442.600,83442.600,83442.600,0.000,0.000,0.000
demo-1781204761260-3832,AGN,83442.400,83442.400,83442.500,0.000,0.100,0.100
demo-1781204761260-3831,SN Ia,83442.400,83442.400,83442.400,0.000,0.000,0.000
demo-1781204761244-3830,SN Ia,83426.000,83426.000,83426.100,0.000,0.100,0.100
demo-1781204761244-3829,AGN,83426.000,83426.000,83426.000,0.000,0.000,0.000
demo-1781204761243-3828,Mira,83425.900,83425.900,83426.000,0.000,0.100,0.100
demo-1781204761243-3827,RR Lyrae,83425.700,83425.700,83425.900,0.000,0.200,0.200
demo-1781204761227-3826,RR Lyrae,83409.200,83409.200,83409.200,0.000,0.000,0.000
demo-1781204761227-3825,RR Lyrae,83409.100,83409.100,83409.200,0.000,0.100,0.100
demo-1781204761227-3824,AGN,83409.000,83409.000,83409.100,0.000,0.100,0.100
demo-1781204761210-3823,Unknown,83392.500,83392.500,83392.600,0.000,0.100,0.100
demo-1781204761210-3822,AGN,83392.400,83392.400,83392.500,0.000,0.100,0.100
demo-1781204761210-3821,RR Lyrae,83392.400,83392.400,83392.400,0.000,0.000,0.000
demo-1781204761210-3820,Mira,83392.200,83392.300,83392.400,0.100,0.100,0.200
demo-1781204761193-3819,LPV,83375.300,83375.300,83375.300,0.000,0.000,0.000
demo-1781204761193-3818,Mira,83375.300,83375.300,83375.300,0.000,0.000,0.000
demo-1781204761193-3817,Cepheid,83375.100,83375.100,83375.300,0.000,0.200,0.200
demo-1781204761177-3816,Mira,83359.100,83359.100,83359.200,0.000,0.100,0.100
demo-1781204761177-3815,Unknown,83359.100,83359.100,83359.100,0.000,0.000,0.000
demo-1781204761177-3814,AGN,83359.000,83359.000,83359.100,0.000,0.100,0.100
demo-1781204761177-3813,AGN,83358.900,83358.900,83359.000,0.000,0.100,0.100
demo-1781204761160-3812,SN Ia,83342.500,83342.500,83342.500,0.000,0.000,0.000
demo-1781204761160-3811,LPV,83342.400,83342.400,83342.500,0.000,0.100,0.100
demo-1781204761160-3810,AGN,83342.400,83342.400,83342.400,0.000,0.000,0.000
demo-1781204761160-3809,RR Lyrae,83342.300,83342.300,83342.400,0.000,0.100,0.100
demo-1781204761143-3808,AGN,83325.800,83325.800,83325.800,0.000,0.000,0.000
demo-1781204761143-3807,QSO,83325.700,83325.700,83325.800,0.000,0.100,0.100
demo-1781204761143-3806,AGN,83325.700,83325.700,83325.700,0.000,0.000,0.000
demo-1781204761143-3805,Mira,83325.600,83325.600,83325.700,0.000,0.100,0.100
demo-1781204761127-3804,AGN,83309.000,83309.000,83309.000,0.000,0.000,0.000
demo-1781204761127-3803,RR Lyrae,83308.900,83308.900,83309.000,0.000,0.100,0.100
demo-1781204761127-3802,AGN,83308.900,83308.900,83308.900,0.000,0.000,0.000
demo-1781204761126-3801,RR Lyrae,83308.800,83308.800,83308.900,0.000,0.100,0.100
demo-1781204761123-3800,Mira,83305.700,83305.700,83305.700,0.000,0.000,0.000
demo-1781204761123-3799,Unknown,83305.600,83305.700,83305.700,0.100,0.000,0.100
demo-1781204761123-3798,Mira,83305.500,83305.500,83305.600,0.000,0.100,0.100
demo-1781204761123-3797,RR Lyrae,83305.400,83305.400,83305.500,0.000,0.100,0.100
demo-1781204761077-3796,AGN,83259.100,83259.100,83259.100,0.000,0.000,0.000
demo-1781204761077-3795,RR Lyrae,83259.000,83259.000,83259.100,0.000,0.100,0.100
demo-1781204761077-3794,RR Lyrae,83258.900,83258.900,83259.000,0.000,0.100,0.100
demo-1781204761060-3793,RR Lyrae,83242.600,83242.600,83242.700,0.000,0.100,0.100
demo-1781204761060-3792,Mira,83242.600,83242.600,83242.600,0.000,0.000,0.000
demo-1781204761060-3791,RR Lyrae,83242.400,83242.400,83242.600,0.000,0.200,0.200
demo-1781204761044-3790,RR Lyrae,83226.000,83226.000,83226.100,0.000,0.100,0.100
demo-1781204761044-3789,Cepheid,83226.000,83226.000,83226.000,0.000,0.000,0.000
demo-1781204761044-3788,AGN,83225.900,83225.900,83226.000,0.000,0.100,0.100
demo-1781204761043-3787,RR Lyrae,83225.800,83225.800,83225.900,0.000,0.100,0.100
demo-1781204761032-3786,LPV,83214.700,83214.700,83214.700,0.000,0.000,0.000
demo-1781204761032-3785,AGN,83214.600,83214.600,83214.700,0.000,0.100,0.100
demo-1781204761032-3784,SN Ic,83214.500,83214.500,83214.600,0.000,0.100,0.100
demo-1781204761010-3783,Cepheid,83192.700,83192.700,83192.800,0.000,0.100,0.100
demo-1781204761010-3782,SN Ia,83192.600,83192.600,83192.700,0.000,0.100,0.100
demo-1781204761010-3781,Unknown,83192.500,83192.500,83192.600,0.000,0.100,0.100
demo-1781204760994-3780,Mira,83175.900,83175.900,83176.000,0.000,0.100,0.100
demo-1781204760993-3779,RR Lyrae,83175.700,83175.700,83175.900,0.000,0.200,0.200
demo-1781204760993-3778,SN Ia,83175.700,83175.700,83175.700,0.000,0.000,0.000
demo-1781204760993-3777,RR Lyrae,83175.700,83175.700,83175.700,0.000,0.000,0.000
demo-1781204760977-3776,RR Lyrae,83158.900,83158.900,83158.900,0.000,0.000,0.000
demo-1781204760976-3775,Cepheid,83158.800,83158.800,83158.900,0.000,0.100,0.100
demo-1781204760976-3774,RR Lyrae,83158.700,83158.700,83158.800,0.000,0.100,0.100
demo-1781204760960-3773,AGN,83142.300,83142.300,83142.300,0.000,0.000,0.000
demo-1781204760960-3772,SN Ia,83142.200,83142.200,83142.300,0.000,0.100,0.100
demo-1781204760960-3771,QSO,83142.100,83142.100,83142.200,0.000,0.100,0.100
demo-1781204760960-3770,AGN,83142.100,83142.100,83142.100,0.000,0.000,0.000
demo-1781204760943-3769,Mira,83125.600,83125.600,83125.700,0.000,0.100,0.100
demo-1781204760943-3768,AGN,83125.600,83125.600,83125.600,0.000,0.000,0.000
demo-1781204760943-3767,Unknown,83125.500,83125.500,83125.500,0.000,0.000,0.000
demo-1781204760943-3766,SN II,83125.400,83125.400,83125.500,0.000,0.100,0.100
demo-1781204760927-3765,SN Ia,83109.100,83109.100,83109.100,0.000,0.000,0.000
demo-1781204760927-3764,Cepheid,83109.100,83109.100,83109.100,0.000,0.000,0.000
demo-1781204760927-3763,LPV,83108.900,83109.000,83109.100,0.100,0.100,0.200
demo-1781204760927-3762,AGN,83108.900,83108.900,83108.900,0.000,0.000,0.000
demo-1781204760910-3761,RR Lyrae,83092.600,83092.600,83092.600,0.000,0.000,0.000
demo-1781204760910-3760,Mira,83092.500,83092.500,83092.600,0.000,0.100,0.100
demo-1781204760910-3759,RR Lyrae,83092.400,83092.400,83092.500,0.000,0.100,0.100
demo-1781204760910-3758,SN Ib,83092.400,83092.400,83092.400,0.000,0.000,0.000
demo-1781204760894-3757,AGN,83075.900,83075.900,83075.900,0.000,0.000,0.000
demo-1781204760893-3756,RR Lyrae,83075.800,83075.800,83075.900,0.000,0.100,0.100
demo-1781204760893-3755,LPV,83075.700,83075.700,83075.800,0.000,0.100,0.100
demo-1781204760893-3754,AGN,83075.700,83075.700,83075.700,0.000,0.000,0.000
demo-1781204760876-3753,QSO,83058.600,83058.600,83058.700,0.000,0.100,0.100
demo-1781204760876-3752,AGN,83058.500,83058.500,83058.600,0.000,0.100,0.100
demo-1781204760876-3751,RR Lyrae,83058.400,83058.400,83058.500,0.000,0.100,0.100
demo-1781204760873-3750,RR Lyrae,83055.300,83055.300,83055.300,0.000,0.000,0.000
demo-1781204760873-3749,RR Lyrae,83055.200,83055.200,83055.300,0.000,0.100,0.100
demo-1781204760873-3748,RR Lyrae,83055.200,83055.200,83055.200,0.000,0.000,0.000
demo-1781204760873-3747,AGN,83055.100,83055.100,83055.200,0.000,0.100,0.100
demo-1781204760827-3746,RR Lyrae,83009.400,83009.400,83009.400,0.000,0.000,0.000
demo-1781204760827-3745,Unknown,83009.300,83009.300,83009.400,0.000,0.100,0.100
demo-1781204760827-3744,Unknown,83009.300,83009.300,83009.300,0.000,0.000,0.000
demo-1781204760810-3743,AGN,82992.800,82992.800,82992.800,0.000,0.000,0.000
demo-1781204760810-3742,SN II,82992.600,82992.600,82992.800,0.000,0.200,0.200
demo-1781204760810-3741,RR Lyrae,82992.600,82992.600,82992.600,0.000,0.000,0.000
demo-1781204760794-3740,SN II,82976.100,82976.100,82976.200,0.000,0.100,0.100
demo-1781204760794-3739,RR Lyrae,82976.000,82976.000,82976.100,0.000,0.100,0.100
demo-1781204760794-3738,RR Lyrae,82975.900,82975.900,82976.000,0.000,0.100,0.100
demo-1781204760793-3737,AGN,82975.800,82975.800,82975.900,0.000,0.100,0.100
demo-1781204760777-3736,RR Lyrae,82959.300,82959.300,82959.400,0.000,0.100,0.100
demo-1781204760777-3735,RR Lyrae,82959.200,82959.200,82959.300,0.000,0.100,0.100
demo-1781204760777-3734,RR Lyrae,82959.200,82959.200,82959.200,0.000,0.000,0.000
demo-1781204760760-3733,RR Lyrae,82942.500,82942.500,82942.700,0.000,0.200,0.200
demo-1781204760760-3732,Mira,82942.500,82942.500,82942.500,0.000,0.000,0.000
demo-1781204760760-3731,AGN,82942.400,82942.400,82942.500,0.000,0.100,0.100
demo-1781204760744-3730,RR Lyrae,82925.800,82925.800,82925.900,0.000,0.100,0.100
demo-1781204760743-3729,Unknown,82925.800,82925.800,82925.800,0.000,0.000,0.000
demo-1781204760743-3728,Mira,82925.700,82925.700,82925.800,0.000,0.100,0.100
demo-1781204760743-3727,RR Lyrae,82925.600,82925.600,82925.700,0.000,0.100,0.100
demo-1781204760727-3726,RR Lyrae,82908.900,82908.900,82909.000,0.000,0.100,0.100
demo-1781204760727-3725,RR Lyrae,82908.800,82908.800,82908.900,0.000,0.100,0.100
demo-1781204760726-3724,RR Lyrae,82908.700,82908.800,82908.800,0.100,0.000,0.100
demo-1781204760710-3723,RR Lyrae,82892.300,82892.300,82892.400,0.000,0.100,0.100
demo-1781204760710-3722,RR Lyrae,82892.200,82892.200,82892.200,0.000,0.000,0.000
demo-1781204760710-3721,SN Ic,82892.100,82892.200,82892.200,0.100,0.000,0.100
demo-1781204760693-3720,SN Ia,82875.600,82875.600,82875.600,0.000,0.000,0.000
demo-1781204760693-3719,AGN,82875.500,82875.500,82875.600,0.000,0.100,0.100
demo-1781204760693-3718,SN Ic,82875.500,82875.500,82875.500,0.000,0.000,0.000
demo-1781204760693-3717,RR Lyrae,82875.400,82875.400,82875.500,0.000,0.100,0.100
demo-1781204760677-3716,LPV,82858.900,82858.900,82859.000,0.000,0.100,0.100
demo-1781204760676-3715,AGN,82858.800,82858.800,82858.900,0.000,0.100,0.100
demo-1781204760676-3714,Unknown,82858.700,82858.800,82858.800,0.100,0.000,0.100
demo-1781204760676-3713,SN Ia,82858.700,82858.700,82858.700,0.000,0.000,0.000
demo-1781204760660-3712,RR Lyrae,82842.300,82842.300,82842.400,0.000,0.100,0.100
demo-1781204760660-3711,RR Lyrae,82842.200,82842.300,82842.300,0.100,0.000,0.100
demo-1781204760660-3710,AGN,82842.200,82842.200,82842.200,0.000,0.000,0.000
demo-1781204760660-3709,Mira,82842.100,82842.100,82842.200,0.000,0.100,0.100
demo-1781204760644-3708,AGN,82825.900,82825.900,82825.900,0.000,0.000,0.000
demo-1781204760643-3707,AGN,82825.800,82825.800,82825.900,0.000,0.100,0.100
demo-1781204760643-3706,Unknown,82825.800,82825.800,82825.800,0.000,0.000,0.000
demo-1781204760643-3705,Unknown,82825.700,82825.700,82825.800,0.000,0.100,0.100
demo-1781204760628-3704,Unknown,82810.000,82810.000,82810.100,0.000,0.100,0.100
demo-1781204760628-3703,QSO,82809.900,82809.900,82810.000,0.000,0.100,0.100
demo-1781204760627-3702,AGN,82809.900,82809.900,82809.900,0.000,0.000,0.000
demo-1781204760627-3701,Mira,82809.800,82809.800,82809.900,0.000,0.100,0.100
demo-1781204760624-3700,AGN,82806.400,82806.400,82806.400,0.000,0.000,0.000
demo-1781204760624-3699,RR Lyrae,82806.300,82806.300,82806.400,0.000,0.100,0.100
demo-1781204760624-3698,AGN,82806.200,82806.200,82806.200,0.000,0.000,0.000
demo-1781204760624-3697,QSO,82806.100,82806.100,82806.200,0.000,0.100,0.100
demo-1781204760577-3696,SN Ia,82759.300,82759.300,82759.300,0.000,0.000,0.000
demo-1781204760577-3695,Mira,82759.200,82759.200,82759.300,0.000,0.100,0.100
demo-1781204760577-3694,SN II,82759.100,82759.100,82759.200,0.000,0.100,0.100
demo-1781204760560-3693,Unknown,82742.500,82742.500,82742.500,0.000,0.000,0.000
demo-1781204760560-3692,AGN,82742.300,82742.300,82742.500,0.000,0.200,0.200
demo-1781204760560-3691,QSO,82742.200,82742.200,82742.300,0.000,0.100,0.100
demo-1781204760543-3690,QSO,82725.800,82725.800,82725.900,0.000,0.100,0.100
demo-1781204760543-3689,SN II,82725.700,82725.700,82725.800,0.000,0.100,0.100
demo-1781204760543-3688,RR Lyrae,82725.600,82725.600,82725.700,0.000,0.100,0.100
demo-1781204760543-3687,Mira,82725.500,82725.500,82725.600,0.000,0.100,0.100
demo-1781204760527-3686,AGN,82709.300,82709.300,82709.300,0.000,0.000,0.000
demo-1781204760527-3685,Unknown,82709.200,82709.200,82709.200,0.000,0.000,0.000
demo-1781204760527-3684,AGN,82709.100,82709.100,82709.200,0.000,0.100,0.100
demo-1781204760510-3683,SN Ia,82692.600,82692.600,82692.600,0.000,0.000,0.000
demo-1781204760510-3682,RR Lyrae,82692.500,82692.500,82692.600,0.000,0.100,0.100
demo-1781204760510-3681,RR Lyrae,82692.400,82692.400,82692.500,0.000,0.100,0.100
demo-1781204760494-3680,RR Lyrae,82675.900,82675.900,82675.900,0.000,0.000,0.000
demo-1781204760493-3679,AGN,82675.900,82675.900,82675.900,0.000,0.000,0.000
demo-1781204760493-3678,Mira,82675.800,82675.800,82675.900,0.000,0.100,0.100
demo-1781204760493-3677,RR Lyrae,82675.700,82675.700,82675.800,0.000,0.100,0.100
demo-1781204760476-3676,Mira,82658.800,82658.800,82658.900,0.000,0.100,0.100
demo-1781204760476-3675,SN Ic,82658.800,82658.800,82658.800,0.000,0.000,0.000
demo-1781204760476-3674,Mira,82658.700,82658.700,82658.700,0.000,0.000,0.000
demo-1781204760460-3673,AGN,82642.200,82642.200,82642.200,0.000,0.000,0.000
demo-1781204760460-3672,RR Lyrae,82642.100,82642.100,82642.200,0.000,0.100,0.100
demo-1781204760460-3671,SN Ia,82642.000,82642.000,82642.100,0.000,0.100,0.100
demo-1781204760443-3670,AGN,82625.600,82625.600,82625.700,0.000,0.100,0.100
demo-1781204760443-3669,AGN,82625.600,82625.600,82625.600,0.000,0.000,0.000
demo-1781204760443-3668,RR Lyrae,82625.500,82625.500,82625.600,0.000,0.100,0.100
demo-1781204760443-3667,RR Lyrae,82625.400,82625.400,82625.500,0.000,0.100,0.100
demo-1781204760427-3666,QSO,82609.000,82609.000,82609.100,0.000,0.100,0.100
demo-1781204760427-3665,Mira,82609.000,82609.000,82609.000,0.000,0.000,0.000
demo-1781204760427-3664,AGN,82608.900,82608.900,82609.000,0.000,0.100,0.100
demo-1781204760410-3663,RR Lyrae,82592.400,82592.400,82592.400,0.000,0.000,0.000
demo-1781204760410-3662,AGN,82592.300,82592.300,82592.400,0.000,0.100,0.100
demo-1781204760410-3661,Unknown,82592.200,82592.200,82592.300,0.000,0.100,0.100
demo-1781204760410-3660,RR Lyrae,82592.200,82592.200,82592.200,0.000,0.000,0.000
demo-1781204760393-3659,Unknown,82575.200,82575.200,82575.200,0.000,0.000,0.000
demo-1781204760393-3658,SN Ia,82575.200,82575.200,82575.200,0.000,0.000,0.000
demo-1781204760393-3657,AGN,82575.000,82575.000,82575.100,0.000,0.100,0.100
demo-1781204760378-3656,LPV,82560.700,82560.700,82560.700,0.000,0.000,0.000
demo-1781204760378-3655,RR Lyrae,82560.600,82560.700,82560.700,0.100,0.000,0.100
demo-1781204760378-3654,AGN,82560.500,82560.500,82560.600,0.000,0.100,0.100
demo-1781204760376-3653,SN Ia,82558.100,82558.100,82558.300,0.000,0.200,0.200
demo-1781204760376-3652,RR Lyrae,82558.000,82558.000,82558.100,0.000,0.100,0.100
demo-1781204760376-3651,Unknown,82557.900,82558.000,82558.000,0.100,0.000,0.100
demo-1781204760372-3650,AGN,82554.600,82554.600,82554.700,0.000,0.100,0.100
demo-1781204760372-3649,AGN,82554.600,82554.600,82554.600,0.000,0.000,0.000
demo-1781204760372-3648,SN Ib,82554.500,82554.500,82554.500,0.000,0.000,0.000
demo-1781204760372-3647,RR Lyrae,82554.400,82554.400,82554.500,0.000,0.100,0.100
demo-1781204760327-3646,RR Lyrae,82509.400,82509.400,82509.500,0.000,0.100,0.100
demo-1781204760327-3645,SN II,82509.300,82509.300,82509.400,0.000,0.100,0.100
demo-1781204760327-3644,AGN,82509.200,82509.200,82509.300,0.000,0.100,0.100
demo-1781204760310-3643,RR Lyrae,82492.700,82492.700,82492.800,0.000,0.100,0.100
demo-1781204760310-3642,RR Lyrae,82492.600,82492.600,82492.700,0.000,0.100,0.100
demo-1781204760310-3641,Unknown,82492.500,82492.500,82492.600,0.000,0.100,0.100
demo-1781204760294-3640,LPV,82476.100,82476.100,82476.100,0.000,0.000,0.000
demo-1781204760294-3639,AGN,82475.900,82475.900,82476.100,0.000,0.200,0.200
demo-1781204760293-3638,RR Lyrae,82475.900,82475.900,82475.900,0.000,0.000,0.000
demo-1781204760293-3637,AGN,82475.700,82475.700,82475.900,0.000,0.200,0.200
demo-1781204760277-3636,Mira,82459.300,82459.300,82459.300,0.000,0.000,0.000
demo-1781204760277-3635,AGN,82459.200,82459.200,82459.200,0.000,0.000,0.000
demo-1781204760277-3634,QSO,82459.100,82459.100,82459.100,0.000,0.000,0.000
demo-1781204760260-3633,Unknown,82442.400,82442.400,82442.400,0.000,0.000,0.000
demo-1781204760260-3632,AGN,82442.300,82442.300,82442.400,0.000,0.100,0.100
demo-1781204760260-3631,RR Lyrae,82442.200,82442.300,82442.300,0.100,0.000,0.100
demo-1781204760244-3630,LPV,82425.800,82425.800,82425.900,0.000,0.100,0.100
demo-1781204760243-3629,RR Lyrae,82425.800,82425.800,82425.800,0.000,0.000,0.000
demo-1781204760243-3628,RR Lyrae,82425.700,82425.800,82425.800,0.100,0.000,0.100
demo-1781204760243-3627,SN Ic,82425.600,82425.600,82425.700,0.000,0.100,0.100
demo-1781204760227-3626,Mira,82409.300,82409.300,82409.300,0.000,0.000,0.000
demo-1781204760227-3625,RR Lyrae,82409.200,82409.200,82409.200,0.000,0.000,0.000
demo-1781204760227-3624,RR Lyrae,82409.000,82409.000,82409.100,0.000,0.100,0.100
demo-1781204760210-3623,QSO,82392.300,82392.300,82392.300,0.000,0.000,0.000
demo-1781204760210-3622,Cepheid,82392.200,82392.200,82392.300,0.000,0.100,0.100
demo-1781204760210-3621,RR Lyrae,82392.200,82392.200,82392.200,0.000,0.000,0.000
demo-1781204760210-3620,LPV,82392.000,82392.000,82392.200,0.000,0.200,0.200
demo-1781204760193-3619,AGN,82375.600,82375.600,82375.600,0.000,0.000,0.000
demo-1781204760193-3618,RR Lyrae,82375.500,82375.500,82375.600,0.000,0.100,0.100
demo-1781204760193-3617,Mira,82375.500,82375.500,82375.500,0.000,0.000,0.000
demo-1781204760193-3616,SN II,82375.400,82375.400,82375.500,0.000,0.100,0.100
demo-1781204760177-3615,RR Lyrae,82358.900,82358.900,82358.900,0.000,0.000,0.000
demo-1781204760176-3614,Unknown,82358.800,82358.800,82358.900,0.000,0.100,0.100
demo-1781204760176-3613,RR Lyrae,82358.800,82358.800,82358.800,0.000,0.000,0.000
demo-1781204760176-3612,Mira,82358.700,82358.700,82358.700,0.000,0.000,0.000
demo-1781204760160-3611,Unknown,82342.200,82342.300,82342.300,0.100,0.000,0.100
demo-1781204760160-3610,RR Lyrae,82342.200,82342.200,82342.200,0.000,0.000,0.000
demo-1781204760160-3609,SN Ia,82342.100,82342.100,82342.200,0.000,0.100,0.100
demo-1781204760160-3608,QSO,82342.100,82342.100,82342.100,0.000,0.000,0.000
demo-1781204760143-3607,Mira,82325.600,82325.600,82325.700,0.000,0.100,0.100
demo-1781204760143-3606,SN II,82325.600,82325.600,82325.600,0.000,0.000,0.000
demo-1781204760143-3605,SN Ia,82325.500,82325.500,82325.500,0.000,0.000,0.000
demo-1781204760143-3604,Mira,82325.400,82325.400,82325.500,0.000,0.100,0.100
demo-1781204760126-3603,AGN,82308.700,82308.700,82308.800,0.000,0.100,0.100
demo-1781204760126-3602,SN Ib,82308.700,82308.700,82308.700,0.000,0.000,0.000
demo-1781204760126-3601,Mira,82308.600,82308.600,82308.600,0.000,0.000,0.000
demo-1781204760123-3600,RR Lyrae,82305.200,82305.200,82305.400,0.000,0.200,0.200
demo-1781204760123-3599,AGN,82305.200,82305.200,82305.200,0.000,0.000,0.000
demo-1781204760123-3598,Mira,82305.100,82305.100,82305.200,0.000,0.100,0.100
demo-1781204760123-3597,Cepheid,82305.100,82305.100,82305.100,0.000,0.000,0.000
demo-1781204760077-3596,LPV,82259.100,82259.100,82259.100,0.000,0.000,0.000
demo-1781204760077-3595,Cepheid,82258.900,82258.900,82259.000,0.000,0.100,0.100
demo-1781204760077-3594,AGN,82258.800,82258.900,82258.900,0.100,0.000,0.100
demo-1781204760060-3593,Mira,82242.400,82242.400,82242.400,0.000,0.000,0.000
demo-1781204760060-3592,AGN,82242.400,82242.400,82242.400,0.000,0.000,0.000
demo-1781204760060-3591,RR Lyrae,82242.200,82242.200,82242.300,0.000,0.100,0.100
demo-1781204760043-3590,SN II,82225.500,82225.500,82225.600,0.000,0.100,0.100
demo-1781204760043-3589,Cepheid,82225.500,82225.500,82225.500,0.000,0.000,0.000
demo-1781204760043-3588,Mira,82225.400,82225.400,82225.500,0.000,0.100,0.100
demo-1781204760043-3587,RR Lyrae,82225.300,82225.400,82225.400,0.100,0.000,0.100
demo-1781204760031-3586,RR Lyrae,82213.900,82213.900,82213.900,0.000,0.000,0.000
demo-1781204760031-3585,RR Lyrae,82213.800,82213.800,82213.900,0.000,0.100,0.100
demo-1781204760031-3584,RR Lyrae,82213.700,82213.700,82213.700,0.000,0.000,0.000
demo-1781204760010-3583,AGN,82192.400,82192.400,82192.400,0.000,0.000,0.000
demo-1781204760010-3582,SN Ic,82192.300,82192.300,82192.400,0.000,0.100,0.100
demo-1781204760010-3581,Mira,82192.200,82192.200,82192.300,0.000,0.100,0.100
demo-1781204759994-3580,AGN,82175.900,82175.900,82175.900,0.000,0.000,0.000
demo-1781204759993-3579,RR Lyrae,82175.800,82175.800,82175.900,0.000,0.100,0.100
demo-1781204759993-3578,SN Ia,82175.700,82175.700,82175.800,0.000,0.100,0.100
demo-1781204759993-3577,RR Lyrae,82175.700,82175.700,82175.700,0.000,0.000,0.000
demo-1781204759977-3576,Cepheid,82159.100,82159.100,82159.100,0.000,0.000,0.000
demo-1781204759977-3575,Mira,82159.100,82159.100,82159.100,0.000,0.000,0.000
demo-1781204759977-3574,RR Lyrae,82159.000,82159.000,82159.100,0.000,0.100,0.100
demo-1781204759960-3573,Mira,82142.300,82142.300,82142.400,0.000,0.100,0.100
demo-1781204759960-3572,QSO,82142.300,82142.300,82142.300,0.000,0.000,0.000
demo-1781204759960-3571,RR Lyrae,82142.100,82142.200,82142.300,0.100,0.100,0.200
demo-1781204759943-3570,RR Lyrae,82125.600,82125.600,82125.700,0.000,0.100,0.100
demo-1781204759943-3569,RR Lyrae,82125.400,82125.400,82125.600,0.000,0.200,0.200
demo-1781204759943-3568,SN II,82125.400,82125.400,82125.400,0.000,0.000,0.000
demo-1781204759943-3567,SN Ia,82125.300,82125.300,82125.400,0.000,0.100,0.100
demo-1781204759927-3566,QSO,82108.900,82108.900,82109.000,0.000,0.100,0.100
demo-1781204759926-3565,Mira,82108.800,82108.800,82108.900,0.000,0.100,0.100
demo-1781204759926-3564,Mira,82108.700,82108.700,82108.800,0.000,0.100,0.100
demo-1781204759910-3563,Cepheid,82092.300,82092.300,82092.300,0.000,0.000,0.000
demo-1781204759910-3562,Mira,82092.200,82092.200,82092.300,0.000,0.100,0.100
demo-1781204759910-3561,RR Lyrae,82092.100,82092.100,82092.200,0.000,0.100,0.100
demo-1781204759893-3560,SN II,82075.800,82075.800,82075.800,0.000,0.000,0.000
demo-1781204759893-3559,AGN,82075.700,82075.700,82075.800,0.000,0.100,0.100
demo-1781204759893-3558,RR Lyrae,82075.600,82075.600,82075.700,0.000,0.100,0.100
demo-1781204759893-3557,RR Lyrae,82075.500,82075.500,82075.600,0.000,0.100,0.100
demo-1781204759878-3556,SN Ia,82060.100,82060.100,82060.200,0.000,0.100,0.100
demo-1781204759878-3555,RR Lyrae,82060.000,82060.000,82060.100,0.000,0.100,0.100
demo-1781204759878-3554,Mira,82060.000,82060.000,82060.000,0.000,0.000,0.000
demo-1781204759875-3553,QSO,82057.800,82057.800,82057.800,0.000,0.000,0.000
demo-1781204759875-3552,Unknown,82057.700,82057.800,82057.800,0.100,0.000,0.100
demo-1781204759875-3551,Mira,82057.600,82057.600,82057.700,0.000,0.100,0.100
demo-1781204759872-3550,AGN,82054.400,82054.400,82054.500,0.000,0.100,0.100
demo-1781204759872-3549,RR Lyrae,82054.400,82054.400,82054.400,0.000,0.000,0.000
demo-1781204759872-3548,Mira,82054.300,82054.300,82054.300,0.000,0.000,0.000
demo-1781204759872-3547,RR Lyrae,82054.300,82054.300,82054.300,0.000,0.000,0.000
demo-1781204759827-3546,Mira,82009.200,82009.300,82009.300,0.100,0.000,0.100
demo-1781204759827-3545,RR Lyrae,82009.200,82009.200,82009.200,0.000,0.000,0.000
demo-1781204759827-3544,SN Ia,82009.100,82009.100,82009.200,0.000,0.100,0.100
demo-1781204759810-3543,AGN,81992.300,81992.300,81992.300,0.000,0.000,0.000
demo-1781204759810-3542,Mira,81992.200,81992.200,81992.300,0.000,0.100,0.100
demo-1781204759810-3541,Mira,81992.100,81992.100,81992.200,0.000,0.100,0.100
demo-1781204759793-3540,AGN,81975.600,81975.600,81975.700,0.000,0.100,0.100
demo-1781204759793-3539,SN Ib,81975.500,81975.500,81975.600,0.000,0.100,0.100
demo-1781204759793-3538,RR Lyrae,81975.400,81975.400,81975.500,0.000,0.100,0.100
demo-1781204759793-3537,AGN,81975.400,81975.400,81975.400,0.000,0.000,0.000
demo-1781204759777-3536,SN Ia,81958.900,81958.900,81958.900,0.000,0.000,0.000
demo-1781204759776-3535,AGN,81958.800,81958.800,81958.900,0.000,0.100,0.100
demo-1781204759776-3534,AGN,81958.800,81958.800,81958.800,0.000,0.000,0.000
demo-1781204759760-3533,RR Lyrae,81942.100,81942.100,81942.200,0.000,0.100,0.100
demo-1781204759760-3532,AGN,81942.100,81942.100,81942.100,0.000,0.000,0.000
demo-1781204759760-3531,Unknown,81942.000,81942.000,81942.100,0.000,0.100,0.100
demo-1781204759743-3530,Unknown,81925.500,81925.500,81925.600,0.000,0.100,0.100
demo-1781204759743-3529,SN II,81925.500,81925.500,81925.500,0.000,0.000,0.000
demo-1781204759743-3528,RR Lyrae,81925.500,81925.500,81925.500,0.000,0.000,0.000
demo-1781204759743-3527,AGN,81925.300,81925.300,81925.500,0.000,0.200,0.200
demo-1781204759727-3526,RR Lyrae,81908.900,81908.900,81908.900,0.000,0.000,0.000
demo-1781204759727-3525,AGN,81908.800,81908.800,81908.900,0.000,0.100,0.100
demo-1781204759726-3524,RR Lyrae,81908.700,81908.700,81908.800,0.000,0.100,0.100
demo-1781204759710-3523,AGN,81892.500,81892.500,81892.600,0.000,0.100,0.100
demo-1781204759710-3522,RR Lyrae,81892.500,81892.500,81892.500,0.000,0.000,0.000
demo-1781204759710-3521,SN II,81892.400,81892.400,81892.500,0.000,0.100,0.100
demo-1781204759693-3520,Unknown,81875.800,81875.800,81875.900,0.000,0.100,0.100
demo-1781204759693-3519,AGN,81875.700,81875.700,81875.800,0.000,0.100,0.100
demo-1781204759693-3518,Mira,81875.700,81875.700,81875.700,0.000,0.000,0.000
demo-1781204759693-3517,RR Lyrae,81875.600,81875.600,81875.700,0.000,0.100,0.100
demo-1781204759677-3516,AGN,81859.100,81859.100,81859.200,0.000,0.100,0.100
demo-1781204759677-3515,Mira,81859.000,81859.000,81859.100,0.000,0.100,0.100
demo-1781204759677-3514,Mira,81858.900,81858.900,81859.000,0.000,0.100,0.100
demo-1781204759660-3513,Mira,81842.100,81842.100,81842.200,0.000,0.100,0.100
demo-1781204759660-3512,AGN,81842.100,81842.100,81842.100,0.000,0.000,0.000
demo-1781204759660-3511,RR Lyrae,81842.000,81842.000,81842.100,0.000,0.100,0.100
demo-1781204759643-3510,AGN,81825.600,81825.600,81825.600,0.000,0.000,0.000
demo-1781204759643-3509,RR Lyrae,81825.500,81825.500,81825.600,0.000,0.100,0.100
demo-1781204759643-3508,RR Lyrae,81825.400,81825.400,81825.500,0.000,0.100,0.100
demo-1781204759643-3507,AGN,81825.400,81825.400,81825.400,0.000,0.000,0.000
demo-1781204759628-3506,RR Lyrae,81809.900,81809.900,81810.000,0.000,0.100,0.100
demo-1781204759628-3505,LPV,81809.900,81809.900,81809.900,0.000,0.000,0.000
demo-1781204759627-3504,Unknown,81809.800,81809.800,81809.900,0.000,0.100,0.100
demo-1781204759625-3503,LPV,81807.700,81807.700,81807.700,0.000,0.000,0.000
demo-1781204759625-3502,SN Ic,81807.600,81807.600,81807.700,0.000,0.100,0.100
demo-1781204759625-3501,SN II,81807.500,81807.500,81807.600,0.000,0.100,0.100
demo-1781204759622-3500,SN Ia,81804.400,81804.400,81804.400,0.000,0.000,0.000
demo-1781204759622-3499,Unknown,81804.300,81804.300,81804.300,0.000,0.000,0.000
demo-1781204759622-3498,RR Lyrae,81804.300,81804.300,81804.300,0.000,0.000,0.000
demo-1781204759622-3497,Unknown,81804.200,81804.200,81804.200,0.000,0.000,0.000
demo-1781204759577-3496,RR Lyrae,81759.100,81759.100,81759.100,0.000,0.000,0.000
demo-1781204759577-3495,Mira,81759.000,81759.000,81759.100,0.000,0.100,0.100
demo-1781204759577-3494,AGN,81759.000,81759.000,81759.000,0.000,0.000,0.000
demo-1781204759560-3493,AGN,81742.300,81742.300,81742.400,0.000,0.100,0.100
demo-1781204759560-3492,RR Lyrae,81742.300,81742.300,81742.300,0.000,0.000,0.000
demo-1781204759560-3491,SN Ic,81742.200,81742.200,81742.300,0.000,0.100,0.100
demo-1781204759543-3490,SN Ia,81725.700,81725.700,81725.700,0.000,0.000,0.000
demo-1781204759543-3489,Mira,81725.600,81725.600,81725.700,0.000,0.100,0.100
demo-1781204759543-3488,AGN,81725.400,81725.400,81725.600,0.000,0.200,0.200
demo-1781204759543-3487,Mira,81725.400,81725.400,81725.400,0.000,0.000,0.000
demo-1781204759526-3486,TDE,81708.800,81708.800,81708.900,0.000,0.100,0.100
demo-1781204759526-3485,Mira,81708.700,81708.700,81708.800,0.000,0.100,0.100
demo-1781204759526-3484,RR Lyrae,81708.600,81708.600,81708.700,0.000,0.100,0.100
demo-1781204759510-3483,RR Lyrae,81692.200,81692.200,81692.200,0.000,0.000,0.000
demo-1781204759510-3482,RR Lyrae,81692.100,81692.100,81692.200,0.000,0.100,0.100
demo-1781204759510-3481,Mira,81692.100,81692.100,81692.100,0.000,0.000,0.000
demo-1781204759493-3480,RR Lyrae,81675.600,81675.600,81675.700,0.000,0.100,0.100
demo-1781204759493-3479,Mira,81675.500,81675.500,81675.500,0.000,0.000,0.000
demo-1781204759493-3478,Mira,81675.400,81675.400,81675.500,0.000,0.100,0.100
demo-1781204759493-3477,RR Lyrae,81675.300,81675.400,81675.400,0.100,0.000,0.100
demo-1781204759476-3476,AGN,81658.800,81658.800,81658.800,0.000,0.000,0.000
demo-1781204759476-3475,Unknown,81658.800,81658.800,81658.800,0.000,0.000,0.000
demo-1781204759476-3474,AGN,81658.600,81658.600,81658.800,0.000,0.200,0.200
demo-1781204759460-3473,QSO,81642.200,81642.200,81642.300,0.000,0.100,0.100
demo-1781204759460-3472,SN Ia,81642.200,81642.200,81642.200,0.000,0.000,0.000
demo-1781204759460-3471,RR Lyrae,81642.100,81642.100,81642.100,0.000,0.000,0.000
demo-1781204759443-3470,AGN,81625.700,81625.700,81625.700,0.000,0.000,0.000
demo-1781204759443-3469,SN Ia,81625.600,81625.600,81625.700,0.000,0.100,0.100
demo-1781204759443-3468,AGN,81625.600,81625.600,81625.600,0.000,0.000,0.000
demo-1781204759443-3467,RR Lyrae,81625.500,81625.500,81625.600,0.000,0.100,0.100
demo-1781204759427-3466,AGN,81609.100,81609.100,81609.100,0.000,0.000,0.000
demo-1781204759427-3465,Mira,81609.100,81609.100,81609.100,0.000,0.000,0.000
demo-1781204759427-3464,LPV,81609.000,81609.000,81609.000,0.000,0.000,0.000
demo-1781204759427-3463,AGN,81608.900,81608.900,81609.000,0.000,0.100,0.100
demo-1781204759409-3462,SN II,81591.400,81591.400,81591.500,0.000,0.100,0.100
demo-1781204759409-3461,Unknown,81591.400,81591.400,81591.400,0.000,0.000,0.000
demo-1781204759409-3460,LPV,81591.300,81591.300,81591.400,0.000,0.100,0.100
demo-1781204759409-3459,QSO,81591.200,81591.300,81591.300,0.100,0.000,0.100
demo-1781204759398-3458,SN Ia,81580.200,81580.200,81580.200,0.000,0.000,0.000
demo-1781204759398-3457,Cepheid,81580.100,81580.100,81580.200,0.000,0.100,0.100
demo-1781204759398-3456,RR Lyrae,81580.100,81580.100,81580.100,0.000,0.000,0.000
demo-1781204759398-3455,RR Lyrae,81579.900,81579.900,81580.100,0.000,0.200,0.200
demo-1781204759378-3454,Cepheid,81560.000,81560.000,81560.100,0.000,0.100,0.100
demo-1781204759378-3453,SN Ia,81559.900,81559.900,81560.000,0.000,0.100,0.100
demo-1781204759378-3452,AGN,81559.900,81559.900,81559.900,0.000,0.000,0.000
demo-1781204759377-3451,RR Lyrae,81559.800,81559.900,81559.900,0.100,0.000,0.100
demo-1781204759374-3450,QSO,81556.800,81556.800,81556.800,0.000,0.000,0.000
demo-1781204759374-3449,RR Lyrae,81556.700,81556.700,81556.800,0.000,0.100,0.100
demo-1781204759374-3448,RR Lyrae,81556.700,81556.700,81556.700,0.000,0.000,0.000
demo-1781204759374-3447,Cepheid,81556.500,81556.500,81556.700,0.000,0.200,0.200
demo-1781204759327-3446,AGN,81509.100,81509.100,81509.200,0.000,0.100,0.100
demo-1781204759327-3445,RR Lyrae,81508.900,81508.900,81509.000,0.000,0.100,0.100
demo-1781204759326-3444,Mira,81508.900,81508.900,81508.900,0.000,0.000,0.000
demo-1781204759311-3443,Mira,81492.900,81492.900,81493.000,0.000,0.100,0.100
demo-1781204759310-3442,AGN,81492.800,81492.800,81492.900,0.000,0.100,0.100
demo-1781204759310-3441,SN Ia,81492.600,81492.600,81492.800,0.000,0.200,0.200
demo-1781204759294-3440,AGN,81476.200,81476.200,81476.300,0.000,0.100,0.100
demo-1781204759294-3439,AGN,81476.100,81476.100,81476.200,0.000,0.100,0.100
demo-1781204759294-3438,SN Ia,81476.000,81476.000,81476.100,0.000,0.100,0.100
demo-1781204759294-3437,Cepheid,81475.900,81475.900,81476.000,0.000,0.100,0.100
demo-1781204759277-3436,AGN,81459.100,81459.100,81459.200,0.000,0.100,0.100
demo-1781204759277-3435,RR Lyrae,81459.000,81459.000,81459.100,0.000,0.100,0.100
demo-1781204759277-3434,Mira,81458.900,81458.900,81459.000,0.000,0.100,0.100
demo-1781204759260-3433,AGN,81442.400,81442.400,81442.400,0.000,0.000,0.000
demo-1781204759260-3432,Cepheid,81442.300,81442.300,81442.400,0.000,0.100,0.100
demo-1781204759260-3431,Cepheid,81442.200,81442.200,81442.300,0.000,0.100,0.100
demo-1781204759243-3430,SN Ib,81425.700,81425.700,81425.800,0.000,0.100,0.100
demo-1781204759243-3429,RR Lyrae,81425.600,81425.600,81425.700,0.000,0.100,0.100
demo-1781204759243-3428,Mira,81425.600,81425.600,81425.600,0.000,0.000,0.000
demo-1781204759243-3427,Cepheid,81425.500,81425.500,81425.600,0.000,0.100,0.100
demo-1781204759227-3426,AGN,81408.800,81408.800,81408.900,0.000,0.100,0.100
demo-1781204759226-3425,RR Lyrae,81408.800,81408.800,81408.800,0.000,0.000,0.000
demo-1781204759226-3424,RR Lyrae,81408.700,81408.700,81408.700,0.000,0.000,0.000
demo-1781204759210-3423,Cepheid,81392.100,81392.200,81392.200,0.100,0.000,0.100
demo-1781204759210-3422,RR Lyrae,81392.100,81392.100,81392.100,0.000,0.000,0.000
demo-1781204759210-3421,Unknown,81392.000,81392.000,81392.000,0.000,0.000,0.000
demo-1781204759193-3420,Mira,81375.700,81375.700,81375.800,0.000,0.100,0.100
demo-1781204759193-3419,SN Ia,81375.700,81375.700,81375.700,0.000,0.000,0.000
demo-1781204759193-3418,SN Ia,81375.600,81375.600,81375.700,0.000,0.100,0.100
demo-1781204759193-3417,Mira,81375.500,81375.500,81375.600,0.000,0.100,0.100
demo-1781204759177-3416,RR Lyrae,81359.100,81359.100,81359.100,0.000,0.000,0.000
demo-1781204759177-3415,SN II,81359.000,81359.000,81359.100,0.000,0.100,0.100
demo-1781204759177-3414,AGN,81358.900,81358.900,81359.000,0.000,0.100,0.100
demo-1781204759176-3413,RR Lyrae,81358.900,81358.900,81358.900,0.000,0.000,0.000
demo-1781204759160-3412,AGN,81342.400,81342.400,81342.400,0.000,0.000,0.000
demo-1781204759160-3411,LPV,81342.300,81342.300,81342.400,0.000,0.100,0.100
demo-1781204759160-3410,RR Lyrae,81342.200,81342.200,81342.300,0.000,0.100,0.100
demo-1781204759160-3409,Unknown,81342.100,81342.100,81342.200,0.000,0.100,0.100
demo-1781204759143-3408,RR Lyrae,81325.700,81325.700,81325.700,0.000,0.000,0.000
demo-1781204759143-3407,AGN,81325.600,81325.600,81325.700,0.000,0.100,0.100
demo-1781204759143-3406,RR Lyrae,81325.500,81325.500,81325.600,0.000,0.100,0.100
demo-1781204759143-3405,RR Lyrae,81325.400,81325.400,81325.500,0.000,0.100,0.100
demo-1781204759127-3404,SN Ib,81309.800,81309.800,81309.900,0.000,0.100,0.100
demo-1781204759127-3403,Mira,81309.800,81309.800,81309.800,0.000,0.000,0.000
demo-1781204759127-3402,Mira,81309.700,81309.700,81309.800,0.000,0.100,0.100
demo-1781204759127-3401,Unknown,81309.600,81309.600,81309.700,0.000,0.100,0.100
demo-1781204759124-3400,RR Lyrae,81306.400,81306.400,81306.400,0.000,0.000,0.000
demo-1781204759124-3399,RR Lyrae,81306.400,81306.400,81306.400,0.000,0.000,0.000
demo-1781204759124-3398,RR Lyrae,81306.200,81306.200,81306.400,0.000,0.200,0.200
demo-1781204759124-3397,AGN,81306.200,81306.200,81306.200,0.000,0.000,0.000
demo-1781204759077-3396,Unknown,81259.300,81259.300,81259.400,0.000,0.100,0.100
demo-1781204759077-3395,Mira,81259.200,81259.200,81259.200,0.000,0.000,0.000
demo-1781204759077-3394,Unknown,81259.000,81259.000,81259.200,0.000,0.200,0.200
demo-1781204759060-3393,AGN,81242.000,81242.000,81242.000,0.000,0.000,0.000
demo-1781204759060-3392,RR Lyrae,81242.000,81242.000,81242.000,0.000,0.000,0.000
demo-1781204759059-3391,AGN,81241.800,81241.800,81242.000,0.000,0.200,0.200
demo-1781204759044-3390,SN II,81225.900,81225.900,81225.900,0.000,0.000,0.000
demo-1781204759043-3389,SN Ia,81225.800,81225.800,81225.900,0.000,0.100,0.100
demo-1781204759043-3388,Cepheid,81225.800,81225.800,81225.800,0.000,0.000,0.000
demo-1781204759043-3387,Cepheid,81225.700,81225.700,81225.800,0.000,0.100,0.100
demo-1781204759032-3386,RR Lyrae,81214.400,81214.400,81214.500,0.000,0.100,0.100
demo-1781204759032-3385,AGN,81214.300,81214.300,81214.400,0.000,0.100,0.100
demo-1781204759032-3384,RR Lyrae,81214.200,81214.200,81214.300,0.000,0.100,0.100
demo-1781204759010-3383,Unknown,81192.600,81192.600,81192.700,0.000,0.100,0.100
demo-1781204759010-3382,QSO,81192.500,81192.500,81192.600,0.000,0.100,0.100
demo-1781204759010-3381,RR Lyrae,81192.300,81192.300,81192.500,0.000,0.200,0.200
demo-1781204758993-3380,QSO,81175.800,81175.800,81175.800,0.000,0.000,0.000
demo-1781204758993-3379,Mira,81175.700,81175.700,81175.800,0.000,0.100,0.100
demo-1781204758993-3378,RR Lyrae,81175.700,81175.700,81175.700,0.000,0.000,0.000
demo-1781204758993-3377,LPV,81175.600,81175.600,81175.700,0.000,0.100,0.100
demo-1781204758976-3376,LPV,81158.600,81158.600,81158.700,0.000,0.100,0.100
demo-1781204758976-3375,RR Lyrae,81158.600,81158.600,81158.600,0.000,0.000,0.000
demo-1781204758976-3374,RR Lyrae,81158.500,81158.500,81158.600,0.000,0.100,0.100
demo-1781204758960-3373,Cepheid,81142.100,81142.100,81142.100,0.000,0.000,0.000
demo-1781204758960-3372,Mira,81142.100,81142.100,81142.100,0.000,0.000,0.000
demo-1781204758960-3371,Mira,81141.900,81141.900,81142.000,0.000,0.100,0.100
demo-1781204758943-3370,AGN,81125.500,81125.500,81125.500,0.000,0.000,0.000
demo-1781204758943-3369,QSO,81125.500,81125.500,81125.500,0.000,0.000,0.000
demo-1781204758943-3368,RR Lyrae,81125.400,81125.400,81125.500,0.000,0.100,0.100
demo-1781204758943-3367,RR Lyrae,81125.300,81125.300,81125.400,0.000,0.100,0.100
demo-1781204758926-3366,Unknown,81108.900,81108.900,81108.900,0.000,0.000,0.000
demo-1781204758926-3365,Mira,81108.700,81108.800,81108.900,0.100,0.100,0.200
demo-1781204758926-3364,Mira,81108.700,81108.700,81108.700,0.000,0.000,0.000
demo-1781204758926-3363,AGN,81108.600,81108.600,81108.700,0.000,0.100,0.100
demo-1781204758910-3362,RR Lyrae,81092.300,81092.300,81092.400,0.000,0.100,0.100
demo-1781204758910-3361,RR Lyrae,81092.200,81092.200,81092.300,0.000,0.100,0.100
demo-1781204758910-3360,Mira,81092.100,81092.100,81092.200,0.000,0.100,0.100
demo-1781204758910-3359,RR Lyrae,81092.100,81092.100,81092.100,0.000,0.000,0.000
demo-1781204758892-3358,SN Ic,81074.600,81074.600,81074.600,0.000,0.000,0.000
demo-1781204758892-3357,AGN,81074.500,81074.500,81074.500,0.000,0.000,0.000
demo-1781204758892-3356,AGN,81074.400,81074.400,81074.500,0.000,0.100,0.100
demo-1781204758892-3355,Mira,81074.400,81074.400,81074.400,0.000,0.000,0.000
demo-1781204758878-3354,RR Lyrae,81060.000,81060.000,81060.200,0.000,0.200,0.200
demo-1781204758878-3353,AGN,81059.900,81059.900,81060.000,0.000,0.100,0.100
demo-1781204758878-3352,RR Lyrae,81059.900,81059.900,81059.900,0.000,0.000,0.000
demo-1781204758877-3351,RR Lyrae,81059.800,81059.800,81059.900,0.000,0.100,0.100
demo-1781204758874-3350,Unknown,81056.700,81056.700,81056.800,0.000,0.100,0.100
demo-1781204758874-3349,SN Ia,81056.600,81056.600,81056.700,0.000,0.100,0.100
demo-1781204758874-3348,LPV,81056.600,81056.600,81056.600,0.000,0.000,0.000
demo-1781204758874-3347,Mira,81056.500,81056.500,81056.600,0.000,0.100,0.100
demo-1781204758827-3346,LPV,81009.400,81009.400,81009.500,0.000,0.100,0.100
demo-1781204758827-3345,RR Lyrae,81009.300,81009.300,81009.400,0.000,0.100,0.100
demo-1781204758827-3344,AGN,81009.100,81009.100,81009.300,0.000,0.200,0.200
demo-1781204758811-3343,SN II,80992.900,80992.900,80993.000,0.000,0.100,0.100
demo-1781204758810-3342,Mira,80992.800,80992.800,80992.900,0.000,0.100,0.100
demo-1781204758810-3341,AGN,80992.700,80992.800,80992.800,0.100,0.000,0.100
demo-1781204758810-3340,Cepheid,80992.500,80992.500,80992.700,0.000,0.200,0.200
demo-1781204758793-3339,RR Lyrae,80975.600,80975.600,80975.600,0.000,0.000,0.000
demo-1781204758793-3338,Unknown,80975.400,80975.400,80975.600,0.000,0.200,0.200
demo-1781204758793-3337,LPV,80975.300,80975.400,80975.400,0.100,0.000,0.100
demo-1781204758777-3336,RR Lyrae,80959.300,80959.300,80959.400,0.000,0.100,0.100
demo-1781204758777-3335,SN Ia,80959.200,80959.200,80959.300,0.000,0.100,0.100
demo-1781204758777-3334,Unknown,80959.100,80959.100,80959.200,0.000,0.100,0.100
demo-1781204758760-3333,Unknown,80942.500,80942.500,80942.600,0.000,0.100,0.100
demo-1781204758760-3332,RR Lyrae,80942.400,80942.400,80942.500,0.000,0.100,0.100
demo-1781204758760-3331,Mira,80942.300,80942.300,80942.300,0.000,0.000,0.000
demo-1781204758743-3330,RR Lyrae,80925.800,80925.800,80925.900,0.000,0.100,0.100
demo-1781204758743-3329,QSO,80925.700,80925.700,80925.800,0.000,0.100,0.100
demo-1781204758743-3328,SN Ia,80925.600,80925.600,80925.700,0.000,0.100,0.100
demo-1781204758743-3327,Unknown,80925.400,80925.400,80925.600,0.000,0.200,0.200
demo-1781204758726-3326,RR Lyrae,80908.800,80908.800,80908.800,0.000,0.000,0.000
demo-1781204758726-3325,RR Lyrae,80908.800,80908.800,80908.800,0.000,0.000,0.000
demo-1781204758726-3324,Unknown,80908.600,80908.600,80908.700,0.000,0.100,0.100
demo-1781204758710-3323,AGN,80892.100,80892.100,80892.100,0.000,0.000,0.000
demo-1781204758710-3322,RR Lyrae,80892.000,80892.000,80892.100,0.000,0.100,0.100
demo-1781204758710-3321,Mira,80892.000,80892.000,80892.000,0.000,0.000,0.000
demo-1781204758693-3320,SN II,80875.500,80875.500,80875.600,0.000,0.100,0.100
demo-1781204758693-3319,RR Lyrae,80875.500,80875.500,80875.500,0.000,0.000,0.000
demo-1781204758693-3318,RR Lyrae,80875.400,80875.400,80875.500,0.000,0.100,0.100
demo-1781204758693-3317,AGN,80875.300,80875.400,80875.400,0.100,0.000,0.100
demo-1781204758677-3316,RR Lyrae,80858.900,80858.900,80859.000,0.000,0.100,0.100
demo-1781204758676-3315,Cepheid,80858.900,80858.900,80858.900,0.000,0.000,0.000
demo-1781204758676-3314,AGN,80858.800,80858.800,80858.900,0.000,0.100,0.100
demo-1781204758676-3313,QSO,80858.700,80858.700,80858.700,0.000,0.000,0.000
demo-1781204758660-3312,RR Lyrae,80842.300,80842.300,80842.400,0.000,0.100,0.100
demo-1781204758660-3311,AGN,80842.200,80842.200,80842.300,0.000,0.100,0.100
demo-1781204758660-3310,Cepheid,80842.200,80842.200,80842.200,0.000,0.000,0.000
demo-1781204758660-3309,Unknown,80842.100,80842.100,80842.200,0.000,0.100,0.100
demo-1781204758643-3308,SN Ia,80825.800,80825.800,80825.900,0.000,0.100,0.100
demo-1781204758643-3307,Mira,80825.700,80825.700,80825.800,0.000,0.100,0.100
demo-1781204758643-3306,Cepheid,80825.600,80825.600,80825.700,0.000,0.100,0.100
demo-1781204758643-3305,RR Lyrae,80825.600,80825.600,80825.600,0.000,0.000,0.000
demo-1781204758627-3304,RR Lyrae,80809.300,80809.300,80809.300,0.000,0.000,0.000
demo-1781204758627-3303,Unknown,80809.200,80809.200,80809.300,0.000,0.100,0.100
demo-1781204758627-3302,AGN,80809.100,80809.100,80809.200,0.000,0.100,0.100
demo-1781204758627-3301,AGN,80809.000,80809.000,80809.100,0.000,0.100,0.100
demo-1781204758624-3300,Unknown,80805.900,80805.900,80805.900,0.000,0.000,0.000
demo-1781204758623-3299,AGN,80805.800,80805.800,80805.800,0.000,0.000,0.000
demo-1781204758623-3298,AGN,80805.700,80805.700,80805.800,0.000,0.100,0.100
demo-1781204758623-3297,Cepheid,80805.600,80805.600,80805.700,0.000,0.100,0.100
demo-1781204758577-3296,Mira,80759.300,80759.300,80759.400,0.000,0.100,0.100
demo-1781204758577-3295,RR Lyrae,80759.300,80759.300,80759.300,0.000,0.000,0.000
demo-1781204758577-3294,AGN,80759.100,80759.200,80759.300,0.100,0.100,0.200
demo-1781204758560-3293,Cepheid,80742.700,80742.700,80742.700,0.000,0.000,0.000
demo-1781204758560-3292,RR Lyrae,80742.600,80742.600,80742.700,0.000,0.100,0.100
demo-1781204758560-3291,RR Lyrae,80742.500,80742.500,80742.600,0.000,0.100,0.100
demo-1781204758544-3290,Cepheid,80726.000,80726.000,80726.100,0.000,0.100,0.100
demo-1781204758544-3289,RR Lyrae,80725.900,80725.900,80726.000,0.000,0.100,0.100
demo-1781204758543-3288,SN II,80725.800,80725.800,80725.900,0.000,0.100,0.100
demo-1781204758543-3287,Cepheid,80725.700,80725.700,80725.700,0.000,0.000,0.000
demo-1781204758527-3286,Mira,80709.000,80709.000,80709.100,0.000,0.100,0.100
demo-1781204758527-3285,Mira,80709.000,80709.000,80709.000,0.000,0.000,0.000
demo-1781204758526-3284,RR Lyrae,80708.800,80708.800,80709.000,0.000,0.200,0.200
demo-1781204758510-3283,Cepheid,80692.500,80692.500,80692.600,0.000,0.100,0.100
demo-1781204758510-3282,LPV,80692.400,80692.400,80692.500,0.000,0.100,0.100
demo-1781204758510-3281,RR Lyrae,80692.200,80692.300,80692.400,0.100,0.100,0.200
demo-1781204758494-3280,AGN,80676.000,80676.000,80676.000,0.000,0.000,0.000
demo-1781204758494-3279,RR Lyrae,80675.900,80675.900,80675.900,0.000,0.000,0.000
demo-1781204758493-3278,RR Lyrae,80675.800,80675.800,80675.800,0.000,0.000,0.000
demo-1781204758493-3277,RR Lyrae,80675.600,80675.600,80675.800,0.000,0.200,0.200
demo-1781204758476-3276,SN Ia,80658.800,80658.800,80658.800,0.000,0.000,0.000
demo-1781204758476-3275,Mira,80658.700,80658.700,80658.800,0.000,0.100,0.100
demo-1781204758476-3274,AGN,80658.600,80658.600,80658.700,0.000,0.100,0.100
demo-1781204758460-3273,RR Lyrae,80642.100,80642.100,80642.100,0.000,0.000,0.000
demo-1781204758460-3272,AGN,80642.000,80642.100,80642.100,0.100,0.000,0.100
demo-1781204758460-3271,SN II,80641.900,80641.900,80642.000,0.000,0.100,0.100
demo-1781204758443-3270,RR Lyrae,80625.400,80625.400,80625.500,0.000,0.100,0.100
demo-1781204758443-3269,Unknown,80625.400,80625.400,80625.400,0.000,0.000,0.000
demo-1781204758443-3268,RR Lyrae,80625.300,80625.300,80625.300,0.000,0.000,0.000
demo-1781204758443-3267,Mira,80625.200,80625.200,80625.300,0.000,0.100,0.100
demo-1781204758426-3266,Mira,80608.700,80608.700,80608.800,0.000,0.100,0.100
demo-1781204758426-3265,AGN,80608.700,80608.700,80608.700,0.000,0.000,0.000
demo-1781204758426-3264,RR Lyrae,80608.600,80608.600,80608.700,0.000,0.100,0.100
demo-1781204758410-3263,Unknown,80592.200,80592.200,80592.200,0.000,0.000,0.000
demo-1781204758410-3262,RR Lyrae,80592.100,80592.100,80592.200,0.000,0.100,0.100
demo-1781204758410-3261,RR Lyrae,80592.100,80592.100,80592.100,0.000,0.000,0.000
demo-1781204758410-3260,Cepheid,80592.000,80592.000,80592.000,0.000,0.000,0.000
demo-1781204758393-3259,Mira,80575.000,80575.000,80575.100,0.000,0.100,0.100
demo-1781204758393-3258,Mira,80575.000,80575.000,80575.000,0.000,0.000,0.000
demo-1781204758393-3257,AGN,80574.900,80574.900,80575.000,0.000,0.100,0.100
demo-1781204758378-3256,RR Lyrae,80559.900,80559.900,80560.000,0.000,0.100,0.100
demo-1781204758378-3255,SN Ic,80559.900,80559.900,80559.900,0.000,0.000,0.000
demo-1781204758377-3254,Mira,80559.800,80559.800,80559.900,0.000,0.100,0.100
demo-1781204758375-3253,RR Lyrae,80557.500,80557.500,80557.600,0.000,0.100,0.100
demo-1781204758375-3252,Mira,80557.400,80557.400,80557.500,0.000,0.100,0.100
demo-1781204758375-3251,RR Lyrae,80557.400,80557.400,80557.400,0.000,0.000,0.000
demo-1781204758372-3250,RR Lyrae,80554.300,80554.300,80554.400,0.000,0.100,0.100
demo-1781204758372-3249,Mira,80554.300,80554.300,80554.300,0.000,0.000,0.000
demo-1781204758372-3248,SN II,80554.200,80554.200,80554.300,0.000,0.100,0.100
demo-1781204758372-3247,AGN,80554.100,80554.200,80554.200,0.100,0.000,0.100
demo-1781204758327-3246,AGN,80509.300,80509.300,80509.300,0.000,0.000,0.000
demo-1781204758327-3245,Mira,80509.100,80509.100,80509.300,0.000,0.200,0.200
demo-1781204758327-3244,Cepheid,80509.100,80509.100,80509.100,0.000,0.000,0.000
demo-1781204758310-3243,AGN,80492.600,80492.600,80492.700,0.000,0.100,0.100
demo-1781204758310-3242,RR Lyrae,80492.500,80492.500,80492.600,0.000,0.100,0.100
demo-1781204758310-3241,AGN,80492.500,80492.500,80492.500,0.000,0.000,0.000
demo-1781204758294-3240,RR Lyrae,80476.100,80476.100,80476.100,0.000,0.000,0.000
demo-1781204758294-3239,SN II,80476.000,80476.000,80476.100,0.000,0.100,0.100
demo-1781204758294-3238,LPV,80475.900,80475.900,80476.000,0.000,0.100,0.100
demo-1781204758293-3237,RR Lyrae,80475.800,80475.800,80475.900,0.000,0.100,0.100
demo-1781204758277-3236,RR Lyrae,80459.000,80459.000,80459.000,0.000,0.000,0.000
demo-1781204758277-3235,Cepheid,80458.900,80458.900,80458.900,0.000,0.000,0.000
demo-1781204758276-3234,AGN,80458.800,80458.800,80458.900,0.000,0.100,0.100
demo-1781204758260-3233,RR Lyrae,80442.400,80442.400,80442.400,0.000,0.000,0.000
demo-1781204758260-3232,SN II,80442.300,80442.300,80442.400,0.000,0.100,0.100
demo-1781204758260-3231,RR Lyrae,80442.200,80442.200,80442.300,0.000,0.100,0.100
demo-1781204758244-3230,SN Ia,80426.000,80426.000,80426.100,0.000,0.100,0.100
demo-1781204758244-3229,SN II,80426.000,80426.000,80426.000,0.000,0.000,0.000
demo-1781204758244-3228,RR Lyrae,80426.000,80426.000,80426.000,0.000,0.000,0.000
demo-1781204758243-3227,RR Lyrae,80425.800,80425.800,80426.000,0.000,0.200,0.200
demo-1781204758226-3226,LPV,80408.100,80408.100,80408.200,0.000,0.100,0.100
demo-1781204758226-3225,RR Lyrae,80408.100,80408.100,80408.100,0.000,0.000,0.000
demo-1781204758226-3224,RR Lyrae,80408.000,80408.000,80408.100,0.000,0.100,0.100
demo-1781204758210-3223,SN Ia,80392.400,80392.400,80392.400,0.000,0.000,0.000
demo-1781204758210-3222,Unknown,80392.200,80392.300,80392.300,0.100,0.000,0.100
demo-1781204758210-3221,Mira,80392.100,80392.100,80392.200,0.000,0.100,0.100
demo-1781204758210-3220,SN Ia,80392.000,80392.000,80392.100,0.000,0.100,0.100
demo-1781204758193-3219,QSO,80375.600,80375.600,80375.700,0.000,0.100,0.100
demo-1781204758193-3218,QSO,80375.600,80375.600,80375.600,0.000,0.000,0.000
demo-1781204758193-3217,Unknown,80375.500,80375.500,80375.600,0.000,0.100,0.100
demo-1781204758193-3216,Mira,80375.400,80375.400,80375.400,0.000,0.000,0.000
demo-1781204758177-3215,Cepheid,80358.900,80358.900,80359.000,0.000,0.100,0.100
demo-1781204758177-3214,RR Lyrae,80358.900,80358.900,80358.900,0.000,0.000,0.000
demo-1781204758176-3213,SN II,80358.800,80358.800,80358.900,0.000,0.100,0.100
demo-1781204758176-3212,AGN,80358.700,80358.700,80358.700,0.000,0.000,0.000
demo-1781204758160-3211,AGN,80342.300,80342.300,80342.400,0.000,0.100,0.100
demo-1781204758160-3210,RR Lyrae,80342.200,80342.200,80342.300,0.000,0.100,0.100
demo-1781204758160-3209,RR Lyrae,80342.100,80342.100,80342.100,0.000,0.000,0.000
demo-1781204758160-3208,QSO,80342.000,80342.000,80342.100,0.000,0.100,0.100
demo-1781204758143-3207,SN Ia,80325.600,80325.600,80325.700,0.000,0.100,0.100
demo-1781204758143-3206,RR Lyrae,80325.600,80325.600,80325.600,0.000,0.000,0.000
demo-1781204758143-3205,Mira,80325.500,80325.600,80325.600,0.100,0.000,0.100
demo-1781204758143-3204,SN Ia,80325.400,80325.400,80325.500,0.000,0.100,0.100
demo-1781204758126-3203,LPV,80308.500,80308.500,80308.500,0.000,0.000,0.000
demo-1781204758126-3202,RR Lyrae,80308.500,80308.500,80308.500,0.000,0.000,0.000
demo-1781204758126-3201,SN Ia,80308.300,80308.300,80308.500,0.000,0.200,0.200
demo-1781204758123-3200,Mira,80305.200,80305.200,80305.200,0.000,0.000,0.000
demo-1781204758123-3199,RR Lyrae,80305.100,80305.100,80305.100,0.000,0.000,0.000
demo-1781204758123-3198,SN Ia,80305.000,80305.000,80305.100,0.000,0.100,0.100
demo-1781204758123-3197,RR Lyrae,80304.900,80304.900,80305.000,0.000,0.100,0.100
demo-1781204758077-3196,SN Ia,80258.900,80258.900,80259.000,0.000,0.100,0.100
demo-1781204758076-3195,RR Lyrae,80258.800,80258.800,80258.900,0.000,0.100,0.100
demo-1781204758076-3194,AGN,80258.700,80258.700,80258.800,0.000,0.100,0.100
demo-1781204758060-3193,RR Lyrae,80242.300,80242.300,80242.300,0.000,0.000,0.000
demo-1781204758060-3192,RR Lyrae,80242.200,80242.200,80242.300,0.000,0.100,0.100
demo-1781204758060-3191,RR Lyrae,80242.100,80242.100,80242.200,0.000,0.100,0.100
demo-1781204758043-3190,RR Lyrae,80225.600,80225.600,80225.700,0.000,0.100,0.100
demo-1781204758043-3189,LPV,80225.600,80225.600,80225.600,0.000,0.000,0.000
demo-1781204758043-3188,RR Lyrae,80225.500,80225.500,80225.600,0.000,0.100,0.100
demo-1781204758043-3187,RR Lyrae,80225.400,80225.500,80225.500,0.100,0.000,0.100
demo-1781204758032-3186,Mira,80214.200,80214.200,80214.200,0.000,0.000,0.000
demo-1781204758032-3185,RR Lyrae,80214.100,80214.100,80214.200,0.000,0.100,0.100
demo-1781204758032-3184,Mira,80214.000,80214.000,80214.100,0.000,0.100,0.100
demo-1781204758010-3183,RR Lyrae,80192.400,80192.400,80192.500,0.000,0.100,0.100
demo-1781204758010-3182,QSO,80192.300,80192.300,80192.400,0.000,0.100,0.100
demo-1781204758010-3181,Cepheid,80192.200,80192.200,80192.300,0.000,0.100,0.100
demo-1781204758010-3180,AGN,80192.200,80192.200,80192.200,0.000,0.000,0.000
demo-1781204757993-3179,SN Ib,80175.400,80175.400,80175.400,0.000,0.000,0.000
demo-1781204757993-3178,AGN,80175.300,80175.300,80175.400,0.000,0.100,0.100
demo-1781204757993-3177,RR Lyrae,80175.200,80175.200,80175.300,0.000,0.100,0.100
demo-1781204757977-3176,RR Lyrae,80159.000,80159.000,80159.100,0.000,0.100,0.100
demo-1781204757977-3175,Unknown,80158.900,80158.900,80159.000,0.000,0.100,0.100
demo-1781204757977-3174,LPV,80158.900,80158.900,80158.900,0.000,0.000,0.000
demo-1781204757960-3173,RR Lyrae,80142.200,80142.200,80142.300,0.000,0.100,0.100
demo-1781204757960-3172,SN Ia,80142.100,80142.100,80142.200,0.000,0.100,0.100
demo-1781204757960-3171,SN Ia,80142.100,80142.100,80142.100,0.000,0.000,0.000
demo-1781204757943-3170,RR Lyrae,80125.700,80125.700,80125.700,0.000,0.000,0.000
demo-1781204757943-3169,SN II,80125.600,80125.600,80125.700,0.000,0.100,0.100
demo-1781204757943-3168,LPV,80125.400,80125.500,80125.600,0.100,0.100,0.200
demo-1781204757943-3167,AGN,80125.400,80125.400,80125.400,0.000,0.000,0.000
demo-1781204757927-3166,SN II,80108.900,80108.900,80108.900,0.000,0.000,0.000
demo-1781204757926-3165,Mira,80108.800,80108.800,80108.900,0.000,0.100,0.100
demo-1781204757926-3164,AGN,80108.800,80108.800,80108.800,0.000,0.000,0.000
demo-1781204757926-3163,SN II,80108.600,80108.700,80108.800,0.100,0.100,0.200
demo-1781204757910-3162,RR Lyrae,80092.200,80092.200,80092.300,0.000,0.100,0.100
demo-1781204757910-3161,RR Lyrae,80092.200,80092.200,80092.200,0.000,0.000,0.000
demo-1781204757910-3160,Mira,80092.100,80092.100,80092.200,0.000,0.100,0.100
demo-1781204757910-3159,Mira,80092.000,80092.000,80092.100,0.000,0.100,0.100
demo-1781204757893-3158,SN II,80075.700,80075.700,80075.700,0.000,0.000,0.000
demo-1781204757893-3157,RR Lyrae,80075.600,80075.600,80075.600,0.000,0.000,0.000
demo-1781204757893-3156,Cepheid,80075.500,80075.500,80075.600,0.000,0.100,0.100
demo-1781204757893-3155,AGN,80075.400,80075.400,80075.500,0.000,0.100,0.100
demo-1781204757878-3154,LPV,80060.000,80060.000,80060.100,0.000,0.100,0.100
demo-1781204757878-3153,AGN,80060.000,80060.000,80060.000,0.000,0.000,0.000
demo-1781204757878-3152,RR Lyrae,80059.900,80059.900,80060.000,0.000,0.100,0.100
demo-1781204757878-3151,Mira,80059.900,80059.900,80059.900,0.000,0.000,0.000
demo-1781204757875-3150,RR Lyrae,80057.000,80057.000,80057.000,0.000,0.000,0.000
demo-1781204757875-3149,RR Lyrae,80056.900,80056.900,80057.000,0.000,0.100,0.100
demo-1781204757874-3148,Cepheid,80056.800,80056.800,80056.900,0.000,0.100,0.100
demo-1781204757874-3147,RR Lyrae,80056.800,80056.800,80056.800,0.000,0.000,0.000
demo-1781204757827-3146,SN II,80009.100,80009.100,80009.200,0.000,0.100,0.100
demo-1781204757827-3145,RR Lyrae,80009.000,80009.000,80009.100,0.000,0.100,0.100
demo-1781204757827-3144,Unknown,80008.800,80008.800,80009.000,0.000,0.200,0.200
demo-1781204757810-3143,RR Lyrae,79992.600,79992.600,79992.600,0.000,0.000,0.000
demo-1781204757810-3142,Mira,79992.600,79992.600,79992.600,0.000,0.000,0.000
demo-1781204757810-3141,RR Lyrae,79992.300,79992.300,79992.500,0.000,0.200,0.200
demo-1781204757794-3140,LPV,79975.900,79975.900,79976.000,0.000,0.100,0.100
demo-1781204757793-3139,Unknown,79975.800,79975.800,79975.900,0.000,0.100,0.100
demo-1781204757793-3138,RR Lyrae,79975.800,79975.800,79975.800,0.000,0.000,0.000
demo-1781204757793-3137,Unknown,79975.700,79975.700,79975.800,0.000,0.100,0.100
demo-1781204757777-3136,Mira,79959.000,79959.000,79959.000,0.000,0.000,0.000
demo-1781204757777-3135,RR Lyrae,79958.900,79958.900,79959.000,0.000,0.100,0.100
demo-1781204757776-3134,AGN,79958.800,79958.800,79958.900,0.000,0.100,0.100
demo-1781204757760-3133,SN Ia,79942.300,79942.300,79942.400,0.000,0.100,0.100
demo-1781204757760-3132,RR Lyrae,79942.200,79942.200,79942.300,0.000,0.100,0.100
demo-1781204757760-3131,RR Lyrae,79942.200,79942.200,79942.200,0.000,0.000,0.000
demo-1781204757743-3130,LPV,79925.600,79925.600,79925.700,0.000,0.100,0.100
demo-1781204757743-3129,SN Ia,79925.600,79925.600,79925.600,0.000,0.000,0.000
demo-1781204757743-3128,RR Lyrae,79925.400,79925.400,79925.600,0.000,0.200,0.200
demo-1781204757743-3127,Mira,79925.400,79925.400,79925.400,0.000,0.000,0.000
demo-1781204757726-3126,SN Ia,79908.800,79908.800,79908.900,0.000,0.100,0.100
demo-1781204757726-3125,Mira,79908.700,79908.700,79908.800,0.000,0.100,0.100
demo-1781204757726-3124,RR Lyrae,79908.700,79908.700,79908.700,0.000,0.000,0.000
demo-1781204757710-3123,SN Ia,79892.200,79892.300,79892.300,0.100,0.000,0.100
demo-1781204757710-3122,RR Lyrae,79892.200,79892.200,79892.200,0.000,0.000,0.000
demo-1781204757710-3121,SN Ia,79892.000,79892.100,79892.200,0.100,0.100,0.200
demo-1781204757693-3120,RR Lyrae,79875.700,79875.700,79875.700,0.000,0.000,0.000
demo-1781204757693-3119,RR Lyrae,79875.600,79875.600,79875.700,0.000,0.100,0.100
demo-1781204757693-3118,AGN,79875.500,79875.500,79875.600,0.000,0.100,0.100
demo-1781204757693-3117,Unknown,79875.400,79875.400,79875.500,0.000,0.100,0.100
demo-1781204757676-3116,Unknown,79858.800,79858.800,79858.800,0.000,0.000,0.000
demo-1781204757676-3115,AGN,79858.800,79858.800,79858.800,0.000,0.000,0.000
demo-1781204757676-3114,Mira,79858.700,79858.700,79858.800,0.000,0.100,0.100
demo-1781204757676-3113,AGN,79858.600,79858.600,79858.600,0.000,0.000,0.000
demo-1781204757660-3112,Cepheid,79842.200,79842.200,79842.200,0.000,0.000,0.000
demo-1781204757660-3111,Mira,79842.100,79842.100,79842.100,0.000,0.000,0.000
demo-1781204757660-3110,RR Lyrae,79842.000,79842.000,79842.100,0.000,0.100,0.100
demo-1781204757660-3109,RR Lyrae,79842.000,79842.000,79842.000,0.000,0.000,0.000
demo-1781204757643-3108,SN Ia,79825.500,79825.500,79825.600,0.000,0.100,0.100
demo-1781204757643-3107,Mira,79825.500,79825.500,79825.500,0.000,0.000,0.000
demo-1781204757643-3106,Unknown,79825.400,79825.400,79825.400,0.000,0.000,0.000
demo-1781204757643-3105,RR Lyrae,79825.300,79825.300,79825.400,0.000,0.100,0.100
demo-1781204757629-3104,Unknown,79811.100,79811.100,79811.100,0.000,0.000,0.000
demo-1781204757629-3103,RR Lyrae,79811.000,79811.000,79811.100,0.000,0.100,0.100
demo-1781204757629-3102,RR Lyrae,79810.900,79810.900,79811.000,0.000,0.100,0.100
demo-1781204757628-3101,AGN,79810.800,79810.900,79810.900,0.100,0.000,0.100
demo-1781204757625-3100,RR Lyrae,79807.800,79807.800,79807.900,0.000,0.100,0.100
demo-1781204757625-3099,RR Lyrae,79807.800,79807.800,79807.800,0.000,0.000,0.000
demo-1781204757625-3098,RR Lyrae,79807.700,79807.700,79807.800,0.000,0.100,0.100
demo-1781204757625-3097,RR Lyrae,79807.700,79807.700,79807.700,0.000,0.000,0.000
demo-1781204757577-3096,SN Ib,79759.300,79759.300,79759.300,0.000,0.000,0.000
demo-1781204757577-3095,Cepheid,79759.200,79759.200,79759.300,0.000,0.100,0.100
demo-1781204757577-3094,SN II,79759.100,79759.100,79759.100,0.000,0.000,0.000
demo-1781204757560-3093,RR Lyrae,79742.700,79742.700,79742.700,0.000,0.000,0.000
demo-1781204757560-3092,AGN,79742.700,79742.700,79742.700,0.000,0.000,0.000
demo-1781204757560-3091,RR Lyrae,79742.600,79742.600,79742.600,0.000,0.000,0.000
demo-1781204757543-3090,Unknown,79725.700,79725.700,79725.800,0.000,0.100,0.100
demo-1781204757543-3089,QSO,79725.600,79725.700,79725.700,0.100,0.000,0.100
demo-1781204757543-3088,Unknown,79725.600,79725.600,79725.600,0.000,0.000,0.000
demo-1781204757543-3087,RR Lyrae,79725.400,79725.400,79725.500,0.000,0.100,0.100
demo-1781204757527-3086,Unknown,79709.000,79709.000,79709.100,0.000,0.100,0.100
demo-1781204757527-3085,AGN,79709.000,79709.000,79709.000,0.000,0.000,0.000
demo-1781204757526-3084,SN II,79708.900,79708.900,79708.900,0.000,0.000,0.000
demo-1781204757510-3083,RR Lyrae,79692.300,79692.300,79692.300,0.000,0.000,0.000
demo-1781204757510-3082,RR Lyrae,79692.200,79692.200,79692.300,0.000,0.100,0.100
demo-1781204757510-3081,SN Ia,79692.100,79692.100,79692.200,0.000,0.100,0.100
demo-1781204757493-3080,Mira,79675.700,79675.700,79675.900,0.000,0.200,0.200
demo-1781204757493-3079,Mira,79675.700,79675.700,79675.700,0.000,0.000,0.000
demo-1781204757493-3078,AGN,79675.700,79675.700,79675.700,0.000,0.000,0.000
demo-1781204757493-3077,Mira,79675.500,79675.500,79675.700,0.000,0.200,0.200
demo-1781204757476-3076,AGN,79658.800,79658.800,79658.900,0.000,0.100,0.100
demo-1781204757476-3075,Unknown,79658.700,79658.700,79658.800,0.000,0.100,0.100
demo-1781204757476-3074,Cepheid,79658.600,79658.600,79658.700,0.000,0.100,0.100
demo-1781204757460-3073,QSO,79642.100,79642.100,79642.200,0.000,0.100,0.100
demo-1781204757460-3072,LPV,79642.100,79642.100,79642.100,0.000,0.000,0.000
demo-1781204757460-3071,LPV,79642.000,79642.000,79642.100,0.000,0.100,0.100
demo-1781204757443-3070,RR Lyrae,79625.900,79625.900,79625.900,0.000,0.000,0.000
demo-1781204757443-3069,AGN,79625.800,79625.800,79625.900,0.000,0.100,0.100
demo-1781204757443-3068,AGN,79625.700,79625.700,79625.800,0.000,0.100,0.100
demo-1781204757443-3067,LPV,79625.600,79625.600,79625.700,0.000,0.100,0.100
demo-1781204757426-3066,Unknown,79608.800,79608.800,79608.800,0.000,0.000,0.000
demo-1781204757426-3065,Mira,79608.700,79608.700,79608.800,0.000,0.100,0.100
demo-1781204757426-3064,RR Lyrae,79608.600,79608.600,79608.700,0.000,0.100,0.100
demo-1781204757410-3063,Cepheid,79592.000,79592.000,79592.100,0.000,0.100,0.100
demo-1781204757410-3062,Cepheid,79592.000,79592.000,79592.000,0.000,0.000,0.000
demo-1781204757410-3061,RR Lyrae,79591.900,79591.900,79592.000,0.000,0.100,0.100
demo-1781204757393-3060,LPV,79575.500,79575.500,79575.700,0.000,0.200,0.200
demo-1781204757393-3059,Mira,79575.500,79575.500,79575.500,0.000,0.000,0.000
demo-1781204757393-3058,SN Ia,79575.500,79575.500,79575.500,0.000,0.000,0.000
demo-1781204757393-3057,SN Ia,79575.300,79575.300,79575.500,0.000,0.200,0.200
demo-1781204757377-3056,LPV,79559.400,79559.400,79559.400,0.000,0.000,0.000
demo-1781204757377-3055,Mira,79559.300,79559.300,79559.400,0.000,0.100,0.100
demo-1781204757377-3054,SN II,79559.300,79559.300,79559.300,0.000,0.000,0.000
demo-1781204757375-3053,AGN,79557.200,79557.200,79557.300,0.000,0.100,0.100
demo-1781204757375-3052,Mira,79557.200,79557.200,79557.200,0.000,0.000,0.000
demo-1781204757375-3051,LPV,79557.100,79557.100,79557.100,0.000,0.000,0.000
demo-1781204757372-3050,RR Lyrae,79554.100,79554.100,79554.200,0.000,0.100,0.100
demo-1781204757372-3049,RR Lyrae,79554.100,79554.100,79554.100,0.000,0.000,0.000
demo-1781204757372-3048,AGN,79554.100,79554.100,79554.100,0.000,0.000,0.000
demo-1781204757372-3047,Mira,79553.900,79553.900,79554.000,0.000,0.100,0.100
demo-1781204757326-3046,Mira,79508.900,79508.900,79508.900,0.000,0.000,0.000
demo-1781204757326-3045,Cepheid,79508.800,79508.800,79508.900,0.000,0.100,0.100
demo-1781204757326-3044,AGN,79508.700,79508.700,79508.800,0.000,0.100,0.100
demo-1781204757310-3043,AGN,79492.500,79492.500,79492.600,0.000,0.100,0.100
demo-1781204757310-3042,AGN,79492.300,79492.400,79492.500,0.100,0.100,0.200
demo-1781204757310-3041,RR Lyrae,79492.300,79492.300,79492.300,0.000,0.000,0.000
demo-1781204757294-3040,AGN,79475.900,79475.900,79476.000,0.000,0.100,0.100
demo-1781204757293-3039,RR Lyrae,79475.800,79475.800,79475.900,0.000,0.100,0.100
demo-1781204757293-3038,Mira,79475.800,79475.800,79475.800,0.000,0.000,0.000
demo-1781204757293-3037,Mira,79475.600,79475.600,79475.800,0.000,0.200,0.200
demo-1781204757277-3036,AGN,79459.000,79459.100,79459.100,0.100,0.000,0.100
demo-1781204757277-3035,RR Lyrae,79458.900,79458.900,79459.000,0.000,0.100,0.100
demo-1781204757276-3034,RR Lyrae,79458.800,79458.800,79458.900,0.000,0.100,0.100
demo-1781204757260-3033,RR Lyrae,79442.100,79442.100,79442.100,0.000,0.000,0.000
demo-1781204757260-3032,LPV,79442.000,79442.000,79442.100,0.000,0.100,0.100
demo-1781204757260-3031,AGN,79441.900,79441.900,79442.000,0.000,0.100,0.100
demo-1781204757243-3030,AGN,79425.500,79425.500,79425.500,0.000,0.000,0.000
demo-1781204757243-3029,SN Ia,79425.400,79425.400,79425.500,0.000,0.100,0.100
demo-1781204757243-3028,AGN,79425.400,79425.400,79425.400,0.000,0.000,0.000
demo-1781204757243-3027,RR Lyrae,79425.300,79425.300,79425.400,0.000,0.100,0.100
demo-1781204757226-3026,LPV,79408.800,79408.800,79408.900,0.000,0.100,0.100
demo-1781204757226-3025,Mira,79408.800,79408.800,79408.800,0.000,0.000,0.000
demo-1781204757226-3024,SN Ia,79408.600,79408.600,79408.700,0.000,0.100,0.100
demo-1781204757210-3023,RR Lyrae,79392.400,79392.400,79392.400,0.000,0.000,0.000
demo-1781204757210-3022,AGN,79392.300,79392.300,79392.400,0.000,0.100,0.100
demo-1781204757210-3021,RR Lyrae,79392.100,79392.100,79392.300,0.000,0.200,0.200
demo-1781204757193-3020,Mira,79375.500,79375.500,79375.600,0.000,0.100,0.100
demo-1781204757193-3019,Cepheid,79375.500,79375.500,79375.500,0.000,0.000,0.000
demo-1781204757193-3018,Unknown,79375.400,79375.400,79375.500,0.000,0.100,0.100
demo-1781204757193-3017,RR Lyrae,79375.400,79375.400,79375.400,0.000,0.000,0.000
demo-1781204757176-3016,SN II,79357.900,79357.900,79357.900,0.000,0.000,0.000
demo-1781204757175-3015,SN Ic,79357.800,79357.800,79357.900,0.000,0.100,0.100
demo-1781204757175-3014,Unknown,79357.700,79357.700,79357.700,0.000,0.000,0.000
demo-1781204757160-3013,Mira,79342.200,79342.200,79342.300,0.000,0.100,0.100
demo-1781204757160-3012,AGN,79342.100,79342.100,79342.100,0.000,0.000,0.000
demo-1781204757160-3011,AGN,79342.000,79342.000,79342.100,0.000,0.100,0.100
demo-1781204757143-3010,RR Lyrae,79325.500,79325.500,79325.500,0.000,0.000,0.000
demo-1781204757143-3009,RR Lyrae,79325.400,79325.400,79325.500,0.000,0.100,0.100
demo-1781204757143-3008,RR Lyrae,79325.400,79325.400,79325.400,0.000,0.000,0.000
demo-1781204757143-3007,AGN,79325.300,79325.300,79325.300,0.000,0.000,0.000
demo-1781204757128-3006,Cepheid,79310.000,79310.000,79310.100,0.000,0.100,0.100
demo-1781204757128-3005,RR Lyrae,79309.900,79309.900,79310.000,0.000,0.100,0.100
demo-1781204757127-3004,Cepheid,79309.900,79309.900,79309.900,0.000,0.000,0.000
demo-1781204757125-3003,RR Lyrae,79307.800,79307.800,79307.800,0.000,0.000,0.000
demo-1781204757125-3002,Mira,79307.800,79307.800,79307.800,0.000,0.000,0.000
demo-1781204757125-3001,LPV,79307.700,79307.700,79307.800,0.000,0.100,0.100
demo-1781204757122-3000,RR Lyrae,79304.400,79304.400,79304.500,0.000,0.100,0.100
demo-1781204757122-2999,LPV,79304.400,79304.400,79304.400,0.000,0.000,0.000
demo-1781204757122-2998,SN Ib,79304.400,79304.400,79304.400,0.000,0.000,0.000
demo-1781204757122-2997,SN Ia,79304.300,79304.300,79304.400,0.000,0.100,0.100
demo-1781204757076-2996,SN Ib,79258.700,79258.700,79258.800,0.000,0.100,0.100
demo-1781204757076-2995,LPV,79258.700,79258.700,79258.700,0.000,0.000,0.000
demo-1781204757076-2994,SN Ia,79258.700,79258.700,79258.700,0.000,0.000,0.000
demo-1781204757060-2993,RR Lyrae,79242.200,79242.200,79242.200,0.000,0.000,0.000
demo-1781204757060-2992,RR Lyrae,79242.200,79242.200,79242.200,0.000,0.000,0.000
demo-1781204757060-2991,SN II,79242.000,79242.000,79242.100,0.000,0.100,0.100
demo-1781204757043-2990,AGN,79225.600,79225.600,79225.600,0.000,0.000,0.000
demo-1781204757043-2989,AGN,79225.500,79225.500,79225.600,0.000,0.100,0.100
demo-1781204757043-2988,RR Lyrae,79225.500,79225.500,79225.500,0.000,0.000,0.000
demo-1781204757043-2987,LPV,79225.400,79225.400,79225.500,0.000,0.100,0.100
demo-1781204757031-2986,Cepheid,79213.300,79213.300,79213.400,0.000,0.100,0.100
demo-1781204757031-2985,SN Ia,79213.300,79213.300,79213.300,0.000,0.000,0.000
demo-1781204757031-2984,AGN,79213.300,79213.300,79213.300,0.000,0.000,0.000
demo-1781204757010-2983,SN Ia,79192.300,79192.300,79192.400,0.000,0.100,0.100
demo-1781204757010-2982,QSO,79192.200,79192.200,79192.300,0.000,0.100,0.100
demo-1781204757010-2981,Unknown,79192.100,79192.100,79192.200,0.000,0.100,0.100
demo-1781204756993-2980,Mira,79175.400,79175.400,79175.500,0.000,0.100,0.100
demo-1781204756993-2979,RR Lyrae,79175.400,79175.400,79175.400,0.000,0.000,0.000
demo-1781204756993-2978,RR Lyrae,79175.400,79175.400,79175.400,0.000,0.000,0.000
demo-1781204756993-2977,Mira,79175.200,79175.300,79175.300,0.100,0.000,0.100
demo-1781204756976-2976,AGN,79158.800,79158.800,79158.800,0.000,0.000,0.000
demo-1781204756976-2975,SN Ic,79158.800,79158.800,79158.800,0.000,0.000,0.000
demo-1781204756976-2974,Mira,79158.700,79158.700,79158.800,0.000,0.100,0.100
demo-1781204756960-2973,RR Lyrae,79142.100,79142.100,79142.200,0.000,0.100,0.100
demo-1781204756960-2972,SN Ic,79142.100,79142.100,79142.100,0.000,0.000,0.000
demo-1781204756960-2971,Unknown,79141.900,79141.900,79142.100,0.000,0.200,0.200
demo-1781204756943-2970,AGN,79125.500,79125.500,79125.500,0.000,0.000,0.000
demo-1781204756943-2969,AGN,79125.500,79125.500,79125.500,0.000,0.000,0.000
demo-1781204756943-2968,AGN,79125.400,79125.400,79125.500,0.000,0.100,0.100
demo-1781204756943-2967,Mira,79125.300,79125.300,79125.400,0.000,0.100,0.100
demo-1781204756927-2966,Mira,79109.600,79109.600,79109.600,0.000,0.000,0.000
demo-1781204756927-2965,RR Lyrae,79109.500,79109.500,79109.600,0.000,0.100,0.100
demo-1781204756927-2964,AGN,79109.500,79109.500,79109.500,0.000,0.000,0.000
demo-1781204756927-2963,AGN,79109.400,79109.400,79109.500,0.000,0.100,0.100
demo-1781204756917-2962,Unknown,79099.600,79099.600,79099.600,0.000,0.000,0.000
demo-1781204756917-2961,SN Ia,79099.500,79099.500,79099.600,0.000,0.100,0.100
demo-1781204756917-2960,Cepheid,79099.400,79099.400,79099.500,0.000,0.100,0.100
demo-1781204756917-2959,RR Lyrae,79099.400,79099.400,79099.400,0.000,0.000,0.000
demo-1781204756895-2958,AGN,79077.400,79077.400,79077.500,0.000,0.100,0.100
demo-1781204756895-2957,Mira,79077.300,79077.300,79077.300,0.000,0.000,0.000
demo-1781204756895-2956,RR Lyrae,79077.200,79077.200,79077.300,0.000,0.100,0.100
demo-1781204756895-2955,Mira,79077.100,79077.100,79077.200,0.000,0.100,0.100
demo-1781204756878-2954,AGN,79060.700,79060.700,79060.800,0.000,0.100,0.100
demo-1781204756878-2953,Mira,79060.600,79060.600,79060.700,0.000,0.100,0.100
demo-1781204756878-2952,RR Lyrae,79060.600,79060.600,79060.600,0.000,0.000,0.000
demo-1781204756878-2951,RR Lyrae,79060.500,79060.500,79060.600,0.000,0.100,0.100
demo-1781204756875-2950,QSO,79057.300,79057.300,79057.400,0.000,0.100,0.100
demo-1781204756875-2949,QSO,79057.200,79057.200,79057.300,0.000,0.100,0.100
demo-1781204756875-2948,AGN,79057.200,79057.200,79057.200,0.000,0.000,0.000
demo-1781204756875-2947,AGN,79057.000,79057.100,79057.200,0.100,0.100,0.200
demo-1781204756827-2946,Mira,79009.100,79009.100,79009.100,0.000,0.000,0.000
demo-1781204756827-2945,Unknown,79009.000,79009.000,79009.100,0.000,0.100,0.100
demo-1781204756827-2944,Unknown,79008.900,79008.900,79009.000,0.000,0.100,0.100
demo-1781204756810-2943,RR Lyrae,78992.400,78992.400,78992.400,0.000,0.000,0.000
demo-1781204756810-2942,Mira,78992.300,78992.300,78992.400,0.000,0.100,0.100
demo-1781204756810-2941,Mira,78992.200,78992.200,78992.300,0.000,0.100,0.100
demo-1781204756794-2940,SN Ia,78975.900,78975.900,78976.100,0.000,0.200,0.200
demo-1781204756793-2939,RR Lyrae,78975.900,78975.900,78975.900,0.000,0.000,0.000
demo-1781204756793-2938,RR Lyrae,78975.700,78975.700,78975.900,0.000,0.200,0.200
demo-1781204756793-2937,AGN,78975.700,78975.700,78975.700,0.000,0.000,0.000
demo-1781204756777-2936,Mira,78959.200,78959.200,78959.200,0.000,0.000,0.000
demo-1781204756777-2935,SN Ia,78959.100,78959.100,78959.200,0.000,0.100,0.100
demo-1781204756777-2934,LPV,78958.900,78958.900,78959.000,0.000,0.100,0.100
demo-1781204756760-2933,Unknown,78942.500,78942.500,78942.600,0.000,0.100,0.100
demo-1781204756760-2932,RR Lyrae,78942.500,78942.500,78942.500,0.000,0.000,0.000
demo-1781204756760-2931,Mira,78942.300,78942.300,78942.500,0.000,0.200,0.200
demo-1781204756744-2930,RR Lyrae,78926.100,78926.100,78926.200,0.000,0.100,0.100
demo-1781204756744-2929,Mira,78926.000,78926.000,78926.100,0.000,0.100,0.100
demo-1781204756744-2928,RR Lyrae,78925.900,78925.900,78926.000,0.000,0.100,0.100
demo-1781204756743-2927,SN Ia,78925.800,78925.800,78925.900,0.000,0.100,0.100
demo-1781204756726-2926,RR Lyrae,78908.600,78908.600,78908.700,0.000,0.100,0.100
demo-1781204756726-2925,Mira,78908.500,78908.500,78908.600,0.000,0.100,0.100
demo-1781204756726-2924,Cepheid,78908.500,78908.500,78908.500,0.000,0.000,0.000
demo-1781204756710-2923,Cepheid,78892.000,78892.000,78892.200,0.000,0.200,0.200
demo-1781204756710-2922,RR Lyrae,78892.000,78892.000,78892.000,0.000,0.000,0.000
demo-1781204756710-2921,RR Lyrae,78891.900,78892.000,78892.000,0.100,0.000,0.100
demo-1781204756693-2920,SN Ia,78875.500,78875.500,78875.600,0.000,0.100,0.100
demo-1781204756693-2919,LPV,78875.500,78875.500,78875.500,0.000,0.000,0.000
demo-1781204756693-2918,SN II,78875.400,78875.400,78875.400,0.000,0.000,0.000
demo-1781204756693-2917,AGN,78875.300,78875.300,78875.400,0.000,0.100,0.100
demo-1781204756676-2916,SN Ia,78858.600,78858.600,78858.700,0.000,0.100,0.100
demo-1781204756676-2915,AGN,78858.600,78858.600,78858.600,0.000,0.000,0.000
demo-1781204756676-2914,LPV,78858.500,78858.500,78858.500,0.000,0.000,0.000
demo-1781204756676-2913,RR Lyrae,78858.400,78858.400,78858.500,0.000,0.100,0.100
demo-1781204756660-2912,RR Lyrae,78842.200,78842.200,78842.200,0.000,0.000,0.000
demo-1781204756660-2911,RR Lyrae,78842.100,78842.100,78842.200,0.000,0.100,0.100
demo-1781204756660-2910,SN Ia,78842.100,78842.100,78842.100,0.000,0.000,0.000
demo-1781204756660-2909,LPV,78841.900,78842.000,78842.100,0.100,0.100,0.200
demo-1781204756643-2908,RR Lyrae,78825.600,78825.600,78825.600,0.000,0.000,0.000
demo-1781204756643-2907,AGN,78825.500,78825.500,78825.600,0.000,0.100,0.100
demo-1781204756643-2906,RR Lyrae,78825.400,78825.400,78825.500,0.000,0.100,0.100
demo-1781204756643-2905,Mira,78825.300,78825.300,78825.400,0.000,0.100,0.100
demo-1781204756629-2904,RR Lyrae,78811.400,78811.400,78811.500,0.000,0.100,0.100
demo-1781204756629-2903,AGN,78811.300,78811.300,78811.400,0.000,0.100,0.100
demo-1781204756629-2902,SN Ia,78811.200,78811.200,78811.300,0.000,0.100,0.100
demo-1781204756629-2901,RR Lyrae,78811.200,78811.200,78811.200,0.000,0.000,0.000
demo-1781204756626-2900,QSO,78808.000,78808.100,78808.100,0.100,0.000,0.100
demo-1781204756626-2899,Mira,78808.000,78808.000,78808.000,0.000,0.000,0.000
demo-1781204756626-2898,SN Ia,78807.900,78807.900,78808.000,0.000,0.100,0.100
demo-1781204756625-2897,Mira,78807.800,78807.800,78807.900,0.000,0.100,0.100
demo-1781204756577-2896,Unknown,78759.300,78759.300,78759.400,0.000,0.100,0.100
demo-1781204756577-2895,AGN,78759.200,78759.200,78759.300,0.000,0.100,0.100
demo-1781204756577-2894,Mira,78759.000,78759.100,78759.200,0.100,0.100,0.200
demo-1781204756560-2893,AGN,78742.600,78742.600,78742.600,0.000,0.000,0.000
demo-1781204756560-2892,SN Ia,78742.500,78742.500,78742.600,0.000,0.100,0.100
demo-1781204756560-2891,RR Lyrae,78742.400,78742.400,78742.500,0.000,0.100,0.100
demo-1781204756544-2890,Mira,78726.200,78726.200,78726.300,0.000,0.100,0.100
demo-1781204756544-2889,Unknown,78726.100,78726.200,78726.200,0.100,0.000,0.100
demo-1781204756544-2888,Cepheid,78726.000,78726.000,78726.100,0.000,0.100,0.100
demo-1781204756543-2887,RR Lyrae,78725.800,78725.800,78725.900,0.000,0.100,0.100
demo-1781204756526-2886,RR Lyrae,78708.600,78708.600,78708.600,0.000,0.000,0.000
demo-1781204756526-2885,AGN,78708.500,78708.500,78708.600,0.000,0.100,0.100
demo-1781204756526-2884,AGN,78708.400,78708.400,78708.500,0.000,0.100,0.100
demo-1781204756510-2883,LPV,78692.400,78692.400,78692.600,0.000,0.200,0.200
demo-1781204756510-2882,SN II,78692.300,78692.300,78692.400,0.000,0.100,0.100
demo-1781204756510-2881,RR Lyrae,78692.300,78692.300,78692.300,0.000,0.000,0.000
demo-1781204756493-2880,AGN,78675.900,78675.900,78675.900,0.000,0.000,0.000
demo-1781204756493-2879,Mira,78675.800,78675.800,78675.900,0.000,0.100,0.100
demo-1781204756493-2878,AGN,78675.600,78675.600,78675.800,0.000,0.200,0.200
demo-1781204756493-2877,AGN,78675.500,78675.500,78675.600,0.000,0.100,0.100
demo-1781204756476-2876,SN II,78658.700,78658.700,78658.800,0.000,0.100,0.100
demo-1781204756476-2875,SN Ib,78658.600,78658.600,78658.700,0.000,0.100,0.100
demo-1781204756476-2874,LPV,78658.600,78658.600,78658.600,0.000,0.000,0.000
demo-1781204756460-2873,Mira,78642.100,78642.100,78642.200,0.000,0.100,0.100
demo-1781204756460-2872,Unknown,78642.100,78642.100,78642.100,0.000,0.000,0.000
demo-1781204756460-2871,AGN,78642.000,78642.000,78642.100,0.000,0.100,0.100
demo-1781204756460-2870,Mira,78641.900,78641.900,78641.900,0.000,0.000,0.000
demo-1781204756443-2869,AGN,78625.500,78625.500,78625.500,0.000,0.000,0.000
demo-1781204756443-2868,AGN,78625.400,78625.400,78625.500,0.000,0.100,0.100
demo-1781204756443-2867,Mira,78625.300,78625.300,78625.400,0.000,0.100,0.100
demo-1781204756443-2866,AGN,78625.200,78625.200,78625.300,0.000,0.100,0.100
demo-1781204756426-2865,RR Lyrae,78608.700,78608.700,78608.800,0.000,0.100,0.100
demo-1781204756426-2864,AGN,78608.700,78608.700,78608.700,0.000,0.000,0.000
demo-1781204756426-2863,RR Lyrae,78608.500,78608.600,78608.600,0.100,0.000,0.100
demo-1781204756426-2862,AGN,78608.500,78608.500,78608.500,0.000,0.000,0.000
demo-1781204756410-2861,RR Lyrae,78592.000,78592.000,78592.200,0.000,0.200,0.200
demo-1781204756410-2860,AGN,78592.000,78592.000,78592.000,0.000,0.000,0.000
demo-1781204756410-2859,LPV,78592.000,78592.000,78592.000,0.000,0.000,0.000
demo-1781204756410-2858,AGN,78591.800,78591.900,78591.900,0.100,0.000,0.100
demo-1781204756393-2857,Mira,78575.500,78575.500,78575.500,0.000,0.000,0.000
demo-1781204756393-2856,RR Lyrae,78575.400,78575.400,78575.500,0.000,0.100,0.100
demo-1781204756393-2855,AGN,78575.300,78575.300,78575.400,0.000,0.100,0.100
demo-1781204756393-2854,RR Lyrae,78575.300,78575.300,78575.300,0.000,0.000,0.000
demo-1781204756376-2853,Mira,78558.700,78558.700,78558.800,0.000,0.100,0.100
demo-1781204756376-2852,AGN,78558.600,78558.600,78558.700,0.000,0.100,0.100
demo-1781204756376-2851,Mira,78558.600,78558.600,78558.600,0.000,0.000,0.000
demo-1781204756376-2850,QSO,78558.500,78558.500,78558.600,0.000,0.100,0.100
demo-1781204756373-2849,Mira,78555.400,78555.400,78555.500,0.000,0.100,0.100
demo-1781204756373-2848,SN Ia,78555.300,78555.300,78555.400,0.000,0.100,0.100
demo-1781204756373-2847,Mira,78555.300,78555.300,78555.300,0.000,0.000,0.000
demo-1781204756326-2846,SN Ic,78508.900,78508.900,78508.900,0.000,0.000,0.000
demo-1781204756326-2845,Unknown,78508.800,78508.800,78508.800,0.000,0.000,0.000
demo-1781204756326-2844,Unknown,78508.600,78508.600,78508.700,0.000,0.100,0.100
demo-1781204756310-2843,LPV,78492.100,78492.100,78492.200,0.000,0.100,0.100
demo-1781204756310-2842,LPV,78491.900,78491.900,78492.100,0.000,0.200,0.200
demo-1781204756309-2841,Mira,78491.900,78491.900,78491.900,0.000,0.000,0.000
demo-1781204756293-2840,Mira,78475.600,78475.600,78475.700,0.000,0.100,0.100
demo-1781204756293-2839,Unknown,78475.500,78475.500,78475.600,0.000,0.100,0.100
demo-1781204756293-2838,Mira,78475.400,78475.400,78475.500,0.000,0.100,0.100
demo-1781204756293-2837,Mira,78475.300,78475.300,78475.400,0.000,0.100,0.100
demo-1781204756276-2836,AGN,78458.700,78458.700,78458.800,0.000,0.100,0.100
demo-1781204756276-2835,Mira,78458.600,78458.600,78458.700,0.000,0.100,0.100
demo-1781204756276-2834,LPV,78458.500,78458.600,78458.600,0.100,0.000,0.100
demo-1781204756260-2833,RR Lyrae,78442.100,78442.100,78442.200,0.000,0.100,0.100
demo-1781204756260-2832,RR Lyrae,78442.000,78442.000,78442.100,0.000,0.100,0.100
demo-1781204756260-2831,AGN,78441.900,78441.900,78442.000,0.000,0.100,0.100
demo-1781204756243-2830,Cepheid,78425.700,78425.700,78425.700,0.000,0.000,0.000
demo-1781204756243-2829,AGN,78425.600,78425.600,78425.700,0.000,0.100,0.100
demo-1781204756243-2828,QSO,78425.600,78425.600,78425.600,0.000,0.000,0.000
demo-1781204756243-2827,LPV,78425.400,78425.400,78425.500,0.000,0.100,0.100
demo-1781204756227-2826,SN II,78408.900,78408.900,78409.000,0.000,0.100,0.100
demo-1781204756226-2825,AGN,78408.800,78408.800,78408.900,0.000,0.100,0.100
demo-1781204756226-2824,AGN,78408.700,78408.700,78408.800,0.000,0.100,0.100
demo-1781204756210-2823,LPV,78392.200,78392.200,78392.300,0.000,0.100,0.100
demo-1781204756210-2822,SN Ib,78392.100,78392.100,78392.200,0.000,0.100,0.100
demo-1781204756210-2821,SN Ia,78391.900,78392.000,78392.100,0.100,0.100,0.200
demo-1781204756194-2820,Unknown,78376.000,78376.000,78376.100,0.000,0.100,0.100
demo-1781204756194-2819,LPV,78375.900,78375.900,78376.000,0.000,0.100,0.100
demo-1781204756193-2818,Mira,78375.800,78375.800,78375.800,0.000,0.000,0.000
demo-1781204756193-2817,SN Ib,78375.700,78375.700,78375.800,0.000,0.100,0.100
demo-1781204756177-2816,AGN,78359.300,78359.300,78359.300,0.000,0.000,0.000
demo-1781204756177-2815,RR Lyrae,78359.100,78359.100,78359.300,0.000,0.200,0.200
demo-1781204756177-2814,Cepheid,78359.100,78359.100,78359.100,0.000,0.000,0.000
demo-1781204756177-2813,LPV,78358.900,78359.000,78359.100,0.100,0.100,0.200
demo-1781204756159-2812,SN Ic,78341.900,78341.900,78341.900,0.000,0.000,0.000
demo-1781204756159-2811,AGN,78341.800,78341.800,78341.900,0.000,0.100,0.100
demo-1781204756159-2810,AGN,78341.700,78341.700,78341.800,0.000,0.100,0.100
demo-1781204756159-2809,RR Lyrae,78341.500,78341.600,78341.700,0.100,0.100,0.200
demo-1781204756143-2808,SN Ia,78325.300,78325.300,78325.400,0.000,0.100,0.100
demo-1781204756143-2807,Mira,78325.300,78325.300,78325.300,0.000,0.000,0.000
demo-1781204756143-2806,LPV,78325.200,78325.200,78325.300,0.000,0.100,0.100
demo-1781204756143-2805,Mira,78325.100,78325.100,78325.200,0.000,0.100,0.100
demo-1781204756134-2804,Mira,78316.200,78316.200,78316.300,0.000,0.100,0.100
demo-1781204756134-2803,AGN,78316.100,78316.100,78316.200,0.000,0.100,0.100
demo-1781204756134-2802,RR Lyrae,78316.000,78316.000,78316.100,0.000,0.100,0.100
demo-1781204756133-2801,RR Lyrae,78315.900,78315.900,78316.000,0.000,0.100,0.100
demo-1781204756129-2800,LPV,78311.400,78311.500,78311.500,0.100,0.000,0.100
demo-1781204756129-2799,AGN,78311.400,78311.400,78311.400,0.000,0.000,0.000
demo-1781204756129-2798,Mira,78311.400,78311.400,78311.400,0.000,0.000,0.000
demo-1781204756129-2797,RR Lyrae,78311.100,78311.200,78311.300,0.100,0.100,0.200
demo-1781204756077-2796,AGN,78259.100,78259.100,78259.200,0.000,0.100,0.100
demo-1781204756077-2795,Unknown,78258.900,78258.900,78259.100,0.000,0.200,0.200
demo-1781204756076-2794,AGN,78258.700,78258.800,78258.900,0.100,0.100,0.200
demo-1781204756060-2793,Unknown,78242.300,78242.300,78242.300,0.000,0.000,0.000
demo-1781204756060-2792,QSO,78242.200,78242.200,78242.300,0.000,0.100,0.100
demo-1781204756060-2791,AGN,78242.100,78242.100,78242.200,0.000,0.100,0.100
demo-1781204756043-2790,RR Lyrae,78225.400,78225.400,78225.500,0.000,0.100,0.100
demo-1781204756043-2789,Cepheid,78225.400,78225.400,78225.400,0.000,0.000,0.000
demo-1781204756043-2788,AGN,78225.300,78225.300,78225.400,0.000,0.100,0.100
demo-1781204756043-2787,RR Lyrae,78225.200,78225.200,78225.200,0.000,0.000,0.000
demo-1781204756032-2786,RR Lyrae,78214.300,78214.300,78214.400,0.000,0.100,0.100
demo-1781204756032-2785,Mira,78214.300,78214.300,78214.300,0.000,0.000,0.000
demo-1781204756032-2784,SN II,78214.200,78214.200,78214.200,0.000,0.000,0.000
demo-1781204756010-2783,AGN,78192.000,78192.000,78192.200,0.000,0.200,0.200
demo-1781204756010-2782,AGN,78192.000,78192.000,78192.000,0.000,0.000,0.000
demo-1781204756010-2781,RR Lyrae,78191.900,78191.900,78192.000,0.000,0.100,0.100
demo-1781204755993-2780,RR Lyrae,78175.900,78175.900,78175.900,0.000,0.000,0.000
demo-1781204755993-2779,Mira,78175.700,78175.700,78175.800,0.000,0.100,0.100
demo-1781204755993-2778,RR Lyrae,78175.700,78175.700,78175.700,0.000,0.000,0.000
demo-1781204755993-2777,AGN,78175.600,78175.600,78175.600,0.000,0.000,0.000
demo-1781204755977-2776,Cepheid,78159.300,78159.300,78159.400,0.000,0.100,0.100
demo-1781204755977-2775,Mira,78159.200,78159.200,78159.300,0.000,0.100,0.100
demo-1781204755977-2774,AGN,78159.100,78159.100,78159.200,0.000,0.100,0.100
demo-1781204755960-2773,Cepheid,78142.000,78142.000,78142.100,0.000,0.100,0.100
demo-1781204755960-2772,RR Lyrae,78142.000,78142.000,78142.000,0.000,0.000,0.000
demo-1781204755959-2771,Unknown,78141.800,78141.800,78142.000,0.000,0.200,0.200
demo-1781204755943-2770,AGN,78125.300,78125.300,78125.300,0.000,0.000,0.000
demo-1781204755943-2769,AGN,78125.300,78125.300,78125.300,0.000,0.000,0.000
demo-1781204755943-2768,RR Lyrae,78125.200,78125.200,78125.200,0.000,0.000,0.000
demo-1781204755943-2767,AGN,78125.100,78125.100,78125.200,0.000,0.100,0.100
demo-1781204755926-2766,AGN,78108.600,78108.600,78108.700,0.000,0.100,0.100
demo-1781204755926-2765,RR Lyrae,78108.600,78108.600,78108.600,0.000,0.000,0.000
demo-1781204755926-2764,AGN,78108.500,78108.500,78108.600,0.000,0.100,0.100
demo-1781204755926-2763,Unknown,78108.400,78108.400,78108.500,0.000,0.100,0.100
demo-1781204755910-2762,Mira,78092.100,78092.100,78092.100,0.000,0.000,0.000
demo-1781204755910-2761,AGN,78092.000,78092.000,78092.100,0.000,0.100,0.100
demo-1781204755910-2760,AGN,78091.900,78091.900,78092.000,0.000,0.100,0.100
demo-1781204755909-2759,Unknown,78091.800,78091.800,78091.900,0.000,0.100,0.100
demo-1781204755893-2758,RR Lyrae,78075.400,78075.400,78075.600,0.000,0.200,0.200
demo-1781204755893-2757,Mira,78075.400,78075.400,78075.400,0.000,0.000,0.000
demo-1781204755893-2756,AGN,78075.300,78075.300,78075.400,0.000,0.100,0.100
demo-1781204755893-2755,RR Lyrae,78075.200,78075.200,78075.300,0.000,0.100,0.100
demo-1781204755878-2754,SN II,78060.500,78060.500,78060.600,0.000,0.100,0.100
demo-1781204755878-2753,Unknown,78060.400,78060.400,78060.400,0.000,0.000,0.000
demo-1781204755878-2752,AGN,78060.400,78060.400,78060.400,0.000,0.000,0.000
demo-1781204755878-2751,QSO,78060.300,78060.300,78060.400,0.000,0.100,0.100
demo-1781204755875-2750,Mira,78057.200,78057.200,78057.400,0.000,0.200,0.200
demo-1781204755875-2749,AGN,78057.200,78057.200,78057.200,0.000,0.000,0.000
demo-1781204755875-2748,Unknown,78057.100,78057.100,78057.200,0.000,0.100,0.100
demo-1781204755875-2747,RR Lyrae,78057.000,78057.000,78057.100,0.000,0.100,0.100
demo-1781204755827-2746,QSO,78009.100,78009.100,78009.200,0.000,0.100,0.100
demo-1781204755827-2745,LPV,78009.100,78009.100,78009.100,0.000,0.000,0.000
demo-1781204755827-2744,RR Lyrae,78008.900,78008.900,78009.100,0.000,0.200,0.200
demo-1781204755810-2743,RR Lyrae,77992.500,77992.500,77992.500,0.000,0.000,0.000
demo-1781204755810-2742,RR Lyrae,77992.300,77992.300,77992.500,0.000,0.200,0.200
demo-1781204755810-2741,Mira,77992.200,77992.200,77992.300,0.000,0.100,0.100
demo-1781204755794-2740,RR Lyrae,77975.900,77975.900,77976.000,0.000,0.100,0.100
demo-1781204755793-2739,RR Lyrae,77975.700,77975.700,77975.800,0.000,0.100,0.100
demo-1781204755793-2738,AGN,77975.700,77975.700,77975.700,0.000,0.000,0.000
demo-1781204755793-2737,Mira,77975.600,77975.600,77975.600,0.000,0.000,0.000
demo-1781204755777-2736,Unknown,77959.000,77959.000,77959.100,0.000,0.100,0.100
demo-1781204755777-2735,RR Lyrae,77958.800,77958.900,77959.000,0.100,0.100,0.200
demo-1781204755776-2734,RR Lyrae,77958.800,77958.800,77958.800,0.000,0.000,0.000
demo-1781204755760-2733,SN Ib,77942.300,77942.300,77942.400,0.000,0.100,0.100
demo-1781204755760-2732,AGN,77942.200,77942.200,77942.300,0.000,0.100,0.100
demo-1781204755760-2731,Unknown,77942.100,77942.100,77942.200,0.000,0.100,0.100
demo-1781204755743-2730,Mira,77925.400,77925.400,77925.500,0.000,0.100,0.100
demo-1781204755743-2729,RR Lyrae,77925.400,77925.400,77925.400,0.000,0.000,0.000
demo-1781204755743-2728,Mira,77925.300,77925.300,77925.400,0.000,0.100,0.100
demo-1781204755743-2727,RR Lyrae,77925.200,77925.200,77925.300,0.000,0.100,0.100
demo-1781204755726-2726,AGN,77908.900,77908.900,77908.900,0.000,0.000,0.000
demo-1781204755726-2725,LPV,77908.800,77908.800,77908.900,0.000,0.100,0.100
demo-1781204755726-2724,AGN,77908.600,77908.600,77908.800,0.000,0.200,0.200
demo-1781204755710-2723,Mira,77892.300,77892.300,77892.400,0.000,0.100,0.100
demo-1781204755710-2722,Cepheid,77892.300,77892.300,77892.300,0.000,0.000,0.000
demo-1781204755710-2721,Cepheid,77892.200,77892.200,77892.300,0.000,0.100,0.100
demo-1781204755693-2720,RR Lyrae,77875.600,77875.600,77875.700,0.000,0.100,0.100
demo-1781204755693-2719,AGN,77875.600,77875.600,77875.600,0.000,0.000,0.000
demo-1781204755693-2718,AGN,77875.500,77875.500,77875.600,0.000,0.100,0.100
demo-1781204755693-2717,RR Lyrae,77875.300,77875.300,77875.500,0.000,0.200,0.200
demo-1781204755676-2716,Unknown,77858.700,77858.700,77858.700,0.000,0.000,0.000
demo-1781204755676-2715,RR Lyrae,77858.600,77858.600,77858.700,0.000,0.100,0.100
demo-1781204755676-2714,Mira,77858.500,77858.500,77858.600,0.000,0.100,0.100
demo-1781204755676-2713,SN II,77858.500,77858.500,77858.500,0.000,0.000,0.000
demo-1781204755660-2712,AGN,77841.900,77841.900,77842.000,0.000,0.100,0.100
demo-1781204755660-2711,Mira,77841.800,77841.800,77841.900,0.000,0.100,0.100
demo-1781204755659-2710,SN Ia,77841.800,77841.800,77841.800,0.000,0.000,0.000
demo-1781204755659-2709,LPV,77841.700,77841.700,77841.800,0.000,0.100,0.100
demo-1781204755642-2708,AGN,77824.400,77824.400,77824.500,0.000,0.100,0.100
demo-1781204755642-2707,SN II,77824.300,77824.300,77824.400,0.000,0.100,0.100
demo-1781204755642-2706,RR Lyrae,77824.300,77824.300,77824.300,0.000,0.000,0.000
demo-1781204755642-2705,QSO,77824.100,77824.100,77824.300,0.000,0.200,0.200
demo-1781204755630-2704,SN Ia,77812.100,77812.100,77812.100,0.000,0.000,0.000
demo-1781204755630-2703,RR Lyrae,77812.100,77812.100,77812.100,0.000,0.000,0.000
demo-1781204755630-2702,RR Lyrae,77812.000,77812.000,77812.100,0.000,0.100,0.100
demo-1781204755630-2701,RR Lyrae,77811.900,77811.900,77812.000,0.000,0.100,0.100
demo-1781204755627-2700,Unknown,77809.000,77809.000,77809.000,0.000,0.000,0.000
demo-1781204755626-2699,RR Lyrae,77808.800,77808.800,77808.900,0.000,0.100,0.100
demo-1781204755626-2698,RR Lyrae,77808.700,77808.700,77808.800,0.000,0.100,0.100
demo-1781204755626-2697,QSO,77808.700,77808.700,77808.700,0.000,0.000,0.000
demo-1781204755577-2696,AGN,77759.300,77759.300,77759.400,0.000,0.100,0.100
demo-1781204755577-2695,Mira,77759.100,77759.100,77759.300,0.000,0.200,0.200
demo-1781204755577-2694,Unknown,77759.000,77759.100,77759.100,0.100,0.000,0.100
demo-1781204755560-2693,SN Ia,77742.400,77742.400,77742.600,0.000,0.200,0.200
demo-1781204755560-2692,SN II,77742.400,77742.400,77742.400,0.000,0.000,0.000
demo-1781204755560-2691,Mira,77742.100,77742.100,77742.300,0.000,0.200,0.200
demo-1781204755543-2690,AGN,77725.800,77725.800,77725.900,0.000,0.100,0.100
demo-1781204755543-2689,TDE,77725.800,77725.800,77725.800,0.000,0.000,0.000
demo-1781204755543-2688,AGN,77725.700,77725.700,77725.800,0.000,0.100,0.100
demo-1781204755543-2687,RR Lyrae,77725.500,77725.500,77725.600,0.000,0.100,0.100
demo-1781204755527-2686,QSO,77709.000,77709.000,77709.100,0.000,0.100,0.100
demo-1781204755527-2685,RR Lyrae,77708.900,77708.900,77708.900,0.000,0.000,0.000
demo-1781204755526-2684,SN Ib,77708.800,77708.800,77708.900,0.000,0.100,0.100
demo-1781204755510-2683,SN Ia,77692.300,77692.300,77692.400,0.000,0.100,0.100
demo-1781204755510-2682,Mira,77692.200,77692.200,77692.300,0.000,0.100,0.100
demo-1781204755510-2681,Unknown,77692.100,77692.100,77692.200,0.000,0.100,0.100
demo-1781204755493-2680,Mira,77675.700,77675.700,77675.700,0.000,0.000,0.000
demo-1781204755493-2679,RR Lyrae,77675.600,77675.600,77675.700,0.000,0.100,0.100
demo-1781204755493-2678,Mira,77675.500,77675.500,77675.600,0.000,0.100,0.100
demo-1781204755493-2677,RR Lyrae,77675.300,77675.300,77675.400,0.000,0.100,0.100
demo-1781204755476-2676,QSO,77658.700,77658.700,77658.800,0.000,0.100,0.100
demo-1781204755476-2675,Unknown,77658.700,77658.700,77658.700,0.000,0.000,0.000
demo-1781204755476-2674,SN Ic,77658.500,77658.600,77658.700,0.100,0.100,0.200
demo-1781204755460-2673,RR Lyrae,77642.100,77642.100,77642.100,0.000,0.000,0.000
demo-1781204755460-2672,RR Lyrae,77642.000,77642.000,77642.100,0.000,0.100,0.100
demo-1781204755460-2671,Mira,77641.800,77641.800,77642.000,0.000,0.200,0.200
demo-1781204755443-2670,RR Lyrae,77625.500,77625.500,77625.600,0.000,0.100,0.100
demo-1781204755443-2669,Mira,77625.500,77625.500,77625.500,0.000,0.000,0.000
demo-1781204755443-2668,AGN,77625.500,77625.500,77625.500,0.000,0.000,0.000
demo-1781204755443-2667,QSO,77625.300,77625.300,77625.500,0.000,0.200,0.200
demo-1781204755426-2666,RR Lyrae,77608.800,77608.800,77608.900,0.000,0.100,0.100
demo-1781204755426-2665,AGN,77608.700,77608.700,77608.800,0.000,0.100,0.100
demo-1781204755426-2664,Cepheid,77608.600,77608.700,77608.700,0.100,0.000,0.100
demo-1781204755426-2663,AGN,77608.400,77608.400,77608.600,0.000,0.200,0.200
demo-1781204755410-2662,RR Lyrae,77592.100,77592.100,77592.100,0.000,0.000,0.000
demo-1781204755410-2661,RR Lyrae,77591.900,77591.900,77592.100,0.000,0.200,0.200
demo-1781204755410-2660,Cepheid,77591.900,77591.900,77591.900,0.000,0.000,0.000
demo-1781204755409-2659,Mira,77591.900,77591.900,77591.900,0.000,0.000,0.000
demo-1781204755393-2658,SN II,77575.500,77575.500,77575.600,0.000,0.100,0.100
demo-1781204755393-2657,SN Ia,77575.400,77575.400,77575.400,0.000,0.000,0.000
demo-1781204755393-2656,AGN,77575.400,77575.400,77575.400,0.000,0.000,0.000
demo-1781204755393-2655,RR Lyrae,77575.300,77575.300,77575.300,0.000,0.000,0.000
demo-1781204755378-2654,AGN,77560.100,77560.100,77560.100,0.000,0.000,0.000
demo-1781204755378-2653,AGN,77560.100,77560.100,77560.100,0.000,0.000,0.000
demo-1781204755378-2652,Cepheid,77560.000,77560.000,77560.000,0.000,0.000,0.000
demo-1781204755378-2651,AGN,77559.900,77559.900,77560.000,0.000,0.100,0.100
demo-1781204755375-2650,RR Lyrae,77557.000,77557.000,77557.100,0.000,0.100,0.100
demo-1781204755375-2649,Unknown,77557.000,77557.000,77557.000,0.000,0.000,0.000
demo-1781204755375-2648,Unknown,77556.900,77556.900,77557.000,0.000,0.100,0.100
demo-1781204755374-2647,SN II,77556.800,77556.800,77556.900,0.000,0.100,0.100
demo-1781204755326-2646,AGN,77508.700,77508.700,77508.800,0.000,0.100,0.100
demo-1781204755326-2645,QSO,77508.600,77508.600,77508.700,0.000,0.100,0.100
demo-1781204755326-2644,RR Lyrae,77508.500,77508.600,77508.600,0.100,0.000,0.100
demo-1781204755310-2643,RR Lyrae,77492.500,77492.500,77492.600,0.000,0.100,0.100
demo-1781204755310-2642,AGN,77492.400,77492.400,77492.400,0.000,0.000,0.000
demo-1781204755310-2641,AGN,77492.200,77492.300,77492.300,0.100,0.000,0.100
demo-1781204755294-2640,Mira,77476.000,77476.000,77476.000,0.000,0.000,0.000
demo-1781204755294-2639,SN II,77475.900,77475.900,77476.000,0.000,0.100,0.100
demo-1781204755293-2638,Mira,77475.700,77475.700,77475.900,0.000,0.200,0.200
demo-1781204755293-2637,LPV,77475.600,77475.600,77475.700,0.000,0.100,0.100
demo-1781204755277-2636,RR Lyrae,77459.100,77459.100,77459.100,0.000,0.000,0.000
demo-1781204755277-2635,AGN,77458.900,77458.900,77459.000,0.000,0.100,0.100
demo-1781204755276-2634,Unknown,77458.800,77458.800,77458.800,0.000,0.000,0.000
demo-1781204755260-2633,QSO,77442.200,77442.200,77442.200,0.000,0.000,0.000
demo-1781204755260-2632,Cepheid,77442.100,77442.100,77442.200,0.000,0.100,0.100
demo-1781204755260-2631,RR Lyrae,77442.000,77442.000,77442.100,0.000,0.100,0.100
demo-1781204755243-2630,RR Lyrae,77425.500,77425.500,77425.600,0.000,0.100,0.100
demo-1781204755243-2629,Mira,77425.500,77425.500,77425.500,0.000,0.000,0.000
demo-1781204755243-2628,SN II,77425.400,77425.400,77425.500,0.000,0.100,0.100
demo-1781204755243-2627,AGN,77425.300,77425.300,77425.300,0.000,0.000,0.000
demo-1781204755226-2626,AGN,77408.800,77408.800,77408.900,0.000,0.100,0.100
demo-1781204755226-2625,Unknown,77408.700,77408.800,77408.800,0.100,0.000,0.100
demo-1781204755226-2624,RR Lyrae,77408.600,77408.600,77408.600,0.000,0.000,0.000
demo-1781204755210-2623,AGN,77392.100,77392.100,77392.100,0.000,0.000,0.000
demo-1781204755210-2622,RR Lyrae,77391.900,77391.900,77392.000,0.000,0.100,0.100
demo-1781204755210-2621,SN Ia,77391.800,77391.800,77391.900,0.000,0.100,0.100
demo-1781204755193-2620,Cepheid,77375.500,77375.500,77375.500,0.000,0.000,0.000
demo-1781204755193-2619,AGN,77375.400,77375.400,77375.500,0.000,0.100,0.100
demo-1781204755193-2618,QSO,77375.400,77375.400,77375.400,0.000,0.000,0.000
demo-1781204755193-2617,AGN,77375.200,77375.200,77375.400,0.000,0.200,0.200
demo-1781204755176-2616,RR Lyrae,77358.800,77358.800,77358.800,0.000,0.000,0.000
demo-1781204755176-2615,SN Ib,77358.800,77358.800,77358.800,0.000,0.000,0.000
demo-1781204755176-2614,Cepheid,77358.700,77358.700,77358.800,0.000,0.100,0.100
demo-1781204755176-2613,Mira,77358.600,77358.600,77358.700,0.000,0.100,0.100
demo-1781204755160-2612,RR Lyrae,77342.100,77342.100,77342.200,0.000,0.100,0.100
demo-1781204755160-2611,RR Lyrae,77342.000,77342.000,77342.100,0.000,0.100,0.100
demo-1781204755160-2610,RR Lyrae,77342.000,77342.000,77342.000,0.000,0.000,0.000
demo-1781204755159-2609,LPV,77341.800,77341.800,77342.000,0.000,0.200,0.200
demo-1781204755143-2608,Mira,77325.400,77325.400,77325.400,0.000,0.000,0.000
demo-1781204755143-2607,AGN,77325.300,77325.300,77325.400,0.000,0.100,0.100
demo-1781204755143-2606,AGN,77325.200,77325.200,77325.300,0.000,0.100,0.100
demo-1781204755143-2605,SN Ia,77325.100,77325.100,77325.200,0.000,0.100,0.100
demo-1781204755129-2604,Unknown,77311.300,77311.300,77311.300,0.000,0.000,0.000
demo-1781204755129-2603,QSO,77311.100,77311.100,77311.300,0.000,0.200,0.200
demo-1781204755129-2602,RR Lyrae,77311.100,77311.100,77311.100,0.000,0.000,0.000
demo-1781204755129-2601,AGN,77311.100,77311.100,77311.100,0.000,0.000,0.000
demo-1781204755126-2600,Unknown,77308.100,77308.100,77308.100,0.000,0.000,0.000
demo-1781204755126-2599,RR Lyrae,77308.000,77308.000,77308.100,0.000,0.100,0.100
demo-1781204755126-2598,RR Lyrae,77307.900,77307.900,77308.000,0.000,0.100,0.100
demo-1781204755125-2597,QSO,77307.900,77307.900,77307.900,0.000,0.000,0.000
demo-1781204755077-2596,AGN,77259.100,77259.100,77259.100,0.000,0.000,0.000
demo-1781204755077-2595,AGN,77258.900,77258.900,77259.000,0.000,0.100,0.100
demo-1781204755076-2594,AGN,77258.800,77258.800,77258.900,0.000,0.100,0.100
demo-1781204755060-2593,Unknown,77241.900,77241.900,77241.900,0.000,0.000,0.000
demo-1781204755059-2592,RR Lyrae,77241.800,77241.800,77241.900,0.000,0.100,0.100
demo-1781204755059-2591,RR Lyrae,77241.700,77241.700,77241.800,0.000,0.100,0.100
demo-1781204755059-2590,Mira,77241.700,77241.700,77241.700,0.000,0.000,0.000
demo-1781204755042-2589,RR Lyrae,77224.600,77224.600,77224.600,0.000,0.000,0.000
demo-1781204755042-2588,Mira,77224.500,77224.500,77224.600,0.000,0.100,0.100
demo-1781204755042-2587,RR Lyrae,77224.300,77224.300,77224.400,0.000,0.100,0.100
demo-1781204755032-2586,RR Lyrae,77214.400,77214.400,77214.400,0.000,0.000,0.000
demo-1781204755032-2585,SN Ic,77214.300,77214.300,77214.400,0.000,0.100,0.100
demo-1781204755032-2584,RR Lyrae,77214.100,77214.200,77214.200,0.100,0.000,0.100
demo-1781204755010-2583,QSO,77192.100,77192.100,77192.300,0.000,0.200,0.200
demo-1781204755010-2582,AGN,77192.100,77192.100,77192.100,0.000,0.000,0.000
demo-1781204755010-2581,AGN,77192.000,77192.000,77192.100,0.000,0.100,0.100
demo-1781204754993-2580,RR Lyrae,77175.500,77175.500,77175.600,0.000,0.100,0.100
demo-1781204754993-2579,AGN,77175.500,77175.500,77175.500,0.000,0.000,0.000
demo-1781204754993-2578,AGN,77175.400,77175.400,77175.500,0.000,0.100,0.100
demo-1781204754993-2577,SN II,77175.300,77175.300,77175.400,0.000,0.100,0.100
demo-1781204754976-2576,RR Lyrae,77158.600,77158.600,77158.700,0.000,0.100,0.100
demo-1781204754976-2575,AGN,77158.500,77158.500,77158.600,0.000,0.100,0.100
demo-1781204754976-2574,Unknown,77158.400,77158.400,77158.500,0.000,0.100,0.100
demo-1781204754960-2573,LPV,77141.900,77141.900,77142.000,0.000,0.100,0.100
demo-1781204754959-2572,AGN,77141.800,77141.800,77141.900,0.000,0.100,0.100
demo-1781204754959-2571,RR Lyrae,77141.700,77141.700,77141.800,0.000,0.100,0.100
demo-1781204754943-2570,RR Lyrae,77125.400,77125.400,77125.400,0.000,0.000,0.000
demo-1781204754943-2569,RR Lyrae,77125.300,77125.300,77125.400,0.000,0.100,0.100
demo-1781204754943-2568,AGN,77125.200,77125.200,77125.300,0.000,0.100,0.100
demo-1781204754943-2567,Mira,77125.200,77125.200,77125.200,0.000,0.000,0.000
demo-1781204754926-2566,AGN,77108.800,77108.800,77108.800,0.000,0.000,0.000
demo-1781204754926-2565,QSO,77108.700,77108.700,77108.800,0.000,0.100,0.100
demo-1781204754926-2564,RR Lyrae,77108.600,77108.600,77108.700,0.000,0.100,0.100
demo-1781204754926-2563,Mira,77108.500,77108.600,77108.600,0.100,0.000,0.100
demo-1781204754910-2562,AGN,77092.100,77092.100,77092.100,0.000,0.000,0.000
demo-1781204754910-2561,RR Lyrae,77092.000,77092.000,77092.000,0.000,0.000,0.000
demo-1781204754910-2560,RR Lyrae,77091.900,77091.900,77092.000,0.000,0.100,0.100
demo-1781204754910-2559,AGN,77091.900,77091.900,77091.900,0.000,0.000,0.000
demo-1781204754893-2558,Mira,77075.500,77075.500,77075.700,0.000,0.200,0.200
demo-1781204754893-2557,AGN,77075.500,77075.500,77075.500,0.000,0.000,0.000
demo-1781204754893-2556,RR Lyrae,77075.400,77075.400,77075.500,0.000,0.100,0.100
demo-1781204754893-2555,RR Lyrae,77075.300,77075.300,77075.400,0.000,0.100,0.100
demo-1781204754881-2554,RR Lyrae,77063.500,77063.500,77063.500,0.000,0.000,0.000
demo-1781204754881-2553,RR Lyrae,77063.400,77063.400,77063.500,0.000,0.100,0.100
demo-1781204754881-2552,RR Lyrae,77063.300,77063.300,77063.400,0.000,0.100,0.100
demo-1781204754881-2551,AGN,77063.300,77063.300,77063.300,0.000,0.000,0.000
demo-1781204754878-2550,AGN,77060.300,77060.300,77060.400,0.000,0.100,0.100
demo-1781204754878-2549,Mira,77060.200,77060.200,77060.300,0.000,0.100,0.100
demo-1781204754878-2548,SN II,77060.200,77060.200,77060.200,0.000,0.000,0.000
demo-1781204754878-2547,AGN,77060.000,77060.000,77060.200,0.000,0.200,0.200
demo-1781204754827-2546,AGN,77009.400,77009.400,77009.500,0.000,0.100,0.100
demo-1781204754827-2545,SN II,77009.200,77009.200,77009.400,0.000,0.200,0.200
demo-1781204754827-2544,SN II,77009.100,77009.200,77009.200,0.100,0.000,0.100
demo-1781204754810-2543,RR Lyrae,76992.600,76992.600,76992.800,0.000,0.200,0.200
demo-1781204754810-2542,RR Lyrae,76992.500,76992.500,76992.600,0.000,0.100,0.100
demo-1781204754810-2541,RR Lyrae,76992.400,76992.400,76992.500,0.000,0.100,0.100
demo-1781204754794-2540,RR Lyrae,76976.200,76976.200,76976.200,0.000,0.000,0.000
demo-1781204754794-2539,AGN,76976.100,76976.100,76976.200,0.000,0.100,0.100
demo-1781204754794-2538,RR Lyrae,76976.000,76976.000,76976.100,0.000,0.100,0.100
demo-1781204754794-2537,QSO,76975.900,76975.900,76976.000,0.000,0.100,0.100
demo-1781204754777-2536,RR Lyrae,76959.400,76959.400,76959.400,0.000,0.000,0.000
demo-1781204754777-2535,RR Lyrae,76959.200,76959.300,76959.300,0.100,0.000,0.100
demo-1781204754777-2534,SN II,76959.100,76959.100,76959.200,0.000,0.100,0.100
demo-1781204754760-2533,Unknown,76942.400,76942.400,76942.400,0.000,0.000,0.000
demo-1781204754760-2532,Unknown,76942.300,76942.300,76942.400,0.000,0.100,0.100
demo-1781204754760-2531,Mira,76942.100,76942.100,76942.300,0.000,0.200,0.200
demo-1781204754743-2530,RR Lyrae,76925.700,76925.700,76925.800,0.000,0.100,0.100
demo-1781204754743-2529,SN Ia,76925.700,76925.700,76925.700,0.000,0.000,0.000
demo-1781204754743-2528,Unknown,76925.500,76925.500,76925.700,0.000,0.200,0.200
demo-1781204754743-2527,AGN,76925.400,76925.400,76925.500,0.000,0.100,0.100
demo-1781204754726-2526,Mira,76908.800,76908.800,76908.800,0.000,0.000,0.000
demo-1781204754726-2525,AGN,76908.700,76908.700,76908.800,0.000,0.100,0.100
demo-1781204754726-2524,SN II,76908.500,76908.500,76908.700,0.000,0.200,0.200
demo-1781204754710-2523,Mira,76891.800,76891.800,76891.900,0.000,0.100,0.100
demo-1781204754709-2522,RR Lyrae,76891.800,76891.800,76891.800,0.000,0.000,0.000
demo-1781204754709-2521,Mira,76891.700,76891.700,76891.800,0.000,0.100,0.100
demo-1781204754693-2520,Unknown,76875.300,76875.300,76875.400,0.000,0.100,0.100
demo-1781204754693-2519,Cepheid,76875.200,76875.200,76875.300,0.000,0.100,0.100
demo-1781204754693-2518,RR Lyrae,76875.100,76875.100,76875.200,0.000,0.100,0.100
demo-1781204754693-2517,AGN,76875.100,76875.100,76875.100,0.000,0.000,0.000
demo-1781204754676-2516,RR Lyrae,76858.700,76858.700,76858.800,0.000,0.100,0.100
demo-1781204754676-2515,RR Lyrae,76858.600,76858.600,76858.700,0.000,0.100,0.100
demo-1781204754676-2514,RR Lyrae,76858.600,76858.600,76858.600,0.000,0.000,0.000
demo-1781204754676-2513,QSO,76858.400,76858.500,76858.600,0.100,0.100,0.200
demo-1781204754659-2512,AGN,76841.700,76841.700,76841.700,0.000,0.000,0.000
demo-1781204754659-2511,Unknown,76841.600,76841.600,76841.600,0.000,0.000,0.000
demo-1781204754659-2510,RR Lyrae,76841.500,76841.500,76841.600,0.000,0.100,0.100
demo-1781204754659-2509,AGN,76841.500,76841.500,76841.500,0.000,0.000,0.000
demo-1781204754643-2508,RR Lyrae,76825.400,76825.400,76825.500,0.000,0.100,0.100
demo-1781204754643-2507,Cepheid,76825.400,76825.400,76825.400,0.000,0.000,0.000
demo-1781204754643-2506,AGN,76825.300,76825.300,76825.300,0.000,0.000,0.000
demo-1781204754643-2505,Cepheid,76825.300,76825.300,76825.300,0.000,0.000,0.000
demo-1781204754630-2504,Cepheid,76812.400,76812.400,76812.400,0.000,0.000,0.000
demo-1781204754630-2503,RR Lyrae,76812.300,76812.300,76812.300,0.000,0.000,0.000
demo-1781204754630-2502,Unknown,76812.200,76812.300,76812.300,0.100,0.000,0.100
demo-1781204754630-2501,Mira,76812.100,76812.100,76812.200,0.000,0.100,0.100
demo-1781204754627-2500,AGN,76809.000,76809.000,76809.100,0.000,0.100,0.100
demo-1781204754627-2499,SN Ib,76809.000,76809.000,76809.000,0.000,0.000,0.000
demo-1781204754627-2498,LPV,76808.900,76808.900,76809.000,0.000,0.100,0.100
demo-1781204754626-2497,AGN,76808.800,76808.800,76808.800,0.000,0.000,0.000
demo-1781204754577-2496,AGN,76759.400,76759.400,76759.500,0.000,0.100,0.100
demo-1781204754577-2495,Mira,76759.300,76759.300,76759.400,0.000,0.100,0.100
demo-1781204754577-2494,AGN,76759.100,76759.200,76759.300,0.100,0.100,0.200
demo-1781204754560-2493,Mira,76742.300,76742.300,76742.400,0.000,0.100,0.100
demo-1781204754560-2492,RR Lyrae,76742.200,76742.200,76742.300,0.000,0.100,0.100
demo-1781204754560-2491,AGN,76742.100,76742.100,76742.200,0.000,0.100,0.100
demo-1781204754543-2490,AGN,76725.800,76725.800,76725.800,0.000,0.000,0.000
demo-1781204754543-2489,Mira,76725.700,76725.700,76725.800,0.000,0.100,0.100
demo-1781204754543-2488,AGN,76725.600,76725.600,76725.700,0.000,0.100,0.100
demo-1781204754543-2487,AGN,76725.500,76725.500,76725.600,0.000,0.100,0.100
demo-1781204754527-2486,RR Lyrae,76709.200,76709.200,76709.200,0.000,0.000,0.000
demo-1781204754527-2485,AGN,76709.100,76709.100,76709.200,0.000,0.100,0.100
demo-1781204754527-2484,Cepheid,76708.900,76708.900,76709.100,0.000,0.200,0.200
demo-1781204754510-2483,RR Lyrae,76692.300,76692.300,76692.300,0.000,0.000,0.000
demo-1781204754510-2482,RR Lyrae,76692.200,76692.200,76692.300,0.000,0.100,0.100
demo-1781204754510-2481,SN Ia,76692.100,76692.100,76692.200,0.000,0.100,0.100
demo-1781204754493-2480,QSO,76675.600,76675.600,76675.700,0.000,0.100,0.100
demo-1781204754493-2479,RR Lyrae,76675.500,76675.500,76675.600,0.000,0.100,0.100
demo-1781204754493-2478,AGN,76675.500,76675.500,76675.500,0.000,0.000,0.000
demo-1781204754493-2477,Mira,76675.300,76675.300,76675.500,0.000,0.200,0.200
demo-1781204754476-2476,AGN,76658.800,76658.800,76658.900,0.000,0.100,0.100
demo-1781204754476-2475,Unknown,76658.700,76658.700,76658.800,0.000,0.100,0.100
demo-1781204754476-2474,Mira,76658.500,76658.500,76658.600,0.000,0.100,0.100
demo-1781204754460-2473,SN Ia,76641.800,76641.800,76641.900,0.000,0.100,0.100
demo-1781204754459-2472,Mira,76641.800,76641.800,76641.800,0.000,0.000,0.000
demo-1781204754459-2471,RR Lyrae,76641.700,76641.800,76641.800,0.100,0.000,0.100
demo-1781204754443-2470,Cepheid,76625.400,76625.400,76625.500,0.000,0.100,0.100
demo-1781204754443-2469,RR Lyrae,76625.300,76625.300,76625.400,0.000,0.100,0.100
demo-1781204754443-2468,RR Lyrae,76625.300,76625.300,76625.300,0.000,0.000,0.000
demo-1781204754443-2467,LPV,76625.100,76625.100,76625.300,0.000,0.200,0.200
demo-1781204754426-2466,RR Lyrae,76608.500,76608.500,76608.700,0.000,0.200,0.200
demo-1781204754426-2465,Mira,76608.500,76608.500,76608.500,0.000,0.000,0.000
demo-1781204754426-2464,QSO,76608.400,76608.400,76608.500,0.000,0.100,0.100
demo-1781204754426-2463,Mira,76608.400,76608.400,76608.400,0.000,0.000,0.000
demo-1781204754410-2462,RR Lyrae,76592.000,76592.000,76592.000,0.000,0.000,0.000
demo-1781204754410-2461,Mira,76591.900,76591.900,76592.000,0.000,0.100,0.100
demo-1781204754410-2460,SN Ia,76591.900,76591.900,76591.900,0.000,0.000,0.000
demo-1781204754409-2459,RR Lyrae,76591.700,76591.700,76591.900,0.000,0.200,0.200
demo-1781204754393-2458,RR Lyrae,76575.000,76575.000,76575.100,0.000,0.100,0.100
demo-1781204754393-2457,LPV,76575.000,76575.000,76575.000,0.000,0.000,0.000
demo-1781204754393-2456,AGN,76574.900,76574.900,76575.000,0.000,0.100,0.100
demo-1781204754392-2455,Mira,76574.800,76574.800,76574.900,0.000,0.100,0.100
demo-1781204754377-2454,Mira,76559.400,76559.400,76559.500,0.000,0.100,0.100
demo-1781204754377-2453,AGN,76559.300,76559.300,76559.400,0.000,0.100,0.100
demo-1781204754377-2452,RR Lyrae,76559.300,76559.300,76559.300,0.000,0.000,0.000
demo-1781204754377-2451,Unknown,76559.200,76559.200,76559.300,0.000,0.100,0.100
demo-1781204754374-2450,Unknown,76556.200,76556.200,76556.300,0.000,0.100,0.100
demo-1781204754374-2449,Unknown,76556.200,76556.200,76556.200,0.000,0.000,0.000
demo-1781204754374-2448,RR Lyrae,76556.100,76556.100,76556.200,0.000,0.100,0.100
demo-1781204754374-2447,RR Lyrae,76556.000,76556.000,76556.100,0.000,0.100,0.100
demo-1781204754327-2446,RR Lyrae,76509.000,76509.000,76509.000,0.000,0.000,0.000
demo-1781204754326-2445,Mira,76508.900,76508.900,76509.000,0.000,0.100,0.100
demo-1781204754326-2444,RR Lyrae,76508.800,76508.800,76508.800,0.000,0.000,0.000
demo-1781204754310-2443,AGN,76492.200,76492.300,76492.400,0.100,0.100,0.200
demo-1781204754310-2442,Mira,76492.200,76492.200,76492.200,0.000,0.000,0.000
demo-1781204754310-2441,SN Ia,76492.100,76492.100,76492.200,0.000,0.100,0.100
demo-1781204754293-2440,RR Lyrae,76475.800,76475.800,76475.800,0.000,0.000,0.000
demo-1781204754293-2439,RR Lyrae,76475.700,76475.700,76475.800,0.000,0.100,0.100
demo-1781204754293-2438,Cepheid,76475.600,76475.600,76475.700,0.000,0.100,0.100
demo-1781204754293-2437,AGN,76475.500,76475.500,76475.600,0.000,0.100,0.100
demo-1781204754277-2436,RR Lyrae,76459.000,76459.000,76459.000,0.000,0.000,0.000
demo-1781204754277-2435,RR Lyrae,76458.800,76458.800,76459.000,0.000,0.200,0.200
demo-1781204754276-2434,AGN,76458.700,76458.800,76458.800,0.100,0.000,0.100
demo-1781204754260-2433,Unknown,76442.300,76442.300,76442.400,0.000,0.100,0.100
demo-1781204754260-2432,SN II,76442.200,76442.200,76442.300,0.000,0.100,0.100
demo-1781204754260-2431,SN Ia,76442.100,76442.100,76442.200,0.000,0.100,0.100
demo-1781204754243-2430,Unknown,76425.700,76425.700,76425.700,0.000,0.000,0.000
demo-1781204754243-2429,Unknown,76425.600,76425.600,76425.700,0.000,0.100,0.100
demo-1781204754243-2428,SN II,76425.500,76425.500,76425.500,0.000,0.000,0.000
demo-1781204754243-2427,AGN,76425.400,76425.400,76425.500,0.000,0.100,0.100
demo-1781204754226-2426,AGN,76408.800,76408.800,76408.900,0.000,0.100,0.100
demo-1781204754226-2425,RR Lyrae,76408.700,76408.700,76408.800,0.000,0.100,0.100
demo-1781204754226-2424,RR Lyrae,76408.600,76408.600,76408.700,0.000,0.100,0.100
demo-1781204754210-2423,RR Lyrae,76391.900,76391.900,76392.000,0.000,0.100,0.100
demo-1781204754209-2422,Unknown,76391.800,76391.800,76391.900,0.000,0.100,0.100
demo-1781204754209-2421,RR Lyrae,76391.800,76391.800,76391.800,0.000,0.000,0.000
demo-1781204754193-2420,QSO,76375.300,76375.300,76375.300,0.000,0.000,0.000
demo-1781204754193-2419,SN Ia,76375.200,76375.200,76375.300,0.000,0.100,0.100
demo-1781204754193-2418,QSO,76375.100,76375.100,76375.200,0.000,0.100,0.100
demo-1781204754193-2417,RR Lyrae,76375.100,76375.100,76375.100,0.000,0.000,0.000
demo-1781204754176-2416,SN Ia,76358.600,76358.600,76358.600,0.000,0.000,0.000
demo-1781204754176-2415,RR Lyrae,76358.600,76358.600,76358.600,0.000,0.000,0.000
demo-1781204754176-2414,Mira,76358.500,76358.600,76358.600,0.100,0.000,0.100
demo-1781204754176-2413,SN II,76358.400,76358.400,76358.500,0.000,0.100,0.100
demo-1781204754160-2412,SN Ia,76342.000,76342.000,76342.100,0.000,0.100,0.100
demo-1781204754160-2411,RR Lyrae,76342.000,76342.000,76342.000,0.000,0.000,0.000
demo-1781204754160-2410,AGN,76341.800,76341.800,76342.000,0.000,0.200,0.200
demo-1781204754159-2409,Mira,76341.700,76341.800,76341.800,0.100,0.000,0.100
demo-1781204754144-2408,RR Lyrae,76326.000,76326.000,76326.000,0.000,0.000,0.000
demo-1781204754144-2407,RR Lyrae,76325.900,76326.000,76326.000,0.100,0.000,0.100
demo-1781204754143-2406,AGN,76325.800,76325.800,76325.900,0.000,0.100,0.100
demo-1781204754143-2405,SN Ia,76325.700,76325.700,76325.800,0.000,0.100,0.100
demo-1781204754129-2404,RR Lyrae,76311.000,76311.000,76311.000,0.000,0.000,0.000
demo-1781204754129-2403,Mira,76310.900,76310.900,76311.000,0.000,0.100,0.100
demo-1781204754129-2402,Mira,76310.900,76310.900,76310.900,0.000,0.000,0.000
demo-1781204754128-2401,RR Lyrae,76310.800,76310.800,76310.800,0.000,0.000,0.000
demo-1781204754125-2400,LPV,76307.800,76307.800,76307.800,0.000,0.000,0.000
demo-1781204754125-2399,RR Lyrae,76307.700,76307.700,76307.800,0.000,0.100,0.100
demo-1781204754125-2398,QSO,76307.600,76307.600,76307.700,0.000,0.100,0.100
demo-1781204754125-2397,Mira,76307.600,76307.600,76307.600,0.000,0.000,0.000
demo-1781204754076-2396,Mira,76258.800,76258.800,76258.900,0.000,0.100,0.100
demo-1781204754076-2395,Unknown,76258.700,76258.700,76258.800,0.000,0.100,0.100
demo-1781204754076-2394,RR Lyrae,76258.600,76258.600,76258.700,0.000,0.100,0.100
demo-1781204754060-2393,SN II,76242.100,76242.100,76242.100,0.000,0.000,0.000
demo-1781204754060-2392,RR Lyrae,76242.000,76242.000,76242.100,0.000,0.100,0.100
demo-1781204754060-2391,Mira,76241.900,76242.000,76242.000,0.100,0.000,0.100
demo-1781204754043-2390,AGN,76225.700,76225.700,76225.700,0.000,0.000,0.000
demo-1781204754043-2389,SN Ib,76225.600,76225.600,76225.700,0.000,0.100,0.100
demo-1781204754043-2388,SN Ia,76225.400,76225.400,76225.600,0.000,0.200,0.200
demo-1781204754043-2387,Unknown,76225.200,76225.200,76225.400,0.000,0.200,0.200
demo-1781204754032-2386,Unknown,76214.000,76214.000,76214.100,0.000,0.100,0.100
demo-1781204754032-2385,LPV,76213.900,76213.900,76214.000,0.000,0.100,0.100
demo-1781204754031-2384,Cepheid,76213.800,76213.800,76213.900,0.000,0.100,0.100
demo-1781204754010-2383,RR Lyrae,76192.300,76192.300,76192.300,0.000,0.000,0.000
demo-1781204754010-2382,RR Lyrae,76192.100,76192.100,76192.200,0.000,0.100,0.100
demo-1781204754010-2381,RR Lyrae,76192.000,76192.000,76192.100,0.000,0.100,0.100
demo-1781204753994-2380,AGN,76175.900,76175.900,76176.000,0.000,0.100,0.100
demo-1781204753993-2379,SN Ia,76175.800,76175.800,76175.900,0.000,0.100,0.100
demo-1781204753993-2378,RR Lyrae,76175.700,76175.700,76175.800,0.000,0.100,0.100
demo-1781204753993-2377,LPV,76175.500,76175.500,76175.700,0.000,0.200,0.200
demo-1781204753976-2376,RR Lyrae,76158.800,76158.800,76159.000,0.000,0.200,0.200
demo-1781204753976-2375,RR Lyrae,76158.700,76158.700,76158.800,0.000,0.100,0.100
demo-1781204753976-2374,RR Lyrae,76158.700,76158.700,76158.700,0.000,0.000,0.000
demo-1781204753960-2373,AGN,76142.100,76142.100,76142.200,0.000,0.100,0.100
demo-1781204753960-2372,SN Ia,76142.000,76142.000,76142.100,0.000,0.100,0.100
demo-1781204753960-2371,RR Lyrae,76141.900,76141.900,76142.000,0.000,0.100,0.100
demo-1781204753943-2370,RR Lyrae,76125.200,76125.200,76125.300,0.000,0.100,0.100
demo-1781204753943-2369,QSO,76125.100,76125.100,76125.100,0.000,0.000,0.000
demo-1781204753943-2368,AGN,76125.100,76125.100,76125.100,0.000,0.000,0.000
demo-1781204753943-2367,Unknown,76125.000,76125.000,76125.100,0.000,0.100,0.100
demo-1781204753926-2366,RR Lyrae,76108.500,76108.600,76108.600,0.100,0.000,0.100
demo-1781204753926-2365,Cepheid,76108.500,76108.500,76108.500,0.000,0.000,0.000
demo-1781204753926-2364,RR Lyrae,76108.500,76108.500,76108.500,0.000,0.000,0.000
demo-1781204753926-2363,AGN,76108.400,76108.400,76108.400,0.000,0.000,0.000
demo-1781204753910-2362,QSO,76091.900,76091.900,76091.900,0.000,0.000,0.000
demo-1781204753909-2361,QSO,76091.800,76091.800,76091.900,0.000,0.100,0.100
demo-1781204753909-2360,RR Lyrae,76091.800,76091.800,76091.800,0.000,0.000,0.000
demo-1781204753909-2359,RR Lyrae,76091.700,76091.700,76091.800,0.000,0.100,0.100
demo-1781204753893-2358,Mira,76075.200,76075.200,76075.400,0.000,0.200,0.200
demo-1781204753893-2357,SN II,76075.200,76075.200,76075.200,0.000,0.000,0.000
demo-1781204753893-2356,SN Ia,76075.200,76075.200,76075.200,0.000,0.000,0.000
demo-1781204753893-2355,RR Lyrae,76075.100,76075.100,76075.200,0.000,0.100,0.100
demo-1781204753879-2354,Cepheid,76061.100,76061.100,76061.100,0.000,0.000,0.000
demo-1781204753879-2353,RR Lyrae,76061.000,76061.000,76061.100,0.000,0.100,0.100
demo-1781204753879-2352,Mira,76060.900,76060.900,76061.000,0.000,0.100,0.100
demo-1781204753879-2351,RR Lyrae,76060.900,76060.900,76060.900,0.000,0.000,0.000
demo-1781204753876-2350,SN Ic,76058.100,76058.100,76058.100,0.000,0.000,0.000
demo-1781204753876-2349,SN Ia,76058.000,76058.000,76058.100,0.000,0.100,0.100
demo-1781204753876-2348,RR Lyrae,76058.000,76058.000,76058.000,0.000,0.000,0.000
demo-1781204753876-2347,RR Lyrae,76057.900,76057.900,76058.000,0.000,0.100,0.100
demo-1781204753827-2346,Unknown,76009.200,76009.200,76009.200,0.000,0.000,0.000
demo-1781204753827-2345,RR Lyrae,76009.000,76009.000,76009.200,0.000,0.200,0.200
demo-1781204753826-2344,AGN,76008.800,76008.800,76009.000,0.000,0.200,0.200
demo-1781204753810-2343,AGN,75992.500,75992.500,75992.700,0.000,0.200,0.200
demo-1781204753810-2342,RR Lyrae,75992.500,75992.500,75992.500,0.000,0.000,0.000
demo-1781204753810-2341,RR Lyrae,75992.300,75992.300,75992.500,0.000,0.200,0.200
demo-1781204753793-2340,RR Lyrae,75975.600,75975.600,75975.700,0.000,0.100,0.100
demo-1781204753793-2339,Mira,75975.600,75975.600,75975.600,0.000,0.000,0.000
demo-1781204753793-2338,Cepheid,75975.500,75975.500,75975.600,0.000,0.100,0.100
demo-1781204753793-2337,RR Lyrae,75975.400,75975.400,75975.500,0.000,0.100,0.100
demo-1781204753777-2336,RR Lyrae,75958.900,75958.900,75958.900,0.000,0.000,0.000
demo-1781204753776-2335,RR Lyrae,75958.700,75958.700,75958.900,0.000,0.200,0.200
demo-1781204753776-2334,Cepheid,75958.600,75958.700,75958.700,0.100,0.000,0.100
demo-1781204753760-2333,AGN,75942.300,75942.300,75942.300,0.000,0.000,0.000
demo-1781204753760-2332,Unknown,75942.200,75942.200,75942.300,0.000,0.100,0.100
demo-1781204753760-2331,SN II,75942.100,75942.100,75942.200,0.000,0.100,0.100
demo-1781204753743-2330,Mira,75925.600,75925.600,75925.600,0.000,0.000,0.000
demo-1781204753743-2329,LPV,75925.500,75925.500,75925.600,0.000,0.100,0.100
demo-1781204753743-2328,AGN,75925.400,75925.400,75925.500,0.000,0.100,0.100
demo-1781204753743-2327,AGN,75925.200,75925.200,75925.400,0.000,0.200,0.200
demo-1781204753726-2326,SN II,75908.300,75908.300,75908.300,0.000,0.000,0.000
demo-1781204753726-2325,RR Lyrae,75908.200,75908.300,75908.300,0.100,0.000,0.100
demo-1781204753726-2324,LPV,75908.200,75908.200,75908.200,0.000,0.000,0.000
demo-1781204753710-2323,Mira,75892.000,75892.000,75892.100,0.000,0.100,0.100
demo-1781204753710-2322,Mira,75891.900,75891.900,75892.000,0.000,0.100,0.100
demo-1781204753709-2321,LPV,75891.900,75891.900,75891.900,0.000,0.000,0.000
demo-1781204753693-2320,RR Lyrae,75875.500,75875.500,75875.500,0.000,0.000,0.000
demo-1781204753693-2319,Mira,75875.400,75875.400,75875.400,0.000,0.000,0.000
demo-1781204753693-2318,Mira,75875.300,75875.300,75875.300,0.000,0.000,0.000
demo-1781204753693-2317,SN II,75875.200,75875.200,75875.200,0.000,0.000,0.000
demo-1781204753676-2316,Unknown,75858.700,75858.700,75858.700,0.000,0.000,0.000
demo-1781204753676-2315,AGN,75858.600,75858.600,75858.700,0.000,0.100,0.100
demo-1781204753676-2314,Mira,75858.500,75858.500,75858.600,0.000,0.100,0.100
demo-1781204753676-2313,AGN,75858.400,75858.400,75858.500,0.000,0.100,0.100
demo-1781204753660-2312,SN II,75841.900,75841.900,75842.100,0.000,0.200,0.200
demo-1781204753660-2311,Unknown,75841.900,75841.900,75841.900,0.000,0.000,0.000
demo-1781204753659-2310,LPV,75841.800,75841.800,75841.900,0.000,0.100,0.100
demo-1781204753659-2309,AGN,75841.700,75841.700,75841.800,0.000,0.100,0.100
demo-1781204753643-2308,Mira,75825.300,75825.300,75825.400,0.000,0.100,0.100
demo-1781204753643-2307,SN Ib,75825.300,75825.300,75825.300,0.000,0.000,0.000
demo-1781204753643-2306,AGN,75825.200,75825.200,75825.200,0.000,0.000,0.000
demo-1781204753643-2305,AGN,75825.100,75825.100,75825.200,0.000,0.100,0.100
demo-1781204753629-2304,RR Lyrae,75811.700,75811.700,75811.800,0.000,0.100,0.100
demo-1781204753629-2303,AGN,75811.700,75811.700,75811.700,0.000,0.000,0.000
demo-1781204753629-2302,QSO,75811.600,75811.600,75811.700,0.000,0.100,0.100
demo-1781204753629-2301,RR Lyrae,75811.500,75811.500,75811.600,0.000,0.100,0.100
demo-1781204753626-2300,AGN,75808.600,75808.600,75808.700,0.000,0.100,0.100
demo-1781204753626-2299,SN II,75808.500,75808.600,75808.600,0.100,0.000,0.100
demo-1781204753626-2298,SN Ia,75808.500,75808.500,75808.500,0.000,0.000,0.000
demo-1781204753626-2297,QSO,75808.400,75808.400,75808.400,0.000,0.000,0.000
demo-1781204753577-2296,Cepheid,75759.100,75759.100,75759.200,0.000,0.100,0.100
demo-1781204753577-2295,Mira,75759.000,75759.000,75759.100,0.000,0.100,0.100
demo-1781204753576-2294,AGN,75758.800,75758.900,75759.000,0.100,0.100,0.200
demo-1781204753560-2293,RR Lyrae,75742.300,75742.300,75742.500,0.000,0.200,0.200
demo-1781204753560-2292,AGN,75742.200,75742.200,75742.300,0.000,0.100,0.100
demo-1781204753560-2291,RR Lyrae,75742.000,75742.000,75742.100,0.000,0.100,0.100
demo-1781204753543-2290,AGN,75725.600,75725.600,75725.700,0.000,0.100,0.100
demo-1781204753543-2289,AGN,75725.400,75725.400,75725.500,0.000,0.100,0.100
demo-1781204753543-2288,AGN,75725.400,75725.400,75725.400,0.000,0.000,0.000
demo-1781204753543-2287,AGN,75725.300,75725.300,75725.400,0.000,0.100,0.100
demo-1781204753526-2286,RR Lyrae,75708.700,75708.800,75708.800,0.100,0.000,0.100
demo-1781204753526-2285,SN Ia,75708.700,75708.700,75708.700,0.000,0.000,0.000
demo-1781204753526-2284,RR Lyrae,75708.600,75708.600,75708.700,0.000,0.100,0.100
demo-1781204753510-2283,AGN,75691.900,75691.900,75692.100,0.000,0.200,0.200
demo-1781204753510-2282,Unknown,75691.900,75691.900,75691.900,0.000,0.000,0.000
demo-1781204753509-2281,SN Ic,75691.800,75691.800,75691.900,0.000,0.100,0.100
demo-1781204753493-2280,Unknown,75675.400,75675.400,75675.400,0.000,0.000,0.000
demo-1781204753493-2279,RR Lyrae,75675.300,75675.300,75675.300,0.000,0.000,0.000
demo-1781204753493-2278,Mira,75675.300,75675.300,75675.300,0.000,0.000,0.000
demo-1781204753493-2277,RR Lyrae,75675.100,75675.100,75675.200,0.000,0.100,0.100
demo-1781204753476-2276,AGN,75658.600,75658.600,75658.700,0.000,0.100,0.100
demo-1781204753476-2275,RR Lyrae,75658.600,75658.600,75658.600,0.000,0.000,0.000
demo-1781204753476-2274,AGN,75658.500,75658.500,75658.600,0.000,0.100,0.100
demo-1781204753459-2273,AGN,75641.600,75641.600,75641.700,0.000,0.100,0.100
demo-1781204753459-2272,RR Lyrae,75641.500,75641.500,75641.600,0.000,0.100,0.100
demo-1781204753459-2271,RR Lyrae,75641.400,75641.500,75641.500,0.100,0.000,0.100
demo-1781204753443-2270,RR Lyrae,75625.400,75625.400,75625.400,0.000,0.000,0.000
demo-1781204753443-2269,AGN,75625.300,75625.300,75625.400,0.000,0.100,0.100
demo-1781204753443-2268,Mira,75625.300,75625.300,75625.300,0.000,0.000,0.000
demo-1781204753443-2267,SN II,75625.100,75625.100,75625.300,0.000,0.200,0.200
demo-1781204753426-2266,AGN,75608.700,75608.700,75608.700,0.000,0.000,0.000
demo-1781204753426-2265,RR Lyrae,75608.600,75608.600,75608.600,0.000,0.000,0.000
demo-1781204753426-2264,RR Lyrae,75608.600,75608.600,75608.600,0.000,0.000,0.000
demo-1781204753426-2263,Mira,75608.400,75608.400,75608.500,0.000,0.100,0.100
demo-1781204753410-2262,Mira,75592.000,75592.000,75592.000,0.000,0.000,0.000
demo-1781204753410-2261,RR Lyrae,75591.900,75591.900,75592.000,0.000,0.100,0.100
demo-1781204753409-2260,AGN,75591.800,75591.800,75591.900,0.000,0.100,0.100
demo-1781204753409-2259,AGN,75591.800,75591.800,75591.800,0.000,0.000,0.000
demo-1781204753393-2258,Unknown,75575.800,75575.800,75575.800,0.000,0.000,0.000
demo-1781204753393-2257,QSO,75575.700,75575.700,75575.700,0.000,0.000,0.000
demo-1781204753393-2256,RR Lyrae,75575.600,75575.600,75575.700,0.000,0.100,0.100
demo-1781204753393-2255,QSO,75575.500,75575.500,75575.600,0.000,0.100,0.100
demo-1781204753381-2254,QSO,75563.300,75563.300,75563.400,0.000,0.100,0.100
demo-1781204753381-2253,QSO,75563.300,75563.300,75563.300,0.000,0.000,0.000
demo-1781204753381-2252,Cepheid,75563.200,75563.200,75563.200,0.000,0.000,0.000
demo-1781204753381-2251,Mira,75563.200,75563.200,75563.200,0.000,0.000,0.000
demo-1781204753378-2250,AGN,75560.300,75560.300,75560.300,0.000,0.000,0.000
demo-1781204753378-2249,SN Ia,75560.200,75560.200,75560.300,0.000,0.100,0.100
demo-1781204753378-2248,AGN,75560.100,75560.100,75560.200,0.000,0.100,0.100
demo-1781204753378-2247,SN Ia,75560.100,75560.100,75560.100,0.000,0.000,0.000
demo-1781204753327-2246,RR Lyrae,75509.100,75509.100,75509.200,0.000,0.100,0.100
demo-1781204753327-2245,AGN,75509.100,75509.100,75509.100,0.000,0.000,0.000
demo-1781204753327-2244,RR Lyrae,75508.900,75508.900,75509.100,0.000,0.200,0.200
demo-1781204753310-2243,LPV,75492.600,75492.600,75492.600,0.000,0.000,0.000
demo-1781204753310-2242,RR Lyrae,75492.500,75492.500,75492.600,0.000,0.100,0.100
demo-1781204753310-2241,RR Lyrae,75492.400,75492.400,75492.400,0.000,0.000,0.000
demo-1781204753293-2240,RR Lyrae,75475.800,75475.800,75475.800,0.000,0.000,0.000
demo-1781204753293-2239,SN Ib,75475.700,75475.700,75475.800,0.000,0.100,0.100
demo-1781204753293-2238,Cepheid,75475.600,75475.600,75475.600,0.000,0.000,0.000
demo-1781204753293-2237,AGN,75475.500,75475.500,75475.600,0.000,0.100,0.100
demo-1781204753276-2236,AGN,75458.800,75458.800,75458.900,0.000,0.100,0.100
demo-1781204753276-2235,RR Lyrae,75458.700,75458.700,75458.800,0.000,0.100,0.100
demo-1781204753276-2234,RR Lyrae,75458.700,75458.700,75458.700,0.000,0.000,0.000
demo-1781204753260-2233,Cepheid,75442.100,75442.100,75442.200,0.000,0.100,0.100
demo-1781204753260-2232,SN Ia,75442.000,75442.000,75442.100,0.000,0.100,0.100
demo-1781204753260-2231,AGN,75442.000,75442.000,75442.000,0.000,0.000,0.000
demo-1781204753243-2230,SN II,75425.500,75425.500,75425.600,0.000,0.100,0.100
demo-1781204753243-2229,RR Lyrae,75425.400,75425.400,75425.500,0.000,0.100,0.100
demo-1781204753243-2228,Mira,75425.400,75425.400,75425.400,0.000,0.000,0.000
demo-1781204753243-2227,SN Ib,75425.300,75425.300,75425.400,0.000,0.100,0.100
demo-1781204753226-2226,AGN,75408.600,75408.600,75408.600,0.000,0.000,0.000
demo-1781204753226-2225,Unknown,75408.500,75408.500,75408.600,0.000,0.100,0.100
demo-1781204753226-2224,AGN,75408.500,75408.500,75408.500,0.000,0.000,0.000
demo-1781204753210-2223,SN Ia,75392.100,75392.100,75392.100,0.000,0.000,0.000
demo-1781204753210-2222,AGN,75392.100,75392.100,75392.100,0.000,0.000,0.000
demo-1781204753210-2221,AGN,75392.000,75392.000,75392.100,0.000,0.100,0.100
demo-1781204753210-2220,Mira,75391.900,75391.900,75392.000,0.000,0.100,0.100
demo-1781204753193-2219,RR Lyrae,75375.000,75375.000,75375.100,0.000,0.100,0.100
demo-1781204753193-2218,SN Ic,75375.000,75375.000,75375.000,0.000,0.000,0.000
demo-1781204753193-2217,Mira,75374.900,75374.900,75375.000,0.000,0.100,0.100
demo-1781204753176-2216,RR Lyrae,75358.700,75358.700,75358.700,0.000,0.000,0.000
demo-1781204753176-2215,Unknown,75358.700,75358.700,75358.700,0.000,0.000,0.000
demo-1781204753176-2214,QSO,75358.600,75358.600,75358.700,0.000,0.100,0.100
demo-1781204753176-2213,AGN,75358.600,75358.600,75358.600,0.000,0.000,0.000
demo-1781204753160-2212,LPV,75342.200,75342.200,75342.200,0.000,0.000,0.000
demo-1781204753160-2211,Mira,75342.100,75342.200,75342.200,0.100,0.000,0.100
demo-1781204753160-2210,RR Lyrae,75342.100,75342.100,75342.100,0.000,0.000,0.000
demo-1781204753160-2209,AGN,75341.900,75341.900,75342.000,0.000,0.100,0.100
demo-1781204753143-2208,RR Lyrae,75325.500,75325.500,75325.500,0.000,0.000,0.000
demo-1781204753143-2207,RR Lyrae,75325.400,75325.400,75325.500,0.000,0.100,0.100
demo-1781204753143-2206,Unknown,75325.300,75325.300,75325.400,0.000,0.100,0.100
demo-1781204753143-2205,AGN,75325.200,75325.200,75325.300,0.000,0.100,0.100
demo-1781204753129-2204,RR Lyrae,75311.100,75311.100,75311.100,0.000,0.000,0.000
demo-1781204753129-2203,SN II,75311.000,75311.000,75311.100,0.000,0.100,0.100
demo-1781204753129-2202,Mira,75310.900,75310.900,75310.900,0.000,0.000,0.000
demo-1781204753128-2201,SN Ia,75310.900,75310.900,75310.900,0.000,0.000,0.000
demo-1781204753125-2200,QSO,75307.700,75307.700,75307.700,0.000,0.000,0.000
demo-1781204753125-2199,AGN,75307.700,75307.700,75307.700,0.000,0.000,0.000
demo-1781204753125-2198,Mira,75307.700,75307.700,75307.700,0.000,0.000,0.000
demo-1781204753125-2197,RR Lyrae,75307.500,75307.600,75307.600,0.100,0.000,0.100
demo-1781204753077-2196,AGN,75259.000,75259.000,75259.100,0.000,0.100,0.100
demo-1781204753076-2195,AGN,75258.800,75258.900,75258.900,0.100,0.000,0.100
demo-1781204753076-2194,RR Lyrae,75258.800,75258.800,75258.800,0.000,0.000,0.000
demo-1781204753060-2193,RR Lyrae,75242.300,75242.300,75242.400,0.000,0.100,0.100
demo-1781204753060-2192,RR Lyrae,75242.200,75242.200,75242.300,0.000,0.100,0.100
demo-1781204753060-2191,RR Lyrae,75242.100,75242.100,75242.200,0.000,0.100,0.100
demo-1781204753043-2190,QSO,75225.800,75225.800,75225.800,0.000,0.000,0.000
demo-1781204753043-2189,QSO,75225.700,75225.700,75225.800,0.000,0.100,0.100
demo-1781204753043-2188,LPV,75225.600,75225.600,75225.700,0.000,0.100,0.100
demo-1781204753043-2187,QSO,75225.500,75225.500,75225.600,0.000,0.100,0.100
demo-1781204753032-2186,SN II,75214.200,75214.200,75214.300,0.000,0.100,0.100
demo-1781204753032-2185,AGN,75214.200,75214.200,75214.200,0.000,0.000,0.000
demo-1781204753032-2184,AGN,75214.000,75214.000,75214.100,0.000,0.100,0.100
demo-1781204753010-2183,RR Lyrae,75192.100,75192.100,75192.200,0.000,0.100,0.100
demo-1781204753010-2182,AGN,75192.000,75192.000,75192.100,0.000,0.100,0.100
demo-1781204753010-2181,AGN,75191.900,75191.900,75192.000,0.000,0.100,0.100
demo-1781204752993-2180,Mira,75175.400,75175.400,75175.400,0.000,0.000,0.000
demo-1781204752993-2179,QSO,75175.400,75175.400,75175.400,0.000,0.000,0.000
demo-1781204752993-2178,Mira,75175.300,75175.300,75175.300,0.000,0.000,0.000
demo-1781204752993-2177,Unknown,75175.100,75175.100,75175.300,0.000,0.200,0.200
demo-1781204752976-2176,RR Lyrae,75158.600,75158.600,75158.700,0.000,0.100,0.100
demo-1781204752976-2175,RR Lyrae,75158.600,75158.600,75158.600,0.000,0.000,0.000
demo-1781204752976-2174,AGN,75158.500,75158.500,75158.600,0.000,0.100,0.100
demo-1781204752960-2173,Cepheid,75141.900,75141.900,75142.000,0.000,0.100,0.100
demo-1781204752959-2172,RR Lyrae,75141.800,75141.800,75141.900,0.000,0.100,0.100
demo-1781204752959-2171,LPV,75141.700,75141.800,75141.800,0.100,0.000,0.100
demo-1781204752943-2170,RR Lyrae,75125.200,75125.200,75125.200,0.000,0.000,0.000
demo-1781204752943-2169,AGN,75125.200,75125.200,75125.200,0.000,0.000,0.000
demo-1781204752943-2168,Unknown,75125.100,75125.100,75125.200,0.000,0.100,0.100
demo-1781204752943-2167,RR Lyrae,75124.900,75125.000,75125.100,0.100,0.100,0.200
demo-1781204752926-2166,SN II,75108.200,75108.200,75108.200,0.000,0.000,0.000
demo-1781204752926-2165,LPV,75108.100,75108.100,75108.200,0.000,0.100,0.100
demo-1781204752926-2164,RR Lyrae,75108.000,75108.000,75108.100,0.000,0.100,0.100
demo-1781204752926-2163,RR Lyrae,75108.000,75108.000,75108.000,0.000,0.000,0.000
demo-1781204752910-2162,AGN,75092.000,75092.000,75092.000,0.000,0.000,0.000
demo-1781204752910-2161,RR Lyrae,75091.900,75092.000,75092.000,0.100,0.000,0.100
demo-1781204752909-2160,LPV,75091.800,75091.800,75091.900,0.000,0.100,0.100
demo-1781204752909-2159,LPV,75091.800,75091.800,75091.800,0.000,0.000,0.000
demo-1781204752893-2158,AGN,75075.300,75075.300,75075.400,0.000,0.100,0.100
demo-1781204752893-2157,RR Lyrae,75075.200,75075.200,75075.300,0.000,0.100,0.100
demo-1781204752893-2156,Unknown,75075.200,75075.200,75075.200,0.000,0.000,0.000
demo-1781204752893-2155,LPV,75075.000,75075.100,75075.200,0.100,0.100,0.200
demo-1781204752876-2154,AGN,75058.600,75058.600,75058.600,0.000,0.000,0.000
demo-1781204752876-2153,Mira,75058.600,75058.600,75058.600,0.000,0.000,0.000
demo-1781204752876-2152,Mira,75058.500,75058.500,75058.600,0.000,0.100,0.100
demo-1781204752876-2151,RR Lyrae,75058.400,75058.400,75058.500,0.000,0.100,0.100
demo-1781204752873-2150,RR Lyrae,75055.700,75055.700,75055.800,0.000,0.100,0.100
demo-1781204752873-2149,RR Lyrae,75055.600,75055.600,75055.700,0.000,0.100,0.100
demo-1781204752873-2148,Mira,75055.600,75055.600,75055.600,0.000,0.000,0.000
demo-1781204752873-2147,Mira,75055.400,75055.400,75055.600,0.000,0.200,0.200
demo-1781204752826-2146,Mira,75008.900,75008.900,75008.900,0.000,0.000,0.000
demo-1781204752826-2145,RR Lyrae,75008.700,75008.700,75008.900,0.000,0.200,0.200
demo-1781204752826-2144,SN Ic,75008.600,75008.600,75008.700,0.000,0.100,0.100
demo-1781204752810-2143,AGN,74992.400,74992.400,74992.400,0.000,0.000,0.000
demo-1781204752810-2142,RR Lyrae,74992.300,74992.300,74992.300,0.000,0.000,0.000
demo-1781204752810-2141,AGN,74992.300,74992.300,74992.300,0.000,0.000,0.000
demo-1781204752810-2140,Mira,74992.100,74992.100,74992.200,0.000,0.100,0.100
demo-1781204752793-2139,RR Lyrae,74975.200,74975.200,74975.300,0.000,0.100,0.100
demo-1781204752793-2138,SN Ia,74975.200,74975.200,74975.200,0.000,0.000,0.000
demo-1781204752793-2137,AGN,74975.100,74975.100,74975.100,0.000,0.000,0.000
demo-1781204752777-2136,RR Lyrae,74959.000,74959.000,74959.100,0.000,0.100,0.100
demo-1781204752777-2135,RR Lyrae,74958.900,74959.000,74959.000,0.100,0.000,0.100
demo-1781204752776-2134,RR Lyrae,74958.700,74958.800,74958.900,0.100,0.100,0.200
demo-1781204752760-2133,Mira,74942.300,74942.300,74942.400,0.000,0.100,0.100
demo-1781204752760-2132,RR Lyrae,74942.300,74942.300,74942.300,0.000,0.000,0.000
demo-1781204752760-2131,RR Lyrae,74942.100,74942.100,74942.300,0.000,0.200,0.200
demo-1781204752743-2130,RR Lyrae,74925.300,74925.300,74925.400,0.000,0.100,0.100
demo-1781204752743-2129,Cepheid,74925.300,74925.300,74925.300,0.000,0.000,0.000
demo-1781204752743-2128,RR Lyrae,74925.200,74925.200,74925.200,0.000,0.000,0.000
demo-1781204752743-2127,AGN,74925.100,74925.100,74925.200,0.000,0.100,0.100
demo-1781204752726-2126,RR Lyrae,74908.400,74908.400,74908.500,0.000,0.100,0.100
demo-1781204752726-2125,LPV,74908.300,74908.300,74908.400,0.000,0.100,0.100
demo-1781204752726-2124,Mira,74908.300,74908.300,74908.300,0.000,0.000,0.000
demo-1781204752709-2123,Unknown,74891.800,74891.800,74891.900,0.000,0.100,0.100
demo-1781204752709-2122,Cepheid,74891.700,74891.700,74891.800,0.000,0.100,0.100
demo-1781204752709-2121,RR Lyrae,74891.700,74891.700,74891.700,0.000,0.000,0.000
demo-1781204752693-2120,Unknown,74875.700,74875.700,74875.700,0.000,0.000,0.000
demo-1781204752693-2119,AGN,74875.500,74875.500,74875.700,0.000,0.200,0.200
demo-1781204752693-2118,LPV,74875.500,74875.500,74875.500,0.000,0.000,0.000
demo-1781204752693-2117,RR Lyrae,74875.400,74875.400,74875.500,0.000,0.100,0.100
demo-1781204752676-2116,RR Lyrae,74858.600,74858.600,74858.700,0.000,0.100,0.100
demo-1781204752676-2115,AGN,74858.600,74858.600,74858.600,0.000,0.000,0.000
demo-1781204752676-2114,Unknown,74858.600,74858.600,74858.600,0.000,0.000,0.000
demo-1781204752676-2113,SN Ib,74858.500,74858.500,74858.500,0.000,0.000,0.000
demo-1781204752660-2112,Cepheid,74842.200,74842.200,74842.200,0.000,0.000,0.000
demo-1781204752660-2111,AGN,74842.000,74842.000,74842.200,0.000,0.200,0.200
demo-1781204752660-2110,RR Lyrae,74842.000,74842.000,74842.000,0.000,0.000,0.000
demo-1781204752660-2109,QSO,74841.900,74841.900,74842.000,0.000,0.100,0.100
demo-1781204752642-2108,RR Lyrae,74824.400,74824.400,74824.400,0.000,0.000,0.000
demo-1781204752642-2107,AGN,74824.300,74824.400,74824.400,0.100,0.000,0.100
demo-1781204752642-2106,LPV,74824.300,74824.300,74824.300,0.000,0.000,0.000
demo-1781204752642-2105,RR Lyrae,74824.200,74824.200,74824.300,0.000,0.100,0.100
demo-1781204752630-2104,LPV,74812.700,74812.700,74812.800,0.000,0.100,0.100
demo-1781204752630-2103,RR Lyrae,74812.600,74812.600,74812.700,0.000,0.100,0.100
demo-1781204752630-2102,RR Lyrae,74812.600,74812.600,74812.600,0.000,0.000,0.000
demo-1781204752630-2101,Mira,74812.500,74812.500,74812.600,0.000,0.100,0.100
demo-1781204752627-2100,Mira,74809.700,74809.700,74809.700,0.000,0.000,0.000
demo-1781204752627-2099,RR Lyrae,74809.600,74809.600,74809.700,0.000,0.100,0.100
demo-1781204752627-2098,SN Ia,74809.600,74809.600,74809.600,0.000,0.000,0.000
demo-1781204752627-2097,AGN,74809.500,74809.500,74809.600,0.000,0.100,0.100
demo-1781204752577-2096,SN Ic,74759.200,74759.300,74759.300,0.100,0.000,0.100
demo-1781204752577-2095,Unknown,74759.200,74759.200,74759.200,0.000,0.000,0.000
demo-1781204752577-2094,Mira,74759.000,74759.000,74759.200,0.000,0.200,0.200
demo-1781204752560-2093,Mira,74742.600,74742.600,74742.700,0.000,0.100,0.100
demo-1781204752560-2092,AGN,74742.500,74742.500,74742.600,0.000,0.100,0.100
demo-1781204752560-2091,Mira,74742.400,74742.400,74742.500,0.000,0.100,0.100
demo-1781204752543-2090,Cepheid,74725.700,74725.800,74725.800,0.100,0.000,0.100
demo-1781204752543-2089,AGN,74725.600,74725.600,74725.700,0.000,0.100,0.100
demo-1781204752543-2088,SN Ib,74725.500,74725.500,74725.600,0.000,0.100,0.100
demo-1781204752543-2087,AGN,74725.400,74725.400,74725.500,0.000,0.100,0.100
demo-1781204752527-2086,RR Lyrae,74709.100,74709.100,74709.100,0.000,0.000,0.000
demo-1781204752527-2085,RR Lyrae,74708.900,74708.900,74709.000,0.000,0.100,0.100
demo-1781204752526-2084,Unknown,74708.800,74708.800,74708.900,0.000,0.100,0.100
demo-1781204752510-2083,SN Ia,74692.300,74692.300,74692.400,0.000,0.100,0.100
demo-1781204752510-2082,RR Lyrae,74692.300,74692.300,74692.300,0.000,0.000,0.000
demo-1781204752510-2081,SN II,74692.100,74692.100,74692.300,0.000,0.200,0.200
demo-1781204752493-2080,Mira,74675.500,74675.500,74675.500,0.000,0.000,0.000
demo-1781204752493-2079,Cepheid,74675.300,74675.300,74675.400,0.000,0.100,0.100
demo-1781204752493-2078,Mira,74675.300,74675.300,74675.300,0.000,0.000,0.000
demo-1781204752493-2077,RR Lyrae,74675.200,74675.200,74675.300,0.000,0.100,0.100
demo-1781204752476-2076,RR Lyrae,74658.500,74658.500,74658.600,0.000,0.100,0.100
demo-1781204752476-2075,Mira,74658.500,74658.500,74658.500,0.000,0.000,0.000
demo-1781204752476-2074,RR Lyrae,74658.400,74658.400,74658.500,0.000,0.100,0.100
demo-1781204752459-2073,RR Lyrae,74641.900,74641.900,74641.900,0.000,0.000,0.000
demo-1781204752459-2072,RR Lyrae,74641.800,74641.800,74641.900,0.000,0.100,0.100
demo-1781204752459-2071,Unknown,74641.700,74641.700,74641.800,0.000,0.100,0.100
demo-1781204752443-2070,Unknown,74625.300,74625.300,74625.300,0.000,0.000,0.000
demo-1781204752443-2069,Cepheid,74625.200,74625.200,74625.300,0.000,0.100,0.100
demo-1781204752443-2068,Unknown,74625.200,74625.200,74625.200,0.000,0.000,0.000
demo-1781204752443-2067,QSO,74625.000,74625.000,74625.100,0.000,0.100,0.100
demo-1781204752426-2066,AGN,74608.400,74608.400,74608.500,0.000,0.100,0.100
demo-1781204752426-2065,QSO,74608.400,74608.400,74608.400,0.000,0.000,0.000
demo-1781204752426-2064,SN II,74608.300,74608.300,74608.400,0.000,0.100,0.100
demo-1781204752409-2063,RR Lyrae,74590.900,74590.900,74590.900,0.000,0.000,0.000
demo-1781204752408-2062,Unknown,74590.800,74590.800,74590.900,0.000,0.100,0.100
demo-1781204752408-2061,Unknown,74590.800,74590.800,74590.800,0.000,0.000,0.000
demo-1781204752393-2060,AGN,74575.300,74575.300,74575.400,0.000,0.100,0.100
demo-1781204752393-2059,RR Lyrae,74575.200,74575.200,74575.300,0.000,0.100,0.100
demo-1781204752393-2058,RR Lyrae,74575.200,74575.200,74575.200,0.000,0.000,0.000
demo-1781204752393-2057,LPV,74575.100,74575.100,74575.200,0.000,0.100,0.100
demo-1781204752377-2056,Mira,74559.500,74559.500,74559.500,0.000,0.000,0.000
demo-1781204752377-2055,AGN,74559.400,74559.400,74559.500,0.000,0.100,0.100
demo-1781204752377-2054,RR Lyrae,74559.400,74559.400,74559.400,0.000,0.000,0.000
demo-1781204752375-2053,RR Lyrae,74557.400,74557.400,74557.500,0.000,0.100,0.100
demo-1781204752375-2052,AGN,74557.400,74557.400,74557.400,0.000,0.000,0.000
demo-1781204752375-2051,AGN,74557.300,74557.300,74557.300,0.000,0.000,0.000
demo-1781204752372-2050,Mira,74554.600,74554.600,74554.700,0.000,0.100,0.100
demo-1781204752372-2049,AGN,74554.600,74554.600,74554.600,0.000,0.000,0.000
demo-1781204752372-2048,RR Lyrae,74554.600,74554.600,74554.600,0.000,0.000,0.000
demo-1781204752372-2047,RR Lyrae,74554.500,74554.500,74554.600,0.000,0.100,0.100
demo-1781204752326-2046,RR Lyrae,74508.700,74508.800,74508.800,0.100,0.000,0.100
demo-1781204752326-2045,AGN,74508.700,74508.700,74508.700,0.000,0.000,0.000
demo-1781204752326-2044,Unknown,74508.600,74508.600,74508.700,0.000,0.100,0.100
demo-1781204752310-2043,AGN,74492.100,74492.100,74492.200,0.000,0.100,0.100
demo-1781204752310-2042,Unknown,74492.000,74492.000,74492.100,0.000,0.100,0.100
demo-1781204752310-2041,SN Ic,74491.900,74491.900,74492.000,0.000,0.100,0.100
demo-1781204752293-2040,QSO,74475.400,74475.400,74475.400,0.000,0.000,0.000
demo-1781204752293-2039,SN Ia,74475.300,74475.300,74475.400,0.000,0.100,0.100
demo-1781204752293-2038,Mira,74475.300,74475.300,74475.300,0.000,0.000,0.000
demo-1781204752293-2037,Unknown,74475.200,74475.200,74475.300,0.000,0.100,0.100
demo-1781204752276-2036,Mira,74458.500,74458.500,74458.600,0.000,0.100,0.100
demo-1781204752276-2035,Cepheid,74458.500,74458.500,74458.500,0.000,0.000,0.000
demo-1781204752276-2034,SN Ia,74458.400,74458.400,74458.500,0.000,0.100,0.100
demo-1781204752259-2033,RR Lyrae,74441.800,74441.800,74441.900,0.000,0.100,0.100
demo-1781204752259-2032,SN II,74441.700,74441.700,74441.800,0.000,0.100,0.100
demo-1781204752259-2031,Mira,74441.600,74441.700,74441.700,0.100,0.000,0.100
demo-1781204752243-2030,Mira,74425.400,74425.400,74425.400,0.000,0.000,0.000
demo-1781204752243-2029,LPV,74425.300,74425.300,74425.400,0.000,0.100,0.100
demo-1781204752243-2028,AGN,74425.300,74425.300,74425.300,0.000,0.000,0.000
demo-1781204752243-2027,SN II,74425.200,74425.200,74425.200,0.000,0.000,0.000
demo-1781204752226-2026,RR Lyrae,74408.500,74408.500,74408.600,0.000,0.100,0.100
demo-1781204752226-2025,Unknown,74408.500,74408.500,74408.500,0.000,0.000,0.000
demo-1781204752226-2024,AGN,74408.400,74408.400,74408.500,0.000,0.100,0.100
demo-1781204752210-2023,RR Lyrae,74392.000,74392.000,74392.100,0.000,0.100,0.100
demo-1781204752210-2022,AGN,74392.000,74392.000,74392.000,0.000,0.000,0.000
demo-1781204752210-2021,LPV,74391.900,74391.900,74392.000,0.000,0.100,0.100
demo-1781204752193-2020,Cepheid,74375.300,74375.300,74375.300,0.000,0.000,0.000
demo-1781204752193-2019,RR Lyrae,74375.200,74375.200,74375.300,0.000,0.100,0.100
demo-1781204752193-2018,Cepheid,74375.100,74375.100,74375.200,0.000,0.100,0.100
demo-1781204752193-2017,Mira,74375.000,74375.000,74375.100,0.000,0.100,0.100
demo-1781204752176-2016,LPV,74357.900,74357.900,74358.000,0.000,0.100,0.100
demo-1781204752176-2015,Unknown,74357.900,74357.900,74357.900,0.000,0.000,0.000
demo-1781204752175-2014,RR Lyrae,74357.800,74357.800,74357.900,0.000,0.100,0.100
demo-1781204752160-2013,QSO,74341.800,74341.800,74341.900,0.000,0.100,0.100
demo-1781204752159-2012,RR Lyrae,74341.700,74341.700,74341.800,0.000,0.100,0.100
demo-1781204752159-2011,Unknown,74341.700,74341.700,74341.700,0.000,0.000,0.000
demo-1781204752143-2010,Mira,74325.200,74325.200,74325.300,0.000,0.100,0.100
demo-1781204752143-2009,RR Lyrae,74325.100,74325.100,74325.200,0.000,0.100,0.100
demo-1781204752143-2008,Mira,74325.100,74325.100,74325.100,0.000,0.000,0.000
demo-1781204752143-2007,RR Lyrae,74325.000,74325.000,74325.100,0.000,0.100,0.100
demo-1781204752127-2006,AGN,74309.300,74309.300,74309.400,0.000,0.100,0.100
demo-1781204752127-2005,SN Ia,74309.200,74309.300,74309.300,0.100,0.000,0.100
demo-1781204752127-2004,AGN,74309.100,74309.100,74309.200,0.000,0.100,0.100
demo-1781204752125-2003,RR Lyrae,74307.300,74307.300,74307.300,0.000,0.000,0.000
demo-1781204752125-2002,RR Lyrae,74307.200,74307.200,74307.300,0.000,0.100,0.100
demo-1781204752125-2001,Unknown,74307.100,74307.100,74307.200,0.000,0.100,0.100
demo-1781204752122-2000,RR Lyrae,74304.400,74304.400,74304.500,0.000,0.100,0.100
demo-1781204752122-1999,AGN,74304.300,74304.300,74304.400,0.000,0.100,0.100
demo-1781204752122-1998,RR Lyrae,74304.300,74304.300,74304.300,0.000,0.000,0.000
demo-1781204752122-1997,AGN,74304.200,74304.300,74304.300,0.100,0.000,0.100
demo-1781204752076-1996,RR Lyrae,74258.400,74258.400,74258.500,0.000,0.100,0.100
demo-1781204752076-1995,AGN,74258.400,74258.400,74258.400,0.000,0.000,0.000
demo-1781204752076-1994,Unknown,74258.300,74258.300,74258.400,0.000,0.100,0.100
demo-1781204752059-1993,AGN,74241.900,74241.900,74241.900,0.000,0.000,0.000
demo-1781204752059-1992,QSO,74241.800,74241.800,74241.900,0.000,0.100,0.100
demo-1781204752059-1991,AGN,74241.700,74241.700,74241.800,0.000,0.100,0.100
demo-1781204752045-1990,QSO,74227.200,74227.200,74227.200,0.000,0.000,0.000
demo-1781204752045-1989,Mira,74227.100,74227.100,74227.200,0.000,0.100,0.100
demo-1781204752045-1988,RR Lyrae,74227.000,74227.000,74227.100,0.000,0.100,0.100
demo-1781204752045-1987,QSO,74227.000,74227.000,74227.000,0.000,0.000,0.000
demo-1781204752034-1986,RR Lyrae,74215.900,74216.000,74216.000,0.100,0.000,0.100
demo-1781204752034-1985,SN II,74215.900,74215.900,74215.900,0.000,0.000,0.000
demo-1781204752033-1984,SN II,74215.700,74215.700,74215.900,0.000,0.200,0.200
demo-1781204752010-1983,AGN,74192.000,74192.000,74192.100,0.000,0.100,0.100
demo-1781204752010-1982,AGN,74192.000,74192.000,74192.000,0.000,0.000,0.000
demo-1781204752009-1981,RR Lyrae,74191.900,74191.900,74192.000,0.000,0.100,0.100
demo-1781204751993-1980,Mira,74175.600,74175.600,74175.700,0.000,0.100,0.100
demo-1781204751993-1979,Unknown,74175.600,74175.600,74175.600,0.000,0.000,0.000
demo-1781204751993-1978,SN II,74175.400,74175.400,74175.600,0.000,0.200,0.200
demo-1781204751993-1977,RR Lyrae,74175.400,74175.400,74175.400,0.000,0.000,0.000
demo-1781204751976-1976,SN Ia,74158.800,74158.800,74158.800,0.000,0.000,0.000
demo-1781204751976-1975,SN Ia,74158.700,74158.700,74158.700,0.000,0.000,0.000
demo-1781204751976-1974,AGN,74158.600,74158.600,74158.700,0.000,0.100,0.100
demo-1781204751959-1973,Mira,74141.800,74141.800,74141.800,0.000,0.000,0.000
demo-1781204751959-1972,LPV,74141.800,74141.800,74141.800,0.000,0.000,0.000
demo-1781204751959-1971,RR Lyrae,74141.600,74141.600,74141.800,0.000,0.200,0.200
demo-1781204751943-1970,Cepheid,74125.200,74125.200,74125.200,0.000,0.000,0.000
demo-1781204751943-1969,RR Lyrae,74125.100,74125.100,74125.200,0.000,0.100,0.100
demo-1781204751943-1968,RR Lyrae,74125.100,74125.100,74125.100,0.000,0.000,0.000
demo-1781204751943-1967,QSO,74125.000,74125.000,74125.100,0.000,0.100,0.100
demo-1781204751926-1966,Unknown,74108.400,74108.400,74108.500,0.000,0.100,0.100
demo-1781204751926-1965,SN Ia,74108.400,74108.400,74108.400,0.000,0.000,0.000
demo-1781204751926-1964,Cepheid,74108.400,74108.400,74108.400,0.000,0.000,0.000
demo-1781204751926-1963,RR Lyrae,74108.300,74108.300,74108.400,0.000,0.100,0.100
demo-1781204751910-1962,LPV,74091.900,74091.900,74092.000,0.000,0.100,0.100
demo-1781204751909-1961,RR Lyrae,74091.900,74091.900,74091.900,0.000,0.000,0.000
demo-1781204751909-1960,RR Lyrae,74091.800,74091.800,74091.900,0.000,0.100,0.100
demo-1781204751909-1959,Cepheid,74091.800,74091.800,74091.800,0.000,0.000,0.000
demo-1781204751893-1958,RR Lyrae,74075.100,74075.100,74075.300,0.000,0.200,0.200
demo-1781204751893-1957,Unknown,74075.100,74075.100,74075.100,0.000,0.000,0.000
demo-1781204751893-1956,Mira,74075.000,74075.000,74075.100,0.000,0.100,0.100
demo-1781204751893-1955,RR Lyrae,74075.000,74075.000,74075.000,0.000,0.000,0.000
demo-1781204751876-1954,SN II,74058.500,74058.500,74058.600,0.000,0.100,0.100
demo-1781204751876-1953,AGN,74058.400,74058.400,74058.500,0.000,0.100,0.100
demo-1781204751876-1952,SN II,74058.300,74058.300,74058.400,0.000,0.100,0.100
demo-1781204751876-1951,LPV,74058.300,74058.300,74058.300,0.000,0.000,0.000
demo-1781204751873-1950,RR Lyrae,74055.500,74055.500,74055.500,0.000,0.000,0.000
demo-1781204751873-1949,RR Lyrae,74055.500,74055.500,74055.500,0.000,0.000,0.000
demo-1781204751873-1948,QSO,74055.300,74055.400,74055.500,0.100,0.100,0.200
demo-1781204751873-1947,RR Lyrae,74055.300,74055.300,74055.300,0.000,0.000,0.000
demo-1781204751826-1946,AGN,74008.700,74008.700,74008.800,0.000,0.100,0.100
demo-1781204751826-1945,RR Lyrae,74008.700,74008.700,74008.700,0.000,0.000,0.000
demo-1781204751826-1944,Cepheid,74008.600,74008.600,74008.600,0.000,0.000,0.000
demo-1781204751810-1943,QSO,73992.300,73992.300,73992.300,0.000,0.000,0.000
demo-1781204751810-1942,AGN,73992.100,73992.100,73992.300,0.000,0.200,0.200
demo-1781204751810-1941,Mira,73992.000,73992.000,73992.100,0.000,0.100,0.100
demo-1781204751793-1940,RR Lyrae,73975.700,73975.700,73975.800,0.000,0.100,0.100
demo-1781204751793-1939,AGN,73975.600,73975.700,73975.700,0.100,0.000,0.100
demo-1781204751793-1938,Mira,73975.500,73975.600,73975.600,0.100,0.000,0.100
demo-1781204751793-1937,Unknown,73975.300,73975.400,73975.500,0.100,0.100,0.200
demo-1781204751777-1936,RR Lyrae,73958.900,73958.900,73959.000,0.000,0.100,0.100
demo-1781204751776-1935,Mira,73958.800,73958.800,73958.900,0.000,0.100,0.100
demo-1781204751776-1934,Mira,73958.700,73958.700,73958.800,0.000,0.100,0.100
demo-1781204751760-1933,QSO,73942.000,73942.000,73942.000,0.000,0.000,0.000
demo-1781204751760-1932,Mira,73941.900,73941.900,73942.000,0.000,0.100,0.100
demo-1781204751759-1931,RR Lyrae,73941.800,73941.800,73941.900,0.000,0.100,0.100
demo-1781204751743-1930,Unknown,73925.300,73925.300,73925.400,0.000,0.100,0.100
demo-1781204751743-1929,RR Lyrae,73925.300,73925.300,73925.300,0.000,0.000,0.000
demo-1781204751743-1928,AGN,73925.200,73925.200,73925.300,0.000,0.100,0.100
demo-1781204751743-1927,RR Lyrae,73925.100,73925.100,73925.200,0.000,0.100,0.100
demo-1781204751726-1926,SN Ia,73908.500,73908.500,73908.600,0.000,0.100,0.100
demo-1781204751726-1925,Unknown,73908.400,73908.400,73908.500,0.000,0.100,0.100
demo-1781204751726-1924,RR Lyrae,73908.300,73908.400,73908.400,0.100,0.000,0.100
demo-1781204751710-1923,Cepheid,73892.000,73892.000,73892.100,0.000,0.100,0.100
demo-1781204751710-1922,RR Lyrae,73892.000,73892.000,73892.000,0.000,0.000,0.000
demo-1781204751709-1921,AGN,73891.900,73891.900,73892.000,0.000,0.100,0.100
demo-1781204751709-1920,RR Lyrae,73891.800,73891.800,73891.900,0.000,0.100,0.100
demo-1781204751693-1919,SN Ia,73875.700,73875.700,73875.800,0.000,0.100,0.100
demo-1781204751693-1918,RR Lyrae,73875.600,73875.600,73875.600,0.000,0.000,0.000
demo-1781204751693-1917,RR Lyrae,73875.500,73875.500,73875.600,0.000,0.100,0.100
demo-1781204751693-1916,SN II,73875.500,73875.500,73875.500,0.000,0.000,0.000
demo-1781204751676-1915,AGN,73858.400,73858.400,73858.500,0.000,0.100,0.100
demo-1781204751676-1914,RR Lyrae,73858.400,73858.400,73858.400,0.000,0.000,0.000
demo-1781204751676-1913,Unknown,73858.400,73858.400,73858.400,0.000,0.000,0.000
demo-1781204751676-1912,RR Lyrae,73858.200,73858.200,73858.400,0.000,0.200,0.200
demo-1781204751659-1911,RR Lyrae,73841.800,73841.800,73841.800,0.000,0.000,0.000
demo-1781204751659-1910,SN II,73841.700,73841.700,73841.800,0.000,0.100,0.100
demo-1781204751659-1909,Mira,73841.600,73841.600,73841.700,0.000,0.100,0.100
demo-1781204751659-1908,Unknown,73841.600,73841.600,73841.600,0.000,0.000,0.000
demo-1781204751643-1907,AGN,73825.200,73825.200,73825.300,0.000,0.100,0.100
demo-1781204751643-1906,RR Lyrae,73825.200,73825.200,73825.200,0.000,0.000,0.000
demo-1781204751643-1905,Mira,73825.100,73825.100,73825.200,0.000,0.100,0.100
demo-1781204751643-1904,Unknown,73825.000,73825.000,73825.100,0.000,0.100,0.100
demo-1781204751630-1903,RR Lyrae,73812.000,73812.000,73812.100,0.000,0.100,0.100
demo-1781204751630-1902,AGN,73812.000,73812.000,73812.000,0.000,0.000,0.000
demo-1781204751630-1901,SN II,73812.000,73812.000,73812.000,0.000,0.000,0.000
demo-1781204751630-1900,AGN,73811.900,73811.900,73812.000,0.000,0.100,0.100
demo-1781204751627-1899,QSO,73809.000,73809.000,73809.000,0.000,0.000,0.000
demo-1781204751627-1898,Mira,73809.000,73809.000,73809.000,0.000,0.000,0.000
demo-1781204751626-1897,AGN,73808.800,73808.900,73808.900,0.100,0.000,0.100
demo-1781204751577-1896,AGN,73759.000,73759.000,73759.100,0.000,0.100,0.100
demo-1781204751577-1895,SN II,73758.900,73758.900,73759.000,0.000,0.100,0.100
demo-1781204751576-1894,AGN,73758.800,73758.800,73758.900,0.000,0.100,0.100
demo-1781204751560-1893,RR Lyrae,73742.300,73742.300,73742.400,0.000,0.100,0.100
demo-1781204751560-1892,LPV,73742.200,73742.200,73742.300,0.000,0.100,0.100
demo-1781204751560-1891,SN Ia,73742.100,73742.100,73742.200,0.000,0.100,0.100
demo-1781204751543-1890,Cepheid,73725.700,73725.700,73725.700,0.000,0.000,0.000
demo-1781204751543-1889,Mira,73725.500,73725.500,73725.700,0.000,0.200,0.200
demo-1781204751543-1888,Mira,73725.300,73725.400,73725.500,0.100,0.100,0.200
demo-1781204751543-1887,AGN,73725.200,73725.300,73725.300,0.100,0.000,0.100
demo-1781204751526-1886,QSO,73708.800,73708.800,73709.000,0.000,0.200,0.200
demo-1781204751526-1885,AGN,73708.800,73708.800,73708.800,0.000,0.000,0.000
demo-1781204751526-1884,QSO,73708.600,73708.600,73708.800,0.000,0.200,0.200
demo-1781204751510-1883,LPV,73692.100,73692.100,73692.200,0.000,0.100,0.100
demo-1781204751510-1882,Mira,73692.100,73692.100,73692.100,0.000,0.000,0.000
demo-1781204751510-1881,RR Lyrae,73691.900,73691.900,73692.000,0.000,0.100,0.100
demo-1781204751493-1880,Unknown,73675.300,73675.300,73675.400,0.000,0.100,0.100
demo-1781204751493-1879,RR Lyrae,73675.300,73675.300,73675.300,0.000,0.000,0.000
demo-1781204751493-1878,AGN,73675.200,73675.200,73675.300,0.000,0.100,0.100
demo-1781204751493-1877,Mira,73675.000,73675.000,73675.200,0.000,0.200,0.200
demo-1781204751476-1876,RR Lyrae,73658.600,73658.600,73658.600,0.000,0.000,0.000
demo-1781204751476-1875,AGN,73658.500,73658.500,73658.600,0.000,0.100,0.100
demo-1781204751476-1874,RR Lyrae,73658.400,73658.400,73658.500,0.000,0.100,0.100
demo-1781204751460-1873,RR Lyrae,73642.000,73642.000,73642.000,0.000,0.000,0.000
demo-1781204751460-1872,RR Lyrae,73641.900,73641.900,73642.000,0.000,0.100,0.100
demo-1781204751459-1871,AGN,73641.800,73641.800,73641.900,0.000,0.100,0.100
demo-1781204751443-1870,AGN,73625.400,73625.400,73625.500,0.000,0.100,0.100
demo-1781204751443-1869,AGN,73625.300,73625.300,73625.400,0.000,0.100,0.100
demo-1781204751443-1868,LPV,73625.300,73625.300,73625.300,0.000,0.000,0.000
demo-1781204751443-1867,Cepheid,73625.200,73625.200,73625.300,0.000,0.100,0.100
demo-1781204751426-1866,RR Lyrae,73608.400,73608.400,73608.500,0.000,0.100,0.100
demo-1781204751426-1865,AGN,73608.400,73608.400,73608.400,0.000,0.000,0.000
demo-1781204751426-1864,SN II,73608.300,73608.300,73608.300,0.000,0.000,0.000
demo-1781204751426-1863,RR Lyrae,73608.300,73608.300,73608.300,0.000,0.000,0.000
demo-1781204751409-1862,RR Lyrae,73591.700,73591.700,73591.900,0.000,0.200,0.200
demo-1781204751409-1861,SN Ic,73591.700,73591.700,73591.700,0.000,0.000,0.000
demo-1781204751409-1860,Mira,73591.600,73591.600,73591.700,0.000,0.100,0.100
demo-1781204751409-1859,SN II,73591.600,73591.600,73591.600,0.000,0.000,0.000
demo-1781204751393-1858,Mira,73575.200,73575.200,73575.300,0.000,0.100,0.100
demo-1781204751393-1857,SN II,73575.200,73575.200,73575.200,0.000,0.000,0.000
demo-1781204751393-1856,RR Lyrae,73575.200,73575.200,73575.200,0.000,0.000,0.000
demo-1781204751393-1855,AGN,73575.000,73575.000,73575.200,0.000,0.200,0.200
demo-1781204751376-1854,RR Lyrae,73558.600,73558.600,73558.600,0.000,0.000,0.000
demo-1781204751376-1853,AGN,73558.500,73558.500,73558.600,0.000,0.100,0.100
demo-1781204751376-1852,RR Lyrae,73558.500,73558.500,73558.500,0.000,0.000,0.000
demo-1781204751376-1851,QSO,73558.400,73558.400,73558.500,0.000,0.100,0.100
demo-1781204751373-1850,Mira,73555.700,73555.700,73555.800,0.000,0.100,0.100
demo-1781204751373-1849,RR Lyrae,73555.700,73555.700,73555.700,0.000,0.000,0.000
demo-1781204751373-1848,Cepheid,73555.600,73555.600,73555.700,0.000,0.100,0.100
demo-1781204751373-1847,SN Ia,73555.600,73555.600,73555.600,0.000,0.000,0.000
demo-1781204751326-1846,Cepheid,73508.900,73508.900,73508.900,0.000,0.000,0.000
demo-1781204751326-1845,Mira,73508.800,73508.800,73508.900,0.000,0.100,0.100
demo-1781204751326-1844,RR Lyrae,73508.700,73508.700,73508.800,0.000,0.100,0.100
demo-1781204751310-1843,Mira,73492.100,73492.100,73492.200,0.000,0.100,0.100
demo-1781204751310-1842,SN Ia,73492.000,73492.000,73492.100,0.000,0.100,0.100
demo-1781204751310-1841,Cepheid,73492.000,73492.000,73492.000,0.000,0.000,0.000
demo-1781204751293-1840,RR Lyrae,73475.600,73475.600,73475.700,0.000,0.100,0.100
demo-1781204751293-1839,RR Lyrae,73475.500,73475.500,73475.600,0.000,0.100,0.100
demo-1781204751293-1838,RR Lyrae,73475.400,73475.400,73475.500,0.000,0.100,0.100
demo-1781204751293-1837,RR Lyrae,73475.300,73475.300,73475.400,0.000,0.100,0.100
demo-1781204751275-1836,Cepheid,73457.500,73457.500,73457.600,0.000,0.100,0.100
demo-1781204751275-1835,QSO,73457.500,73457.500,73457.500,0.000,0.000,0.000
demo-1781204751275-1834,Mira,73457.400,73457.400,73457.500,0.000,0.100,0.100
demo-1781204751259-1833,QSO,73441.900,73441.900,73441.900,0.000,0.000,0.000
demo-1781204751259-1832,Mira,73441.800,73441.800,73441.800,0.000,0.000,0.000
demo-1781204751259-1831,SN Ia,73441.700,73441.700,73441.800,0.000,0.100,0.100
demo-1781204751243-1830,RR Lyrae,73425.100,73425.100,73425.200,0.000,0.100,0.100
demo-1781204751243-1829,AGN,73425.000,73425.000,73425.100,0.000,0.100,0.100
demo-1781204751243-1828,LPV,73424.900,73425.000,73425.000,0.100,0.000,0.100
demo-1781204751243-1827,RR Lyrae,73424.900,73424.900,73424.900,0.000,0.000,0.000
demo-1781204751226-1826,SN II,73408.400,73408.400,73408.500,0.000,0.100,0.100
demo-1781204751226-1825,SN Ib,73408.400,73408.400,73408.400,0.000,0.000,0.000
demo-1781204751226-1824,SN Ic,73408.300,73408.300,73408.400,0.000,0.100,0.100
demo-1781204751208-1823,RR Lyrae,73390.800,73390.900,73390.900,0.100,0.000,0.100
demo-1781204751208-1822,LPV,73390.800,73390.800,73390.800,0.000,0.000,0.000
demo-1781204751208-1821,SN Ia,73390.700,73390.700,73390.800,0.000,0.100,0.100
demo-1781204751193-1820,RR Lyrae,73375.100,73375.100,73375.200,0.000,0.100,0.100
demo-1781204751193-1819,AGN,73375.100,73375.100,73375.100,0.000,0.000,0.000
demo-1781204751193-1818,AGN,73375.000,73375.000,73375.100,0.000,0.100,0.100
demo-1781204751193-1817,RR Lyrae,73374.900,73374.900,73375.000,0.000,0.100,0.100
demo-1781204751176-1816,RR Lyrae,73358.600,73358.600,73358.600,0.000,0.000,0.000
demo-1781204751176-1815,QSO,73358.500,73358.500,73358.600,0.000,0.100,0.100
demo-1781204751176-1814,RR Lyrae,73358.400,73358.400,73358.500,0.000,0.100,0.100
demo-1781204751159-1813,AGN,73341.700,73341.700,73341.800,0.000,0.100,0.100
demo-1781204751159-1812,RR Lyrae,73341.700,73341.700,73341.700,0.000,0.000,0.000
demo-1781204751159-1811,QSO,73341.700,73341.700,73341.700,0.000,0.000,0.000
demo-1781204751143-1810,RR Lyrae,73325.200,73325.200,73325.300,0.000,0.100,0.100
demo-1781204751143-1809,LPV,73325.200,73325.200,73325.200,0.000,0.000,0.000
demo-1781204751143-1808,RR Lyrae,73325.100,73325.100,73325.200,0.000,0.100,0.100
demo-1781204751143-1807,SN II,73325.000,73325.000,73325.100,0.000,0.100,0.100
demo-1781204751127-1806,RR Lyrae,73309.200,73309.200,73309.200,0.000,0.000,0.000
demo-1781204751127-1805,AGN,73309.100,73309.100,73309.200,0.000,0.100,0.100
demo-1781204751127-1804,AGN,73309.100,73309.100,73309.100,0.000,0.000,0.000
demo-1781204751125-1803,AGN,73307.500,73307.500,73307.500,0.000,0.000,0.000
demo-1781204751125-1802,RR Lyrae,73307.400,73307.400,73307.400,0.000,0.000,0.000
demo-1781204751125-1801,RR Lyrae,73307.300,73307.300,73307.400,0.000,0.100,0.100
demo-1781204751122-1800,Mira,73304.500,73304.500,73304.600,0.000,0.100,0.100
demo-1781204751122-1799,Mira,73304.500,73304.500,73304.500,0.000,0.000,0.000
demo-1781204751122-1798,SN Ia,73304.400,73304.400,73304.400,0.000,0.000,0.000
demo-1781204751122-1797,Mira,73304.300,73304.300,73304.300,0.000,0.000,0.000
demo-1781204751076-1796,SN II,73258.400,73258.400,73258.400,0.000,0.000,0.000
demo-1781204751076-1795,RR Lyrae,73258.300,73258.300,73258.400,0.000,0.100,0.100
demo-1781204751076-1794,AGN,73258.300,73258.300,73258.300,0.000,0.000,0.000
demo-1781204751059-1793,SN II,73241.300,73241.300,73241.500,0.000,0.200,0.200
demo-1781204751059-1792,RR Lyrae,73241.300,73241.300,73241.300,0.000,0.000,0.000
demo-1781204751059-1791,LPV,73241.300,73241.300,73241.300,0.000,0.000,0.000
demo-1781204751043-1790,QSO,73225.200,73225.200,73225.300,0.000,0.100,0.100
demo-1781204751043-1789,Mira,73225.200,73225.200,73225.200,0.000,0.000,0.000
demo-1781204751043-1788,RR Lyrae,73225.200,73225.200,73225.200,0.000,0.000,0.000
demo-1781204751043-1787,RR Lyrae,73225.000,73225.000,73225.100,0.000,0.100,0.100
demo-1781204751031-1786,AGN,73213.000,73213.000,73213.000,0.000,0.000,0.000
demo-1781204751031-1785,RR Lyrae,73213.000,73213.000,73213.000,0.000,0.000,0.000
demo-1781204751030-1784,RR Lyrae,73212.900,73212.900,73213.000,0.000,0.100,0.100
demo-1781204751009-1783,SN Ic,73191.800,73191.800,73191.800,0.000,0.000,0.000
demo-1781204751009-1782,RR Lyrae,73191.800,73191.800,73191.800,0.000,0.000,0.000
demo-1781204751009-1781,AGN,73191.800,73191.800,73191.800,0.000,0.000,0.000
demo-1781204751009-1780,Mira,73191.600,73191.600,73191.700,0.000,0.100,0.100
demo-1781204750992-1779,AGN,73174.300,73174.400,73174.400,0.100,0.000,0.100
demo-1781204750992-1778,Mira,73174.300,73174.300,73174.300,0.000,0.000,0.000
demo-1781204750992-1777,SN Ic,73174.100,73174.200,73174.200,0.100,0.000,0.100
demo-1781204750976-1776,Mira,73158.400,73158.400,73158.400,0.000,0.000,0.000
demo-1781204750976-1775,RR Lyrae,73158.300,73158.300,73158.400,0.000,0.100,0.100
demo-1781204750976-1774,RR Lyrae,73158.200,73158.200,73158.200,0.000,0.000,0.000
demo-1781204750959-1773,LPV,73141.700,73141.700,73141.800,0.000,0.100,0.100
demo-1781204750959-1772,Kilonova,73141.600,73141.600,73141.700,0.000,0.100,0.100
demo-1781204750959-1771,Unknown,73141.600,73141.600,73141.600,0.000,0.000,0.000
demo-1781204750943-1770,AGN,73125.100,73125.100,73125.100,0.000,0.000,0.000
demo-1781204750943-1769,RR Lyrae,73125.000,73125.000,73125.100,0.000,0.100,0.100
demo-1781204750943-1768,Unknown,73125.000,73125.000,73125.000,0.000,0.000,0.000
demo-1781204750943-1767,Mira,73124.900,73124.900,73125.000,0.000,0.100,0.100
demo-1781204750926-1766,RR Lyrae,73108.200,73108.200,73108.300,0.000,0.100,0.100
demo-1781204750926-1765,AGN,73108.100,73108.100,73108.200,0.000,0.100,0.100
demo-1781204750926-1764,LPV,73108.100,73108.100,73108.100,0.000,0.000,0.000
demo-1781204750926-1763,RR Lyrae,73108.000,73108.000,73108.100,0.000,0.100,0.100
demo-1781204750909-1762,AGN,73091.500,73091.500,73091.600,0.000,0.100,0.100
demo-1781204750909-1761,RR Lyrae,73091.400,73091.400,73091.500,0.000,0.100,0.100
demo-1781204750909-1760,RR Lyrae,73091.300,73091.300,73091.400,0.000,0.100,0.100
demo-1781204750909-1759,LPV,73091.300,73091.300,73091.300,0.000,0.000,0.000
demo-1781204750897-1758,RR Lyrae,73079.600,73079.600,73079.700,0.000,0.100,0.100
demo-1781204750897-1757,AGN,73079.500,73079.600,73079.600,0.100,0.000,0.100
demo-1781204750897-1756,Mira,73079.400,73079.400,73079.500,0.000,0.100,0.100
demo-1781204750897-1755,Cepheid,73079.300,73079.300,73079.400,0.000,0.100,0.100
demo-1781204750879-1754,AGN,73061.400,73061.400,73061.500,0.000,0.100,0.100
demo-1781204750879-1753,RR Lyrae,73061.400,73061.400,73061.400,0.000,0.000,0.000
demo-1781204750879-1752,RR Lyrae,73061.300,73061.300,73061.400,0.000,0.100,0.100
demo-1781204750879-1751,Mira,73061.200,73061.200,73061.300,0.000,0.100,0.100
demo-1781204750876-1750,SN Ic,73058.300,73058.300,73058.400,0.000,0.100,0.100
demo-1781204750876-1749,LPV,73058.200,73058.200,73058.300,0.000,0.100,0.100
demo-1781204750876-1748,Mira,73058.100,73058.100,73058.200,0.000,0.100,0.100
demo-1781204750876-1747,Mira,73058.100,73058.100,73058.100,0.000,0.000,0.000
demo-1781204750827-1746,AGN,73009.000,73009.000,73009.200,0.000,0.200,0.200
demo-1781204750827-1745,Cepheid,73008.900,73009.000,73009.000,0.100,0.000,0.100
demo-1781204750826-1744,RR Lyrae,73008.800,73008.800,73008.900,0.000,0.100,0.100
demo-1781204750810-1743,RR Lyrae,72992.400,72992.400,72992.500,0.000,0.100,0.100
demo-1781204750810-1742,AGN,72992.300,72992.300,72992.300,0.000,0.000,0.000
demo-1781204750810-1741,Unknown,72992.100,72992.100,72992.300,0.000,0.200,0.200
demo-1781204750794-1740,RR Lyrae,72975.900,72975.900,72976.000,0.000,0.100,0.100
demo-1781204750793-1739,Mira,72975.800,72975.800,72975.900,0.000,0.100,0.100
demo-1781204750793-1738,Mira,72975.600,72975.600,72975.800,0.000,0.200,0.200
demo-1781204750793-1737,Mira,72975.600,72975.600,72975.600,0.000,0.000,0.000
demo-1781204750777-1736,AGN,72959.300,72959.300,72959.400,0.000,0.100,0.100
demo-1781204750777-1735,QSO,72959.200,72959.200,72959.300,0.000,0.100,0.100
demo-1781204750777-1734,RR Lyrae,72959.000,72959.000,72959.200,0.000,0.200,0.200
demo-1781204750760-1733,RR Lyrae,72942.100,72942.100,72942.200,0.000,0.100,0.100
demo-1781204750760-1732,SN II,72942.000,72942.000,72942.000,0.000,0.000,0.000
demo-1781204750759-1731,RR Lyrae,72941.800,72941.800,72942.000,0.000,0.200,0.200
demo-1781204750743-1730,Mira,72925.500,72925.500,72925.500,0.000,0.000,0.000
demo-1781204750743-1729,RR Lyrae,72925.400,72925.400,72925.500,0.000,0.100,0.100
demo-1781204750743-1728,RR Lyrae,72925.300,72925.300,72925.400,0.000,0.100,0.100
demo-1781204750743-1727,AGN,72925.100,72925.100,72925.300,0.000,0.200,0.200
demo-1781204750726-1726,Mira,72908.500,72908.500,72908.600,0.000,0.100,0.100
demo-1781204750726-1725,Mira,72908.400,72908.400,72908.500,0.000,0.100,0.100
demo-1781204750726-1724,LPV,72908.300,72908.300,72908.400,0.000,0.100,0.100
demo-1781204750709-1723,RR Lyrae,72891.700,72891.700,72891.800,0.000,0.100,0.100
demo-1781204750709-1722,AGN,72891.600,72891.600,72891.700,0.000,0.100,0.100
demo-1781204750709-1721,RR Lyrae,72891.600,72891.600,72891.600,0.000,0.000,0.000
demo-1781204750693-1720,QSO,72875.300,72875.300,72875.300,0.000,0.000,0.000
demo-1781204750693-1719,AGN,72875.200,72875.200,72875.300,0.000,0.100,0.100
demo-1781204750693-1718,AGN,72875.100,72875.100,72875.200,0.000,0.100,0.100
demo-1781204750693-1717,Unknown,72875.000,72875.000,72875.100,0.000,0.100,0.100
demo-1781204750676-1716,RR Lyrae,72858.500,72858.500,72858.500,0.000,0.000,0.000
demo-1781204750676-1715,RR Lyrae,72858.400,72858.400,72858.500,0.000,0.100,0.100
demo-1781204750676-1714,AGN,72858.300,72858.300,72858.400,0.000,0.100,0.100
demo-1781204750676-1713,AGN,72858.300,72858.300,72858.300,0.000,0.000,0.000
demo-1781204750659-1712,AGN,72841.400,72841.400,72841.500,0.000,0.100,0.100
demo-1781204750659-1711,LPV,72841.300,72841.300,72841.400,0.000,0.100,0.100
demo-1781204750659-1710,RR Lyrae,72841.300,72841.300,72841.300,0.000,0.000,0.000
demo-1781204750659-1709,Mira,72841.200,72841.200,72841.300,0.000,0.100,0.100
demo-1781204750643-1708,Mira,72825.300,72825.300,72825.400,0.000,0.100,0.100
demo-1781204750643-1707,RR Lyrae,72825.200,72825.200,72825.300,0.000,0.100,0.100
demo-1781204750643-1706,SN II,72825.200,72825.200,72825.200,0.000,0.000,0.000
demo-1781204750643-1705,Mira,72825.100,72825.100,72825.200,0.000,0.100,0.100
demo-1781204750630-1704,AGN,72812.400,72812.400,72812.400,0.000,0.000,0.000
demo-1781204750630-1703,SN Ib,72812.400,72812.400,72812.400,0.000,0.000,0.000
demo-1781204750630-1702,AGN,72812.300,72812.300,72812.400,0.000,0.100,0.100
demo-1781204750630-1701,QSO,72812.200,72812.200,72812.300,0.000,0.100,0.100
demo-1781204750627-1700,AGN,72809.600,72809.600,72809.600,0.000,0.000,0.000
demo-1781204750627-1699,SN Ia,72809.500,72809.500,72809.600,0.000,0.100,0.100
demo-1781204750627-1698,RR Lyrae,72809.400,72809.400,72809.500,0.000,0.100,0.100
demo-1781204750627-1697,RR Lyrae,72809.300,72809.300,72809.400,0.000,0.100,0.100
demo-1781204750577-1696,Cepheid,72759.000,72759.000,72759.200,0.000,0.200,0.200
demo-1781204750577-1695,AGN,72759.000,72759.000,72759.000,0.000,0.000,0.000
demo-1781204750576-1694,SN II,72758.800,72758.800,72759.000,0.000,0.200,0.200
demo-1781204750560-1693,Cepheid,72742.300,72742.300,72742.300,0.000,0.000,0.000
demo-1781204750560-1692,Mira,72742.200,72742.200,72742.300,0.000,0.100,0.100
demo-1781204750560-1691,RR Lyrae,72742.000,72742.000,72742.100,0.000,0.100,0.100
demo-1781204750543-1690,AGN,72725.500,72725.600,72725.600,0.100,0.000,0.100
demo-1781204750543-1689,AGN,72725.500,72725.500,72725.500,0.000,0.000,0.000
demo-1781204750543-1688,Mira,72725.400,72725.400,72725.500,0.000,0.100,0.100
demo-1781204750543-1687,RR Lyrae,72725.200,72725.200,72725.300,0.000,0.100,0.100
demo-1781204750526-1686,Mira,72708.600,72708.600,72708.600,0.000,0.000,0.000
demo-1781204750526-1685,LPV,72708.400,72708.400,72708.500,0.000,0.100,0.100
demo-1781204750526-1684,Mira,72708.300,72708.300,72708.400,0.000,0.100,0.100
demo-1781204750510-1683,Mira,72692.100,72692.100,72692.100,0.000,0.000,0.000
demo-1781204750510-1682,AGN,72692.000,72692.000,72692.000,0.000,0.000,0.000
demo-1781204750509-1681,AGN,72691.800,72691.900,72692.000,0.100,0.100,0.200
demo-1781204750493-1680,Mira,72675.400,72675.400,72675.500,0.000,0.100,0.100
demo-1781204750493-1679,RR Lyrae,72675.400,72675.400,72675.400,0.000,0.000,0.000
demo-1781204750493-1678,Mira,72675.300,72675.300,72675.400,0.000,0.100,0.100
demo-1781204750493-1677,LPV,72675.200,72675.200,72675.300,0.000,0.100,0.100
demo-1781204750476-1676,RR Lyrae,72658.500,72658.500,72658.500,0.000,0.000,0.000
demo-1781204750476-1675,AGN,72658.400,72658.400,72658.500,0.000,0.100,0.100
demo-1781204750476-1674,RR Lyrae,72658.400,72658.400,72658.400,0.000,0.000,0.000
demo-1781204750459-1673,Mira,72641.800,72641.800,72641.800,0.000,0.000,0.000
demo-1781204750459-1672,LPV,72641.700,72641.700,72641.800,0.000,0.100,0.100
demo-1781204750459-1671,AGN,72641.600,72641.600,72641.700,0.000,0.100,0.100
demo-1781204750443-1670,RR Lyrae,72625.200,72625.200,72625.300,0.000,0.100,0.100
demo-1781204750443-1669,Mira,72625.200,72625.200,72625.200,0.000,0.000,0.000
demo-1781204750443-1668,AGN,72625.100,72625.100,72625.200,0.000,0.100,0.100
demo-1781204750443-1667,RR Lyrae,72625.000,72625.000,72625.000,0.000,0.000,0.000
demo-1781204750426-1666,RR Lyrae,72608.400,72608.400,72608.500,0.000,0.100,0.100
demo-1781204750426-1665,RR Lyrae,72608.400,72608.400,72608.400,0.000,0.000,0.000
demo-1781204750426-1664,RR Lyrae,72608.300,72608.300,72608.400,0.000,0.100,0.100
demo-1781204750426-1663,SN Ia,72608.200,72608.200,72608.300,0.000,0.100,0.100
demo-1781204750409-1662,RR Lyrae,72591.800,72591.800,72591.800,0.000,0.000,0.000
demo-1781204750409-1661,RR Lyrae,72591.600,72591.700,72591.800,0.100,0.100,0.200
demo-1781204750409-1660,Mira,72591.600,72591.600,72591.600,0.000,0.000,0.000
demo-1781204750409-1659,QSO,72591.500,72591.500,72591.600,0.000,0.100,0.100
demo-1781204750393-1658,RR Lyrae,72575.200,72575.200,72575.300,0.000,0.100,0.100
demo-1781204750393-1657,RR Lyrae,72575.100,72575.100,72575.200,0.000,0.100,0.100
demo-1781204750393-1656,Mira,72575.100,72575.100,72575.100,0.000,0.000,0.000
demo-1781204750393-1655,Mira,72574.900,72574.900,72575.100,0.000,0.200,0.200
demo-1781204750377-1654,RR Lyrae,72559.500,72559.500,72559.500,0.000,0.000,0.000
demo-1781204750377-1653,Mira,72559.400,72559.400,72559.500,0.000,0.100,0.100
demo-1781204750377-1652,AGN,72559.300,72559.300,72559.400,0.000,0.100,0.100
demo-1781204750377-1651,RR Lyrae,72559.300,72559.300,72559.300,0.000,0.000,0.000
demo-1781204750374-1650,Mira,72556.500,72556.500,72556.500,0.000,0.000,0.000
demo-1781204750374-1649,LPV,72556.400,72556.400,72556.500,0.000,0.100,0.100
demo-1781204750374-1648,AGN,72556.400,72556.400,72556.400,0.000,0.000,0.000
demo-1781204750374-1647,RR Lyrae,72556.200,72556.200,72556.400,0.000,0.200,0.200
demo-1781204750326-1646,RR Lyrae,72508.800,72508.800,72508.900,0.000,0.100,0.100
demo-1781204750326-1645,QSO,72508.700,72508.700,72508.800,0.000,0.100,0.100
demo-1781204750326-1644,Mira,72508.500,72508.600,72508.600,0.100,0.000,0.100
demo-1781204750310-1643,Unknown,72492.000,72492.000,72492.100,0.000,0.100,0.100
demo-1781204750310-1642,Mira,72491.900,72491.900,72491.900,0.000,0.000,0.000
demo-1781204750309-1641,Unknown,72491.800,72491.800,72491.900,0.000,0.100,0.100
demo-1781204750293-1640,AGN,72475.600,72475.600,72475.600,0.000,0.000,0.000
demo-1781204750293-1639,RR Lyrae,72475.400,72475.400,72475.600,0.000,0.200,0.200
demo-1781204750293-1638,RR Lyrae,72475.300,72475.300,72475.400,0.000,0.100,0.100
demo-1781204750293-1637,LPV,72475.200,72475.200,72475.300,0.000,0.100,0.100
demo-1781204750276-1636,RR Lyrae,72458.500,72458.500,72458.600,0.000,0.100,0.100
demo-1781204750276-1635,AGN,72458.400,72458.400,72458.500,0.000,0.100,0.100
demo-1781204750276-1634,SN II,72458.300,72458.300,72458.400,0.000,0.100,0.100
demo-1781204750259-1633,SN Ia,72441.600,72441.600,72441.700,0.000,0.100,0.100
demo-1781204750259-1632,RR Lyrae,72441.500,72441.500,72441.600,0.000,0.100,0.100
demo-1781204750259-1631,SN II,72441.300,72441.300,72441.400,0.000,0.100,0.100
demo-1781204750243-1630,RR Lyrae,72425.500,72425.500,72425.600,0.000,0.100,0.100
demo-1781204750243-1629,QSO,72425.400,72425.400,72425.500,0.000,0.100,0.100
demo-1781204750243-1628,RR Lyrae,72425.300,72425.300,72425.400,0.000,0.100,0.100
demo-1781204750243-1627,Mira,72425.200,72425.200,72425.300,0.000,0.100,0.100
demo-1781204750226-1626,AGN,72408.500,72408.500,72408.500,0.000,0.000,0.000
demo-1781204750226-1625,RR Lyrae,72408.300,72408.300,72408.500,0.000,0.200,0.200
demo-1781204750226-1624,AGN,72408.200,72408.200,72408.300,0.000,0.100,0.100
demo-1781204750209-1623,SN Ia,72391.700,72391.700,72391.800,0.000,0.100,0.100
demo-1781204750209-1622,Mira,72391.600,72391.600,72391.700,0.000,0.100,0.100
demo-1781204750209-1621,Unknown,72391.500,72391.500,72391.600,0.000,0.100,0.100
demo-1781204750193-1620,QSO,72375.200,72375.200,72375.300,0.000,0.100,0.100
demo-1781204750193-1619,SN Ia,72375.100,72375.100,72375.200,0.000,0.100,0.100
demo-1781204750193-1618,QSO,72375.100,72375.100,72375.100,0.000,0.000,0.000
demo-1781204750193-1617,QSO,72374.900,72374.900,72375.100,0.000,0.200,0.200
demo-1781204750176-1616,RR Lyrae,72358.500,72358.500,72358.500,0.000,0.000,0.000
demo-1781204750176-1615,RR Lyrae,72358.400,72358.400,72358.500,0.000,0.100,0.100
demo-1781204750176-1614,RR Lyrae,72358.400,72358.400,72358.400,0.000,0.000,0.000
demo-1781204750176-1613,QSO,72358.300,72358.300,72358.400,0.000,0.100,0.100
demo-1781204750159-1612,AGN,72341.800,72341.800,72341.900,0.000,0.100,0.100
demo-1781204750159-1611,AGN,72341.800,72341.800,72341.800,0.000,0.000,0.000
demo-1781204750159-1610,AGN,72341.600,72341.700,72341.700,0.100,0.000,0.100
demo-1781204750159-1609,AGN,72341.500,72341.600,72341.600,0.100,0.000,0.100
demo-1781204750143-1608,RR Lyrae,72325.000,72325.000,72325.200,0.000,0.200,0.200
demo-1781204750143-1607,RR Lyrae,72325.000,72325.000,72325.000,0.000,0.000,0.000
demo-1781204750143-1606,RR Lyrae,72325.000,72325.000,72325.000,0.000,0.000,0.000
demo-1781204750142-1605,Cepheid,72324.800,72324.800,72325.000,0.000,0.200,0.200
demo-1781204750129-1604,Cepheid,72310.900,72310.900,72310.900,0.000,0.000,0.000
demo-1781204750128-1603,Mira,72310.900,72310.900,72310.900,0.000,0.000,0.000
demo-1781204750128-1602,Unknown,72310.800,72310.800,72310.900,0.000,0.100,0.100
demo-1781204750128-1601,SN Ia,72310.700,72310.700,72310.800,0.000,0.100,0.100
demo-1781204750125-1600,RR Lyrae,72307.700,72307.700,72307.800,0.000,0.100,0.100
demo-1781204750125-1599,Mira,72307.700,72307.700,72307.700,0.000,0.000,0.000
demo-1781204750125-1598,AGN,72307.600,72307.600,72307.700,0.000,0.100,0.100
demo-1781204750125-1597,Unknown,72307.400,72307.400,72307.600,0.000,0.200,0.200
demo-1781204750076-1596,RR Lyrae,72258.500,72258.500,72258.500,0.000,0.000,0.000
demo-1781204750076-1595,Mira,72258.400,72258.400,72258.500,0.000,0.100,0.100
demo-1781204750076-1594,RR Lyrae,72258.300,72258.300,72258.400,0.000,0.100,0.100
demo-1781204750059-1593,Mira,72241.800,72241.800,72241.900,0.000,0.100,0.100
demo-1781204750059-1592,Mira,72241.700,72241.700,72241.800,0.000,0.100,0.100
demo-1781204750059-1591,Mira,72241.600,72241.600,72241.700,0.000,0.100,0.100
demo-1781204750043-1590,Mira,72225.300,72225.300,72225.400,0.000,0.100,0.100
demo-1781204750043-1589,RR Lyrae,72225.200,72225.200,72225.300,0.000,0.100,0.100
demo-1781204750043-1588,SN Ia,72225.100,72225.100,72225.200,0.000,0.100,0.100
demo-1781204750043-1587,AGN,72225.000,72225.000,72225.100,0.000,0.100,0.100
demo-1781204750032-1586,AGN,72214.700,72214.700,72214.700,0.000,0.000,0.000
demo-1781204750032-1585,RR Lyrae,72214.500,72214.500,72214.700,0.000,0.200,0.200
demo-1781204750032-1584,RR Lyrae,72214.500,72214.500,72214.500,0.000,0.000,0.000
demo-1781204750009-1583,QSO,72191.900,72191.900,72192.000,0.000,0.100,0.100
demo-1781204750009-1582,RR Lyrae,72191.800,72191.800,72191.900,0.000,0.100,0.100
demo-1781204750009-1581,Mira,72191.600,72191.600,72191.800,0.000,0.200,0.200
demo-1781204749993-1580,SN Ia,72175.400,72175.400,72175.500,0.000,0.100,0.100
demo-1781204749993-1579,RR Lyrae,72175.300,72175.300,72175.400,0.000,0.100,0.100
demo-1781204749993-1578,SN II,72175.300,72175.300,72175.300,0.000,0.000,0.000
demo-1781204749993-1577,RR Lyrae,72175.100,72175.100,72175.300,0.000,0.200,0.200
demo-1781204749976-1576,QSO,72158.900,72158.900,72158.900,0.000,0.000,0.000
demo-1781204749976-1575,AGN,72158.800,72158.800,72158.900,0.000,0.100,0.100
demo-1781204749976-1574,RR Lyrae,72158.700,72158.700,72158.800,0.000,0.100,0.100
demo-1781204749959-1573,QSO,72141.900,72141.900,72141.900,0.000,0.000,0.000
demo-1781204749959-1572,Unknown,72141.700,72141.700,72141.900,0.000,0.200,0.200
demo-1781204749959-1571,Mira,72141.600,72141.600,72141.700,0.000,0.100,0.100
demo-1781204749943-1570,RR Lyrae,72125.200,72125.200,72125.300,0.000,0.100,0.100
demo-1781204749943-1569,SN II,72125.200,72125.200,72125.200,0.000,0.000,0.000
demo-1781204749943-1568,LPV,72125.100,72125.100,72125.200,0.000,0.100,0.100
demo-1781204749943-1567,AGN,72125.000,72125.000,72125.100,0.000,0.100,0.100
demo-1781204749926-1566,RR Lyrae,72108.500,72108.500,72108.600,0.000,0.100,0.100
demo-1781204749926-1565,QSO,72108.400,72108.400,72108.500,0.000,0.100,0.100
demo-1781204749926-1564,Mira,72108.300,72108.300,72108.400,0.000,0.100,0.100
demo-1781204749926-1563,Cepheid,72108.300,72108.300,72108.300,0.000,0.000,0.000
demo-1781204749908-1562,QSO,72090.800,72090.800,72090.900,0.000,0.100,0.100
demo-1781204749908-1561,Cepheid,72090.800,72090.800,72090.800,0.000,0.000,0.000
demo-1781204749908-1560,AGN,72090.700,72090.700,72090.800,0.000,0.100,0.100
demo-1781204749908-1559,Mira,72090.600,72090.600,72090.700,0.000,0.100,0.100
demo-1781204749893-1558,RR Lyrae,72075.100,72075.100,72075.200,0.000,0.100,0.100
demo-1781204749893-1557,RR Lyrae,72075.000,72075.000,72075.100,0.000,0.100,0.100
demo-1781204749893-1556,QSO,72075.000,72075.000,72075.000,0.000,0.000,0.000
demo-1781204749893-1555,SN II,72074.900,72074.900,72074.900,0.000,0.000,0.000
demo-1781204749878-1554,RR Lyrae,72060.800,72060.800,72060.900,0.000,0.100,0.100
demo-1781204749878-1553,Unknown,72060.800,72060.800,72060.800,0.000,0.000,0.000
demo-1781204749878-1552,Mira,72060.700,72060.700,72060.800,0.000,0.100,0.100
demo-1781204749878-1551,RR Lyrae,72060.700,72060.700,72060.700,0.000,0.000,0.000
demo-1781204749876-1550,AGN,72058.000,72058.000,72058.100,0.000,0.100,0.100
demo-1781204749876-1549,QSO,72057.900,72057.900,72058.000,0.000,0.100,0.100
demo-1781204749876-1548,Mira,72057.800,72057.800,72057.900,0.000,0.100,0.100
demo-1781204749875-1547,AGN,72057.700,72057.700,72057.800,0.000,0.100,0.100
demo-1781204749827-1546,RR Lyrae,72008.900,72008.900,72009.000,0.000,0.100,0.100
demo-1781204749826-1545,AGN,72008.800,72008.900,72008.900,0.100,0.000,0.100
demo-1781204749826-1544,AGN,72008.600,72008.600,72008.700,0.000,0.100,0.100
demo-1781204749810-1543,LPV,71992.000,71992.000,71992.100,0.000,0.100,0.100
demo-1781204749810-1542,SN Ia,71991.900,71991.900,71992.000,0.000,0.100,0.100
demo-1781204749809-1541,Cepheid,71991.800,71991.800,71991.900,0.000,0.100,0.100
demo-1781204749793-1540,SN II,71975.400,71975.400,71975.500,0.000,0.100,0.100
demo-1781204749793-1539,Unknown,71975.400,71975.400,71975.400,0.000,0.000,0.000
demo-1781204749793-1538,RR Lyrae,71975.200,71975.200,71975.400,0.000,0.200,0.200
demo-1781204749793-1537,RR Lyrae,71975.100,71975.100,71975.200,0.000,0.100,0.100
demo-1781204749776-1536,Mira,71958.700,71958.700,71958.700,0.000,0.000,0.000
demo-1781204749776-1535,SN II,71958.600,71958.600,71958.700,0.000,0.100,0.100
demo-1781204749776-1534,AGN,71958.400,71958.400,71958.600,0.000,0.200,0.200
demo-1781204749760-1533,RR Lyrae,71942.100,71942.100,71942.100,0.000,0.000,0.000
demo-1781204749760-1532,Cepheid,71942.000,71942.000,71942.100,0.000,0.100,0.100
demo-1781204749759-1531,AGN,71941.900,71941.900,71942.000,0.000,0.100,0.100
demo-1781204749743-1530,RR Lyrae,71925.100,71925.100,71925.300,0.000,0.200,0.200
demo-1781204749743-1529,RR Lyrae,71925.000,71925.000,71925.100,0.000,0.100,0.100
demo-1781204749743-1528,Mira,71924.900,71924.900,71925.000,0.000,0.100,0.100
demo-1781204749743-1527,SN II,71924.900,71924.900,71924.900,0.000,0.000,0.000
demo-1781204749726-1526,SN Ia,71908.300,71908.300,71908.400,0.000,0.100,0.100
demo-1781204749726-1525,AGN,71908.300,71908.300,71908.300,0.000,0.000,0.000
demo-1781204749726-1524,RR Lyrae,71908.100,71908.100,71908.300,0.000,0.200,0.200
demo-1781204749710-1523,SN II,71892.200,71892.200,71892.300,0.000,0.100,0.100
demo-1781204749710-1522,QSO,71892.100,71892.100,71892.200,0.000,0.100,0.100
demo-1781204749710-1521,AGN,71892.000,71892.000,71892.100,0.000,0.100,0.100
demo-1781204749693-1520,QSO,71875.400,71875.400,71875.500,0.000,0.100,0.100
demo-1781204749693-1519,LPV,71875.200,71875.200,71875.400,0.000,0.200,0.200
demo-1781204749693-1518,AGN,71875.200,71875.200,71875.200,0.000,0.000,0.000
demo-1781204749693-1517,RR Lyrae,71875.100,71875.100,71875.200,0.000,0.100,0.100
demo-1781204749676-1516,Unknown,71858.200,71858.200,71858.300,0.000,0.100,0.100
demo-1781204749676-1515,SN II,71858.100,71858.100,71858.200,0.000,0.100,0.100
demo-1781204749676-1514,RR Lyrae,71858.000,71858.000,71858.100,0.000,0.100,0.100
demo-1781204749676-1513,RR Lyrae,71857.900,71857.900,71858.000,0.000,0.100,0.100
demo-1781204749659-1512,QSO,71841.900,71841.900,71841.900,0.000,0.000,0.000
demo-1781204749659-1511,RR Lyrae,71841.700,71841.700,71841.800,0.000,0.100,0.100
demo-1781204749659-1510,AGN,71841.700,71841.700,71841.700,0.000,0.000,0.000
demo-1781204749659-1509,AGN,71841.600,71841.600,71841.700,0.000,0.100,0.100
demo-1781204749643-1508,Cepheid,71825.100,71825.100,71825.100,0.000,0.000,0.000
demo-1781204749643-1507,LPV,71825.000,71825.000,71825.100,0.000,0.100,0.100
demo-1781204749643-1506,AGN,71824.900,71824.900,71825.000,0.000,0.100,0.100
demo-1781204749643-1505,RR Lyrae,71824.900,71824.900,71824.900,0.000,0.000,0.000
demo-1781204749631-1504,AGN,71813.300,71813.300,71813.400,0.000,0.100,0.100
demo-1781204749631-1503,SN Ia,71813.300,71813.300,71813.300,0.000,0.000,0.000
demo-1781204749631-1502,RR Lyrae,71813.200,71813.300,71813.300,0.100,0.000,0.100
demo-1781204749631-1501,Unknown,71813.100,71813.100,71813.200,0.000,0.100,0.100
demo-1781204749628-1500,RR Lyrae,71810.400,71810.400,71810.400,0.000,0.000,0.000
demo-1781204749628-1499,QSO,71810.300,71810.300,71810.400,0.000,0.100,0.100
demo-1781204749628-1498,AGN,71810.300,71810.300,71810.300,0.000,0.000,0.000
demo-1781204749628-1497,Unknown,71810.100,71810.100,71810.300,0.000,0.200,0.200
demo-1781204749577-1496,AGN,71758.900,71758.900,71759.100,0.000,0.200,0.200
demo-1781204749576-1495,AGN,71758.800,71758.800,71758.900,0.000,0.100,0.100
demo-1781204749576-1494,LPV,71758.600,71758.600,71758.800,0.000,0.200,0.200
demo-1781204749560-1493,Mira,71742.200,71742.200,71742.300,0.000,0.100,0.100
demo-1781204749560-1492,RR Lyrae,71742.000,71742.000,71742.200,0.000,0.200,0.200
demo-1781204749560-1491,RR Lyrae,71741.900,71741.900,71742.000,0.000,0.100,0.100
demo-1781204749543-1490,RR Lyrae,71725.600,71725.600,71725.800,0.000,0.200,0.200
demo-1781204749543-1489,Unknown,71725.500,71725.500,71725.600,0.000,0.100,0.100
demo-1781204749543-1488,Unknown,71725.400,71725.400,71725.500,0.000,0.100,0.100
demo-1781204749543-1487,QSO,71725.300,71725.300,71725.400,0.000,0.100,0.100
demo-1781204749526-1486,Mira,71708.600,71708.600,71708.700,0.000,0.100,0.100
demo-1781204749526-1485,AGN,71708.500,71708.500,71708.600,0.000,0.100,0.100
demo-1781204749526-1484,RR Lyrae,71708.400,71708.400,71708.500,0.000,0.100,0.100
demo-1781204749510-1483,RR Lyrae,71692.000,71692.000,71692.000,0.000,0.000,0.000
demo-1781204749509-1482,RR Lyrae,71691.800,71691.800,71691.900,0.000,0.100,0.100
demo-1781204749509-1481,SN II,71691.700,71691.700,71691.800,0.000,0.100,0.100
demo-1781204749493-1480,AGN,71675.300,71675.300,71675.400,0.000,0.100,0.100
demo-1781204749493-1479,Mira,71675.100,71675.100,71675.300,0.000,0.200,0.200
demo-1781204749493-1478,Cepheid,71675.100,71675.100,71675.100,0.000,0.000,0.000
demo-1781204749493-1477,Unknown,71675.000,71675.000,71675.100,0.000,0.100,0.100
demo-1781204749476-1476,Unknown,71658.500,71658.500,71658.600,0.000,0.100,0.100
demo-1781204749476-1475,AGN,71658.500,71658.500,71658.500,0.000,0.000,0.000
demo-1781204749476-1474,AGN,71658.300,71658.300,71658.500,0.000,0.200,0.200
demo-1781204749459-1473,AGN,71641.400,71641.400,71641.500,0.000,0.100,0.100
demo-1781204749459-1472,QSO,71641.300,71641.300,71641.400,0.000,0.100,0.100
demo-1781204749459-1471,Unknown,71641.300,71641.300,71641.300,0.000,0.000,0.000
demo-1781204749443-1470,RR Lyrae,71625.200,71625.200,71625.300,0.000,0.100,0.100
demo-1781204749443-1469,SN II,71625.100,71625.100,71625.100,0.000,0.000,0.000
demo-1781204749443-1468,RR Lyrae,71625.100,71625.100,71625.100,0.000,0.000,0.000
demo-1781204749443-1467,RR Lyrae,71624.900,71624.900,71625.100,0.000,0.200,0.200
demo-1781204749426-1466,QSO,71608.600,71608.600,71608.600,0.000,0.000,0.000
demo-1781204749426-1465,RR Lyrae,71608.500,71608.500,71608.600,0.000,0.100,0.100
demo-1781204749426-1464,QSO,71608.500,71608.500,71608.500,0.000,0.000,0.000
demo-1781204749426-1463,LPV,71608.300,71608.300,71608.400,0.000,0.100,0.100
demo-1781204749409-1462,QSO,71591.700,71591.700,71591.800,0.000,0.100,0.100
demo-1781204749409-1461,RR Lyrae,71591.600,71591.600,71591.700,0.000,0.100,0.100
demo-1781204749409-1460,AGN,71591.600,71591.600,71591.600,0.000,0.000,0.000
demo-1781204749409-1459,Unknown,71591.500,71591.500,71591.600,0.000,0.100,0.100
demo-1781204749393-1458,LPV,71575.200,71575.200,71575.200,0.000,0.000,0.000
demo-1781204749393-1457,Mira,71575.100,71575.100,71575.200,0.000,0.100,0.100
demo-1781204749393-1456,SN Ia,71575.000,71575.000,71575.100,0.000,0.100,0.100
demo-1781204749393-1455,SN Ia,71574.900,71575.000,71575.000,0.100,0.000,0.100
demo-1781204749378-1454,SN II,71560.100,71560.100,71560.100,0.000,0.000,0.000
demo-1781204749378-1453,Mira,71560.000,71560.000,71560.000,0.000,0.000,0.000
demo-1781204749378-1452,AGN,71559.900,71559.900,71560.000,0.000,0.100,0.100
demo-1781204749378-1451,SN Ia,71559.900,71559.900,71559.900,0.000,0.000,0.000
demo-1781204749375-1450,RR Lyrae,71557.200,71557.200,71557.300,0.000,0.100,0.100
demo-1781204749375-1449,RR Lyrae,71557.200,71557.200,71557.200,0.000,0.000,0.000
demo-1781204749375-1448,Mira,71557.100,71557.100,71557.200,0.000,0.100,0.100
demo-1781204749375-1447,Unknown,71557.000,71557.000,71557.100,0.000,0.100,0.100
demo-1781204749326-1446,AGN,71508.700,71508.700,71508.800,0.000,0.100,0.100
demo-1781204749326-1445,SN Ia,71508.600,71508.600,71508.700,0.000,0.100,0.100
demo-1781204749326-1444,AGN,71508.500,71508.500,71508.600,0.000,0.100,0.100
demo-1781204749310-1443,AGN,71492.000,71492.000,71492.100,0.000,0.100,0.100
demo-1781204749310-1442,Mira,71491.900,71491.900,71492.000,0.000,0.100,0.100
demo-1781204749309-1441,AGN,71491.900,71491.900,71491.900,0.000,0.000,0.000
demo-1781204749293-1440,SN Ia,71475.300,71475.400,71475.500,0.100,0.100,0.200
demo-1781204749293-1439,AGN,71475.300,71475.300,71475.300,0.000,0.000,0.000
demo-1781204749293-1438,RR Lyrae,71475.200,71475.200,71475.300,0.000,0.100,0.100
demo-1781204749293-1437,Mira,71475.100,71475.100,71475.200,0.000,0.100,0.100
demo-1781204749276-1436,RR Lyrae,71458.500,71458.500,71458.600,0.000,0.100,0.100
demo-1781204749276-1435,SN Ic,71458.500,71458.500,71458.500,0.000,0.000,0.000
demo-1781204749276-1434,LPV,71458.400,71458.400,71458.500,0.000,0.100,0.100
demo-1781204749259-1433,AGN,71441.800,71441.800,71441.800,0.000,0.000,0.000
demo-1781204749259-1432,Mira,71441.700,71441.700,71441.800,0.000,0.100,0.100
demo-1781204749259-1431,RR Lyrae,71441.600,71441.600,71441.600,0.000,0.000,0.000
demo-1781204749243-1430,RR Lyrae,71425.100,71425.100,71425.300,0.000,0.200,0.200
demo-1781204749243-1429,QSO,71425.100,71425.100,71425.100,0.000,0.000,0.000
demo-1781204749243-1428,Mira,71425.000,71425.000,71425.100,0.000,0.100,0.100
demo-1781204749243-1427,AGN,71424.900,71424.900,71425.000,0.000,0.100,0.100
demo-1781204749226-1426,RR Lyrae,71408.400,71408.400,71408.400,0.000,0.000,0.000
demo-1781204749226-1425,LPV,71408.300,71408.300,71408.400,0.000,0.100,0.100
demo-1781204749226-1424,SN II,71408.200,71408.200,71408.300,0.000,0.100,0.100
demo-1781204749209-1423,RR Lyrae,71391.800,71391.800,71391.900,0.000,0.100,0.100
demo-1781204749209-1422,SN II,71391.700,71391.700,71391.800,0.000,0.100,0.100
demo-1781204749209-1421,RR Lyrae,71391.700,71391.700,71391.700,0.000,0.000,0.000
demo-1781204749209-1420,Unknown,71391.500,71391.500,71391.700,0.000,0.200,0.200
demo-1781204749192-1419,LPV,71374.700,71374.700,71374.800,0.000,0.100,0.100
demo-1781204749192-1418,LPV,71374.700,71374.700,71374.700,0.000,0.000,0.000
demo-1781204749192-1417,RR Lyrae,71374.500,71374.500,71374.600,0.000,0.100,0.100
demo-1781204749176-1416,SN Ib,71358.500,71358.500,71358.600,0.000,0.100,0.100
demo-1781204749176-1415,Mira,71358.500,71358.500,71358.500,0.000,0.000,0.000
demo-1781204749176-1414,Cepheid,71358.400,71358.400,71358.400,0.000,0.000,0.000
demo-1781204749176-1413,Unknown,71358.300,71358.300,71358.400,0.000,0.100,0.100
demo-1781204749159-1412,Mira,71341.900,71341.900,71342.000,0.000,0.100,0.100
demo-1781204749159-1411,Mira,71341.700,71341.700,71341.900,0.000,0.200,0.200
demo-1781204749159-1410,AGN,71341.700,71341.700,71341.700,0.000,0.000,0.000
demo-1781204749159-1409,Mira,71341.500,71341.600,71341.700,0.100,0.100,0.200
demo-1781204749143-1408,Mira,71325.200,71325.200,71325.300,0.000,0.100,0.100
demo-1781204749143-1407,Mira,71325.200,71325.200,71325.200,0.000,0.000,0.000
demo-1781204749143-1406,Mira,71325.100,71325.100,71325.200,0.000,0.100,0.100
demo-1781204749143-1405,AGN,71324.900,71324.900,71325.000,0.000,0.100,0.100
demo-1781204749126-1404,AGN,71308.400,71308.400,71308.500,0.000,0.100,0.100
demo-1781204749126-1403,RR Lyrae,71308.400,71308.400,71308.400,0.000,0.000,0.000
demo-1781204749126-1402,SN Ic,71308.300,71308.400,71308.400,0.100,0.000,0.100
demo-1781204749126-1401,AGN,71308.300,71308.300,71308.300,0.000,0.000,0.000
demo-1781204749123-1400,Cepheid,71305.700,71305.700,71305.800,0.000,0.100,0.100
demo-1781204749123-1399,Mira,71305.600,71305.600,71305.600,0.000,0.000,0.000
demo-1781204749123-1398,LPV,71305.500,71305.500,71305.600,0.000,0.100,0.100
demo-1781204749123-1397,Cepheid,71305.400,71305.400,71305.500,0.000,0.100,0.100
demo-1781204749076-1396,Unknown,71258.400,71258.400,71258.500,0.000,0.100,0.100
demo-1781204749076-1395,Mira,71258.400,71258.400,71258.400,0.000,0.000,0.000
demo-1781204749076-1394,Cepheid,71258.300,71258.300,71258.300,0.000,0.000,0.000
demo-1781204749059-1393,Mira,71241.800,71241.800,71241.900,0.000,0.100,0.100
demo-1781204749059-1392,RR Lyrae,71241.800,71241.800,71241.800,0.000,0.000,0.000
demo-1781204749059-1391,RR Lyrae,71241.600,71241.600,71241.700,0.000,0.100,0.100
demo-1781204749043-1390,SN II,71225.100,71225.100,71225.200,0.000,0.100,0.100
demo-1781204749043-1389,Mira,71225.100,71225.100,71225.100,0.000,0.000,0.000
demo-1781204749043-1388,RR Lyrae,71225.100,71225.100,71225.100,0.000,0.000,0.000
demo-1781204749043-1387,QSO,71224.900,71224.900,71225.100,0.000,0.200,0.200
demo-1781204749031-1386,QSO,71213.300,71213.300,71213.300,0.000,0.000,0.000
demo-1781204749031-1385,AGN,71213.200,71213.200,71213.300,0.000,0.100,0.100
demo-1781204749031-1384,Mira,71213.200,71213.200,71213.200,0.000,0.000,0.000
demo-1781204749009-1383,RR Lyrae,71191.700,71191.700,71191.700,0.000,0.000,0.000
demo-1781204749009-1382,Mira,71191.700,71191.700,71191.700,0.000,0.000,0.000
demo-1781204749009-1381,AGN,71191.500,71191.500,71191.600,0.000,0.100,0.100
demo-1781204748993-1380,AGN,71175.300,71175.300,71175.400,0.000,0.100,0.100
demo-1781204748993-1379,Mira,71175.200,71175.200,71175.300,0.000,0.100,0.100
demo-1781204748993-1378,AGN,71175.100,71175.100,71175.200,0.000,0.100,0.100
demo-1781204748993-1377,RR Lyrae,71175.000,71175.000,71175.100,0.000,0.100,0.100
demo-1781204748976-1376,RR Lyrae,71158.400,71158.400,71158.500,0.000,0.100,0.100
demo-1781204748976-1375,RR Lyrae,71158.400,71158.400,71158.400,0.000,0.000,0.000
demo-1781204748976-1374,SN Ia,71158.300,71158.300,71158.400,0.000,0.100,0.100
demo-1781204748959-1373,AGN,71141.600,71141.600,71141.700,0.000,0.100,0.100
demo-1781204748959-1372,LPV,71141.500,71141.500,71141.600,0.000,0.100,0.100
demo-1781204748959-1371,SN II,71141.400,71141.400,71141.500,0.000,0.100,0.100
demo-1781204748943-1370,AGN,71125.000,71125.000,71125.000,0.000,0.000,0.000
demo-1781204748943-1369,SN Ia,71124.900,71124.900,71125.000,0.000,0.100,0.100
demo-1781204748942-1368,AGN,71124.800,71124.800,71124.900,0.000,0.100,0.100
demo-1781204748942-1367,AGN,71124.700,71124.700,71124.800,0.000,0.100,0.100
demo-1781204748926-1366,Mira,71108.300,71108.300,71108.400,0.000,0.100,0.100
demo-1781204748926-1365,AGN,71108.300,71108.300,71108.300,0.000,0.000,0.000
demo-1781204748926-1364,SN Ia,71108.200,71108.200,71108.300,0.000,0.100,0.100
demo-1781204748926-1363,SN Ia,71108.100,71108.100,71108.200,0.000,0.100,0.100
demo-1781204748910-1362,Mira,71091.900,71091.900,71092.000,0.000,0.100,0.100
demo-1781204748909-1361,RR Lyrae,71091.900,71091.900,71091.900,0.000,0.000,0.000
demo-1781204748909-1360,Cepheid,71091.800,71091.800,71091.900,0.000,0.100,0.100
demo-1781204748909-1359,AGN,71091.700,71091.700,71091.800,0.000,0.100,0.100
demo-1781204748892-1358,Cepheid,71074.200,71074.200,71074.200,0.000,0.000,0.000
demo-1781204748892-1357,Cepheid,71074.100,71074.100,71074.200,0.000,0.100,0.100
demo-1781204748892-1356,Unknown,71074.100,71074.100,71074.100,0.000,0.000,0.000
demo-1781204748892-1355,SN Ia,71073.900,71073.900,71074.100,0.000,0.200,0.200
demo-1781204748878-1354,SN Ia,71060.600,71060.600,71060.700,0.000,0.100,0.100
demo-1781204748878-1353,RR Lyrae,71060.500,71060.500,71060.600,0.000,0.100,0.100
demo-1781204748878-1352,Unknown,71060.400,71060.400,71060.500,0.000,0.100,0.100
demo-1781204748878-1351,RR Lyrae,71060.400,71060.400,71060.400,0.000,0.000,0.000
demo-1781204748875-1350,AGN,71057.600,71057.600,71057.700,0.000,0.100,0.100
demo-1781204748875-1349,AGN,71057.600,71057.600,71057.600,0.000,0.000,0.000
demo-1781204748875-1348,Unknown,71057.400,71057.500,71057.600,0.100,0.100,0.200
demo-1781204748875-1347,AGN,71057.400,71057.400,71057.400,0.000,0.000,0.000
demo-1781204748827-1346,Unknown,71008.900,71008.900,71009.000,0.000,0.100,0.100
demo-1781204748826-1345,QSO,71008.800,71008.800,71008.900,0.000,0.100,0.100
demo-1781204748826-1344,QSO,71008.700,71008.700,71008.800,0.000,0.100,0.100
demo-1781204748810-1343,QSO,70992.300,70992.300,70992.400,0.000,0.100,0.100
demo-1781204748810-1342,Mira,70992.200,70992.200,70992.300,0.000,0.100,0.100
demo-1781204748810-1341,RR Lyrae,70992.000,70992.000,70992.200,0.000,0.200,0.200
demo-1781204748810-1340,RR Lyrae,70991.900,70991.900,70992.000,0.000,0.100,0.100
demo-1781204748793-1339,RR Lyrae,70975.000,70975.000,70975.000,0.000,0.000,0.000
demo-1781204748793-1338,Cepheid,70974.900,70974.900,70975.000,0.000,0.100,0.100
demo-1781204748792-1337,RR Lyrae,70974.800,70974.800,70974.900,0.000,0.100,0.100
demo-1781204748776-1336,RR Lyrae,70958.700,70958.700,70958.800,0.000,0.100,0.100
demo-1781204748776-1335,AGN,70958.600,70958.600,70958.700,0.000,0.100,0.100
demo-1781204748776-1334,AGN,70958.500,70958.500,70958.600,0.000,0.100,0.100
demo-1781204748760-1333,AGN,70942.000,70942.000,70942.000,0.000,0.000,0.000
demo-1781204748760-1332,RR Lyrae,70941.900,70941.900,70942.000,0.000,0.100,0.100
demo-1781204748759-1331,AGN,70941.800,70941.800,70941.900,0.000,0.100,0.100
demo-1781204748743-1330,SN Ic,70925.200,70925.200,70925.300,0.000,0.100,0.100
demo-1781204748743-1329,AGN,70925.200,70925.200,70925.200,0.000,0.000,0.000
demo-1781204748743-1328,RR Lyrae,70925.000,70925.000,70925.100,0.000,0.100,0.100
demo-1781204748743-1327,Cepheid,70924.900,70924.900,70925.000,0.000,0.100,0.100
demo-1781204748726-1326,Mira,70908.500,70908.500,70908.600,0.000,0.100,0.100
demo-1781204748726-1325,Mira,70908.500,70908.500,70908.500,0.000,0.000,0.000
demo-1781204748726-1324,SN II,70908.300,70908.400,70908.400,0.100,0.000,0.100
demo-1781204748709-1323,RR Lyrae,70891.600,70891.600,70891.800,0.000,0.200,0.200
demo-1781204748709-1322,RR Lyrae,70891.600,70891.600,70891.600,0.000,0.000,0.000
demo-1781204748709-1321,QSO,70891.500,70891.500,70891.600,0.000,0.100,0.100
demo-1781204748693-1320,AGN,70875.100,70875.100,70875.200,0.000,0.100,0.100
demo-1781204748693-1319,Unknown,70875.100,70875.100,70875.100,0.000,0.000,0.000
demo-1781204748693-1318,Mira,70875.000,70875.000,70875.100,0.000,0.100,0.100
demo-1781204748693-1317,AGN,70874.900,70874.900,70875.000,0.000,0.100,0.100
demo-1781204748676-1316,RR Lyrae,70858.500,70858.500,70858.500,0.000,0.000,0.000
demo-1781204748676-1315,AGN,70858.500,70858.500,70858.500,0.000,0.000,0.000
demo-1781204748676-1314,Cepheid,70858.400,70858.400,70858.400,0.000,0.000,0.000
demo-1781204748676-1313,RR Lyrae,70858.300,70858.300,70858.400,0.000,0.100,0.100
demo-1781204748659-1312,QSO,70841.800,70841.800,70841.800,0.000,0.000,0.000
demo-1781204748659-1311,Mira,70841.700,70841.700,70841.800,0.000,0.100,0.100
demo-1781204748659-1310,AGN,70841.600,70841.600,70841.600,0.000,0.000,0.000
demo-1781204748659-1309,QSO,70841.500,70841.500,70841.600,0.000,0.100,0.100
demo-1781204748643-1308,Mira,70825.300,70825.300,70825.400,0.000,0.100,0.100
demo-1781204748643-1307,RR Lyrae,70825.300,70825.300,70825.300,0.000,0.000,0.000
demo-1781204748643-1306,Mira,70825.200,70825.200,70825.300,0.000,0.100,0.100
demo-1781204748643-1305,RR Lyrae,70825.100,70825.100,70825.200,0.000,0.100,0.100
demo-1781204748631-1304,RR Lyrae,70813.000,70813.000,70813.000,0.000,0.000,0.000
demo-1781204748631-1303,Unknown,70812.900,70812.900,70813.000,0.000,0.100,0.100
demo-1781204748631-1302,QSO,70812.900,70812.900,70812.900,0.000,0.000,0.000
demo-1781204748630-1301,Unknown,70812.800,70812.800,70812.900,0.000,0.100,0.100
demo-1781204748628-1300,Cepheid,70810.100,70810.100,70810.200,0.000,0.100,0.100
demo-1781204748628-1299,RR Lyrae,70810.000,70810.000,70810.100,0.000,0.100,0.100
demo-1781204748628-1298,AGN,70810.000,70810.000,70810.000,0.000,0.000,0.000
demo-1781204748628-1297,SN II,70809.900,70809.900,70810.000,0.000,0.100,0.100
demo-1781204748577-1296,Cepheid,70758.900,70758.900,70759.000,0.000,0.100,0.100
demo-1781204748576-1295,RR Lyrae,70758.800,70758.800,70758.900,0.000,0.100,0.100
demo-1781204748576-1294,AGN,70758.600,70758.600,70758.800,0.000,0.200,0.200
demo-1781204748560-1293,RR Lyrae,70742.200,70742.200,70742.400,0.000,0.200,0.200
demo-1781204748560-1292,RR Lyrae,70742.100,70742.100,70742.200,0.000,0.100,0.100
demo-1781204748560-1291,AGN,70741.900,70741.900,70742.100,0.000,0.200,0.200
demo-1781204748543-1290,Unknown,70725.500,70725.500,70725.600,0.000,0.100,0.100
demo-1781204748543-1289,LPV,70725.500,70725.500,70725.500,0.000,0.000,0.000
demo-1781204748543-1288,QSO,70725.200,70725.300,70725.400,0.100,0.100,0.200
demo-1781204748543-1287,RR Lyrae,70725.200,70725.200,70725.200,0.000,0.000,0.000
demo-1781204748527-1286,SN Ib,70709.000,70709.000,70709.100,0.000,0.100,0.100
demo-1781204748526-1285,RR Lyrae,70708.800,70708.800,70709.000,0.000,0.200,0.200
demo-1781204748526-1284,Mira,70708.600,70708.700,70708.800,0.100,0.100,0.200
demo-1781204748510-1283,AGN,70692.000,70692.100,70692.100,0.100,0.000,0.100
demo-1781204748510-1282,Unknown,70692.000,70692.000,70692.000,0.000,0.000,0.000
demo-1781204748509-1281,SN Ib,70691.800,70691.800,70691.900,0.000,0.100,0.100
demo-1781204748493-1280,SN Ia,70675.400,70675.400,70675.500,0.000,0.100,0.100
demo-1781204748493-1279,Mira,70675.300,70675.300,70675.400,0.000,0.100,0.100
demo-1781204748493-1278,AGN,70675.200,70675.200,70675.300,0.000,0.100,0.100
demo-1781204748493-1277,SN Ia,70675.100,70675.100,70675.200,0.000,0.100,0.100
demo-1781204748476-1276,RR Lyrae,70658.400,70658.400,70658.400,0.000,0.000,0.000
demo-1781204748476-1275,AGN,70658.200,70658.200,70658.400,0.000,0.200,0.200
demo-1781204748476-1274,RR Lyrae,70658.200,70658.200,70658.200,0.000,0.000,0.000
demo-1781204748460-1273,RR Lyrae,70641.900,70641.900,70641.900,0.000,0.000,0.000
demo-1781204748459-1272,SN Ia,70641.700,70641.700,70641.900,0.000,0.200,0.200
demo-1781204748459-1271,RR Lyrae,70641.600,70641.700,70641.700,0.100,0.000,0.100
demo-1781204748443-1270,RR Lyrae,70625.000,70625.000,70625.100,0.000,0.100,0.100
demo-1781204748443-1269,Mira,70624.900,70624.900,70625.000,0.000,0.100,0.100
demo-1781204748443-1268,RR Lyrae,70624.900,70624.900,70624.900,0.000,0.000,0.000
demo-1781204748442-1267,RR Lyrae,70624.800,70624.800,70624.900,0.000,0.100,0.100
demo-1781204748426-1266,LPV,70608.200,70608.200,70608.400,0.000,0.200,0.200
demo-1781204748426-1265,QSO,70608.200,70608.200,70608.200,0.000,0.000,0.000
demo-1781204748426-1264,Unknown,70608.200,70608.200,70608.200,0.000,0.000,0.000
demo-1781204748426-1263,AGN,70608.100,70608.100,70608.100,0.000,0.000,0.000
demo-1781204748409-1262,AGN,70591.600,70591.600,70591.600,0.000,0.000,0.000
demo-1781204748409-1261,SN Ia,70591.600,70591.600,70591.600,0.000,0.000,0.000
demo-1781204748409-1260,RR Lyrae,70591.400,70591.400,70591.600,0.000,0.200,0.200
demo-1781204748409-1259,RR Lyrae,70591.400,70591.400,70591.400,0.000,0.000,0.000
demo-1781204748392-1258,RR Lyrae,70574.700,70574.700,70574.800,0.000,0.100,0.100
demo-1781204748392-1257,SN Ia,70574.700,70574.700,70574.700,0.000,0.000,0.000
demo-1781204748392-1256,RR Lyrae,70574.600,70574.600,70574.700,0.000,0.100,0.100
demo-1781204748392-1255,Cepheid,70574.500,70574.500,70574.600,0.000,0.100,0.100
demo-1781204748378-1254,Mira,70559.900,70559.900,70559.900,0.000,0.000,0.000
demo-1781204748377-1253,AGN,70559.900,70559.900,70559.900,0.000,0.000,0.000
demo-1781204748377-1252,Cepheid,70559.800,70559.800,70559.900,0.000,0.100,0.100
demo-1781204748377-1251,LPV,70559.700,70559.700,70559.700,0.000,0.000,0.000
demo-1781204748374-1250,RR Lyrae,70556.800,70556.800,70556.800,0.000,0.000,0.000
demo-1781204748374-1249,AGN,70556.700,70556.700,70556.700,0.000,0.000,0.000
demo-1781204748374-1248,LPV,70556.600,70556.600,70556.600,0.000,0.000,0.000
demo-1781204748374-1247,SN Ia,70556.500,70556.500,70556.600,0.000,0.100,0.100
demo-1781204748326-1246,RR Lyrae,70508.600,70508.600,70508.600,0.000,0.000,0.000
demo-1781204748326-1245,RR Lyrae,70508.400,70508.400,70508.600,0.000,0.200,0.200
demo-1781204748326-1244,RR Lyrae,70508.400,70508.400,70508.400,0.000,0.000,0.000
demo-1781204748309-1243,SN Ia,70491.800,70491.800,70491.900,0.000,0.100,0.100
demo-1781204748309-1242,AGN,70491.800,70491.800,70491.800,0.000,0.000,0.000
demo-1781204748309-1241,Mira,70491.700,70491.700,70491.700,0.000,0.000,0.000
demo-1781204748293-1240,Mira,70475.300,70475.400,70475.500,0.100,0.100,0.200
demo-1781204748293-1239,RR Lyrae,70475.300,70475.300,70475.300,0.000,0.000,0.000
demo-1781204748293-1238,Mira,70475.200,70475.200,70475.300,0.000,0.100,0.100
demo-1781204748293-1237,Mira,70475.000,70475.000,70475.200,0.000,0.200,0.200
demo-1781204748276-1236,RR Lyrae,70458.400,70458.400,70458.500,0.000,0.100,0.100
demo-1781204748276-1235,QSO,70458.300,70458.400,70458.400,0.100,0.000,0.100
demo-1781204748276-1234,RR Lyrae,70458.300,70458.300,70458.300,0.000,0.000,0.000
demo-1781204748259-1233,AGN,70441.900,70441.900,70441.900,0.000,0.000,0.000
demo-1781204748259-1232,RR Lyrae,70441.700,70441.700,70441.800,0.000,0.100,0.100
demo-1781204748259-1231,AGN,70441.600,70441.700,70441.700,0.100,0.000,0.100
demo-1781204748243-1230,AGN,70425.500,70425.500,70425.600,0.000,0.100,0.100
demo-1781204748243-1229,Cepheid,70425.500,70425.500,70425.500,0.000,0.000,0.000
demo-1781204748243-1228,Unknown,70425.400,70425.400,70425.500,0.000,0.100,0.100
demo-1781204748243-1227,Unknown,70425.200,70425.200,70425.300,0.000,0.100,0.100
demo-1781204748226-1226,RR Lyrae,70408.400,70408.400,70408.400,0.000,0.000,0.000
demo-1781204748226-1225,AGN,70408.300,70408.300,70408.400,0.000,0.100,0.100
demo-1781204748226-1224,RR Lyrae,70408.100,70408.100,70408.300,0.000,0.200,0.200
demo-1781204748209-1223,Mira,70391.600,70391.600,70391.600,0.000,0.000,0.000
demo-1781204748209-1222,LPV,70391.500,70391.500,70391.600,0.000,0.100,0.100
demo-1781204748209-1221,RR Lyrae,70391.500,70391.500,70391.500,0.000,0.000,0.000
demo-1781204748193-1220,AGN,70375.400,70375.400,70375.400,0.000,0.000,0.000
demo-1781204748193-1219,SN II,70375.200,70375.200,70375.400,0.000,0.200,0.200
demo-1781204748193-1218,Mira,70375.200,70375.200,70375.200,0.000,0.000,0.000
demo-1781204748193-1217,AGN,70375.100,70375.100,70375.100,0.000,0.000,0.000
demo-1781204748176-1216,Mira,70358.400,70358.400,70358.500,0.000,0.100,0.100
demo-1781204748176-1215,SN Ia,70358.300,70358.300,70358.400,0.000,0.100,0.100
demo-1781204748176-1214,AGN,70358.300,70358.300,70358.300,0.000,0.000,0.000
demo-1781204748176-1213,AGN,70358.200,70358.200,70358.300,0.000,0.100,0.100
demo-1781204748159-1212,AGN,70341.800,70341.800,70341.800,0.000,0.000,0.000
demo-1781204748159-1211,Unknown,70341.700,70341.700,70341.800,0.000,0.100,0.100
demo-1781204748159-1210,Unknown,70341.700,70341.700,70341.700,0.000,0.000,0.000
demo-1781204748159-1209,Unknown,70341.600,70341.600,70341.600,0.000,0.000,0.000
demo-1781204748142-1208,SN Ia,70324.200,70324.200,70324.300,0.000,0.100,0.100
demo-1781204748142-1207,Unknown,70324.100,70324.100,70324.200,0.000,0.100,0.100
demo-1781204748142-1206,Mira,70324.000,70324.000,70324.100,0.000,0.100,0.100
demo-1781204748142-1205,RR Lyrae,70324.000,70324.000,70324.000,0.000,0.000,0.000
demo-1781204748129-1204,AGN,70311.500,70311.500,70311.600,0.000,0.100,0.100
demo-1781204748129-1203,RR Lyrae,70311.400,70311.400,70311.500,0.000,0.100,0.100
demo-1781204748129-1202,Mira,70311.400,70311.400,70311.400,0.000,0.000,0.000
demo-1781204748129-1201,SN II,70311.300,70311.300,70311.400,0.000,0.100,0.100
demo-1781204748126-1200,RR Lyrae,70308.600,70308.600,70308.700,0.000,0.100,0.100
demo-1781204748126-1199,RR Lyrae,70308.600,70308.600,70308.600,0.000,0.000,0.000
demo-1781204748126-1198,RR Lyrae,70308.400,70308.500,70308.600,0.100,0.100,0.200
demo-1781204748126-1197,AGN,70308.400,70308.400,70308.400,0.000,0.000,0.000
demo-1781204748076-1196,RR Lyrae,70258.400,70258.400,70258.600,0.000,0.200,0.200
demo-1781204748076-1195,RR Lyrae,70258.400,70258.400,70258.400,0.000,0.000,0.000
demo-1781204748076-1194,RR Lyrae,70258.200,70258.300,70258.400,0.100,0.100,0.200
demo-1781204748059-1193,Mira,70241.800,70241.800,70241.800,0.000,0.000,0.000
demo-1781204748059-1192,AGN,70241.700,70241.700,70241.700,0.000,0.000,0.000
demo-1781204748059-1191,SN Ia,70241.500,70241.500,70241.600,0.000,0.100,0.100
demo-1781204748043-1190,Mira,70225.200,70225.200,70225.300,0.000,0.100,0.100
demo-1781204748043-1189,QSO,70225.100,70225.100,70225.200,0.000,0.100,0.100
demo-1781204748043-1188,LPV,70225.000,70225.000,70225.100,0.000,0.100,0.100
demo-1781204748042-1187,SN Ia,70224.800,70224.800,70224.900,0.000,0.100,0.100
demo-1781204748031-1186,RR Lyrae,70213.800,70213.800,70213.800,0.000,0.000,0.000
demo-1781204748031-1185,RR Lyrae,70213.700,70213.800,70213.800,0.100,0.000,0.100
demo-1781204748031-1184,RR Lyrae,70213.600,70213.600,70213.700,0.000,0.100,0.100
demo-1781204748010-1183,Cepheid,70192.000,70192.000,70192.100,0.000,0.100,0.100
demo-1781204748010-1182,AGN,70191.900,70191.900,70192.000,0.000,0.100,0.100
demo-1781204748009-1181,RR Lyrae,70191.800,70191.800,70191.900,0.000,0.100,0.100
demo-1781204748009-1180,AGN,70191.700,70191.700,70191.800,0.000,0.100,0.100
demo-1781204747992-1179,Cepheid,70174.800,70174.800,70174.900,0.000,0.100,0.100
demo-1781204747992-1178,Mira,70174.800,70174.800,70174.800,0.000,0.000,0.000
demo-1781204747992-1177,Cepheid,70174.700,70174.700,70174.800,0.000,0.100,0.100
demo-1781204747976-1176,LPV,70158.600,70158.600,70158.600,0.000,0.000,0.000
demo-1781204747976-1175,Mira,70158.500,70158.500,70158.500,0.000,0.000,0.000
demo-1781204747976-1174,Cepheid,70158.300,70158.300,70158.500,0.000,0.200,0.200
demo-1781204747959-1173,Mira,70141.700,70141.700,70141.800,0.000,0.100,0.100
demo-1781204747959-1172,Unknown,70141.600,70141.600,70141.700,0.000,0.100,0.100
demo-1781204747959-1171,Mira,70141.500,70141.500,70141.600,0.000,0.100,0.100
demo-1781204747943-1170,RR Lyrae,70125.000,70125.000,70125.100,0.000,0.100,0.100
demo-1781204747943-1169,Mira,70125.000,70125.000,70125.000,0.000,0.000,0.000
demo-1781204747943-1168,AGN,70124.900,70124.900,70125.000,0.000,0.100,0.100
demo-1781204747942-1167,SN Ic,70124.800,70124.800,70124.900,0.000,0.100,0.100
demo-1781204747926-1166,AGN,70108.300,70108.300,70108.400,0.000,0.100,0.100
demo-1781204747926-1165,Unknown,70108.200,70108.300,70108.300,0.100,0.000,0.100
demo-1781204747926-1164,RR Lyrae,70108.200,70108.200,70108.200,0.000,0.000,0.000
demo-1781204747926-1163,Unknown,70108.200,70108.200,70108.200,0.000,0.000,0.000
demo-1781204747909-1162,AGN,70091.600,70091.600,70091.600,0.000,0.000,0.000
demo-1781204747909-1161,Mira,70091.500,70091.500,70091.600,0.000,0.100,0.100
demo-1781204747909-1160,RR Lyrae,70091.500,70091.500,70091.500,0.000,0.000,0.000
demo-1781204747909-1159,AGN,70091.500,70091.500,70091.500,0.000,0.000,0.000
demo-1781204747892-1158,AGN,70074.100,70074.100,70074.200,0.000,0.100,0.100
demo-1781204747892-1157,SN II,70074.000,70074.100,70074.100,0.100,0.000,0.100
demo-1781204747892-1156,SN Ia,70073.900,70073.900,70074.000,0.000,0.100,0.100
demo-1781204747891-1155,RR Lyrae,70073.800,70073.800,70073.900,0.000,0.100,0.100
demo-1781204747878-1154,RR Lyrae,70060.200,70060.200,70060.300,0.000,0.100,0.100
demo-1781204747878-1153,RR Lyrae,70060.200,70060.200,70060.200,0.000,0.000,0.000
demo-1781204747878-1152,SN Ib,70060.100,70060.100,70060.200,0.000,0.100,0.100
demo-1781204747878-1151,RR Lyrae,70060.100,70060.100,70060.100,0.000,0.000,0.000
demo-1781204747875-1150,AGN,70057.500,70057.500,70057.600,0.000,0.100,0.100
demo-1781204747875-1149,Mira,70057.500,70057.500,70057.500,0.000,0.000,0.000
demo-1781204747875-1148,SN Ia,70057.400,70057.400,70057.500,0.000,0.100,0.100
demo-1781204747875-1147,Unknown,70057.300,70057.300,70057.400,0.000,0.100,0.100
demo-1781204747826-1146,AGN,70008.800,70008.800,70008.900,0.000,0.100,0.100
demo-1781204747826-1145,Mira,70008.700,70008.700,70008.800,0.000,0.100,0.100
demo-1781204747826-1144,AGN,70008.600,70008.600,70008.700,0.000,0.100,0.100
demo-1781204747810-1143,RR Lyrae,69992.300,69992.300,69992.400,0.000,0.100,0.100
demo-1781204747810-1142,SN II,69992.100,69992.100,69992.200,0.000,0.100,0.100
demo-1781204747810-1141,AGN,69992.000,69992.000,69992.100,0.000,0.100,0.100
demo-1781204747793-1140,AGN,69975.400,69975.400,69975.500,0.000,0.100,0.100
demo-1781204747793-1139,RR Lyrae,69975.200,69975.200,69975.400,0.000,0.200,0.200
demo-1781204747793-1138,AGN,69975.200,69975.200,69975.200,0.000,0.000,0.000
demo-1781204747793-1137,RR Lyrae,69975.100,69975.100,69975.200,0.000,0.100,0.100
demo-1781204747776-1136,Mira,69958.600,69958.600,69958.700,0.000,0.100,0.100
demo-1781204747776-1135,RR Lyrae,69958.600,69958.600,69958.600,0.000,0.000,0.000
demo-1781204747776-1134,SN Ia,69958.400,69958.400,69958.500,0.000,0.100,0.100
demo-1781204747760-1133,AGN,69941.900,69941.900,69942.100,0.000,0.200,0.200
demo-1781204747760-1132,RR Lyrae,69941.900,69941.900,69941.900,0.000,0.000,0.000
demo-1781204747759-1131,SN Ia,69941.800,69941.800,69941.900,0.000,0.100,0.100
demo-1781204747743-1130,RR Lyrae,69925.200,69925.200,69925.200,0.000,0.000,0.000
demo-1781204747743-1129,RR Lyrae,69925.100,69925.100,69925.200,0.000,0.100,0.100
demo-1781204747743-1128,SN Ia,69925.000,69925.000,69925.100,0.000,0.100,0.100
demo-1781204747743-1127,AGN,69924.900,69925.000,69925.000,0.100,0.000,0.100
demo-1781204747726-1126,AGN,69908.000,69908.000,69908.100,0.000,0.100,0.100
demo-1781204747726-1125,RR Lyrae,69908.000,69908.000,69908.000,0.000,0.000,0.000
demo-1781204747726-1124,AGN,69907.900,69907.900,69908.000,0.000,0.100,0.100
demo-1781204747709-1123,AGN,69891.700,69891.700,69891.800,0.000,0.100,0.100
demo-1781204747709-1122,Unknown,69891.700,69891.700,69891.700,0.000,0.000,0.000
demo-1781204747709-1121,AGN,69891.600,69891.700,69891.700,0.100,0.000,0.100
demo-1781204747693-1120,RR Lyrae,69875.100,69875.100,69875.100,0.000,0.000,0.000
demo-1781204747693-1119,LPV,69875.000,69875.000,69875.100,0.000,0.100,0.100
demo-1781204747692-1118,AGN,69874.900,69874.900,69875.000,0.000,0.100,0.100
demo-1781204747692-1117,Mira,69874.800,69874.800,69874.900,0.000,0.100,0.100
demo-1781204747676-1116,AGN,69858.300,69858.300,69858.300,0.000,0.000,0.000
demo-1781204747676-1115,AGN,69858.300,69858.300,69858.300,0.000,0.000,0.000
demo-1781204747676-1114,Cepheid,69858.200,69858.200,69858.300,0.000,0.100,0.100
demo-1781204747676-1113,RR Lyrae,69858.000,69858.000,69858.100,0.000,0.100,0.100
demo-1781204747659-1112,AGN,69841.700,69841.700,69841.700,0.000,0.000,0.000
demo-1781204747659-1111,AGN,69841.600,69841.600,69841.700,0.000,0.100,0.100
demo-1781204747659-1110,RR Lyrae,69841.500,69841.600,69841.600,0.100,0.000,0.100
demo-1781204747659-1109,SN Ia,69841.400,69841.400,69841.500,0.000,0.100,0.100
demo-1781204747643-1108,RR Lyrae,69825.600,69825.600,69825.600,0.000,0.000,0.000
demo-1781204747643-1107,Unknown,69825.500,69825.500,69825.600,0.000,0.100,0.100
demo-1781204747643-1106,AGN,69825.400,69825.400,69825.500,0.000,0.100,0.100
demo-1781204747643-1105,AGN,69825.300,69825.300,69825.400,0.000,0.100,0.100
demo-1781204747631-1104,RR Lyrae,69813.300,69813.300,69813.500,0.000,0.200,0.200
demo-1781204747631-1103,RR Lyrae,69813.300,69813.300,69813.300,0.000,0.000,0.000
demo-1781204747631-1102,RR Lyrae,69813.200,69813.200,69813.300,0.000,0.100,0.100
demo-1781204747631-1101,QSO,69813.200,69813.200,69813.200,0.000,0.000,0.000
demo-1781204747628-1100,RR Lyrae,69810.400,69810.400,69810.500,0.000,0.100,0.100
demo-1781204747628-1099,SN II,69810.300,69810.300,69810.400,0.000,0.100,0.100
demo-1781204747628-1098,Unknown,69810.200,69810.200,69810.300,0.000,0.100,0.100
demo-1781204747628-1097,RR Lyrae,69810.200,69810.200,69810.200,0.000,0.000,0.000
demo-1781204747577-1096,Mira,69759.100,69759.100,69759.200,0.000,0.100,0.100
demo-1781204747577-1095,Mira,69758.900,69758.900,69759.100,0.000,0.200,0.200
demo-1781204747576-1094,AGN,69758.700,69758.700,69758.900,0.000,0.200,0.200
demo-1781204747560-1093,SN II,69741.800,69741.800,69741.900,0.000,0.100,0.100
demo-1781204747559-1092,RR Lyrae,69741.800,69741.800,69741.800,0.000,0.000,0.000
demo-1781204747559-1091,AGN,69741.700,69741.700,69741.800,0.000,0.100,0.100
demo-1781204747543-1090,AGN,69725.200,69725.200,69725.200,0.000,0.000,0.000
demo-1781204747543-1089,RR Lyrae,69725.200,69725.200,69725.200,0.000,0.000,0.000
demo-1781204747543-1088,SN Ia,69725.000,69725.000,69725.100,0.000,0.100,0.100
demo-1781204747543-1087,AGN,69724.900,69724.900,69725.000,0.000,0.100,0.100
demo-1781204747526-1086,Cepheid,69708.500,69708.500,69708.700,0.000,0.200,0.200
demo-1781204747526-1085,Cepheid,69708.400,69708.400,69708.500,0.000,0.100,0.100
demo-1781204747526-1084,RR Lyrae,69708.300,69708.300,69708.400,0.000,0.100,0.100
demo-1781204747509-1083,Mira,69691.800,69691.800,69691.900,0.000,0.100,0.100
demo-1781204747509-1082,SN II,69691.700,69691.700,69691.800,0.000,0.100,0.100
demo-1781204747509-1081,Unknown,69691.700,69691.700,69691.700,0.000,0.000,0.000
demo-1781204747493-1080,RR Lyrae,69675.200,69675.200,69675.300,0.000,0.100,0.100
demo-1781204747493-1079,Mira,69675.100,69675.100,69675.200,0.000,0.100,0.100
demo-1781204747493-1078,AGN,69675.000,69675.000,69675.100,0.000,0.100,0.100
demo-1781204747493-1077,LPV,69675.000,69675.000,69675.000,0.000,0.000,0.000
demo-1781204747476-1076,RR Lyrae,69658.300,69658.300,69658.400,0.000,0.100,0.100
demo-1781204747476-1075,AGN,69658.200,69658.200,69658.300,0.000,0.100,0.100
demo-1781204747476-1074,SN Ia,69658.100,69658.100,69658.200,0.000,0.100,0.100
demo-1781204747459-1073,QSO,69641.700,69641.700,69641.800,0.000,0.100,0.100
demo-1781204747459-1072,SN Ia,69641.700,69641.700,69641.700,0.000,0.000,0.000
demo-1781204747459-1071,AGN,69641.500,69641.500,69641.700,0.000,0.200,0.200
demo-1781204747443-1070,AGN,69625.200,69625.200,69625.300,0.000,0.100,0.100
demo-1781204747443-1069,Cepheid,69625.200,69625.200,69625.200,0.000,0.000,0.000
demo-1781204747443-1068,SN Ib,69625.100,69625.100,69625.200,0.000,0.100,0.100
demo-1781204747443-1067,RR Lyrae,69625.000,69625.000,69625.100,0.000,0.100,0.100
demo-1781204747426-1066,LPV,69608.200,69608.200,69608.400,0.000,0.200,0.200
demo-1781204747426-1065,Unknown,69608.200,69608.200,69608.200,0.000,0.000,0.000
demo-1781204747426-1064,RR Lyrae,69608.100,69608.100,69608.200,0.000,0.100,0.100
demo-1781204747410-1063,RR Lyrae,69592.100,69592.100,69592.100,0.000,0.000,0.000
demo-1781204747410-1062,AGN,69592.000,69592.000,69592.100,0.000,0.100,0.100
demo-1781204747410-1061,RR Lyrae,69591.900,69591.900,69592.000,0.000,0.100,0.100
demo-1781204747393-1060,Unknown,69574.900,69574.900,69575.100,0.000,0.200,0.200
demo-1781204747393-1059,SN Ia,69574.900,69574.900,69574.900,0.000,0.000,0.000
demo-1781204747393-1058,RR Lyrae,69574.800,69574.800,69574.900,0.000,0.100,0.100
demo-1781204747392-1057,RR Lyrae,69574.700,69574.700,69574.800,0.000,0.100,0.100
demo-1781204747377-1056,RR Lyrae,69559.400,69559.400,69559.500,0.000,0.100,0.100
demo-1781204747377-1055,AGN,69559.300,69559.300,69559.400,0.000,0.100,0.100
demo-1781204747377-1054,AGN,69559.200,69559.200,69559.300,0.000,0.100,0.100
demo-1781204747375-1053,RR Lyrae,69557.600,69557.600,69557.600,0.000,0.000,0.000
demo-1781204747375-1052,SN Ia,69557.500,69557.500,69557.600,0.000,0.100,0.100
demo-1781204747375-1051,Mira,69557.400,69557.400,69557.500,0.000,0.100,0.100
demo-1781204747372-1050,RR Lyrae,69554.800,69554.800,69554.800,0.000,0.000,0.000
demo-1781204747372-1049,SN II,69554.700,69554.700,69554.800,0.000,0.100,0.100
demo-1781204747372-1048,SN II,69554.600,69554.600,69554.700,0.000,0.100,0.100
demo-1781204747372-1047,AGN,69554.600,69554.600,69554.600,0.000,0.000,0.000
demo-1781204747326-1046,SN Ia,69508.200,69508.200,69508.200,0.000,0.000,0.000
demo-1781204747326-1045,Mira,69508.000,69508.000,69508.100,0.000,0.100,0.100
demo-1781204747326-1044,RR Lyrae,69507.900,69507.900,69508.000,0.000,0.100,0.100
demo-1781204747310-1043,RR Lyrae,69492.000,69492.000,69492.100,0.000,0.100,0.100
demo-1781204747310-1042,RR Lyrae,69491.900,69491.900,69492.000,0.000,0.100,0.100
demo-1781204747309-1041,RR Lyrae,69491.700,69491.700,69491.900,0.000,0.200,0.200
demo-1781204747293-1040,SN II,69475.300,69475.300,69475.400,0.000,0.100,0.100
demo-1781204747293-1039,Unknown,69475.300,69475.300,69475.300,0.000,0.000,0.000
demo-1781204747293-1038,RR Lyrae,69475.200,69475.200,69475.300,0.000,0.100,0.100
demo-1781204747293-1037,SN II,69475.000,69475.000,69475.100,0.000,0.100,0.100
demo-1781204747276-1036,SN II,69458.400,69458.400,69458.500,0.000,0.100,0.100
demo-1781204747276-1035,AGN,69458.300,69458.400,69458.400,0.100,0.000,0.100
demo-1781204747276-1034,RR Lyrae,69458.200,69458.300,69458.300,0.100,0.000,0.100
demo-1781204747259-1033,SN II,69441.600,69441.600,69441.700,0.000,0.100,0.100
demo-1781204747259-1032,AGN,69441.600,69441.600,69441.600,0.000,0.000,0.000
demo-1781204747259-1031,Mira,69441.500,69441.500,69441.600,0.000,0.100,0.100
demo-1781204747243-1030,RR Lyrae,69425.000,69425.000,69425.000,0.000,0.000,0.000
demo-1781204747243-1029,Mira,69424.900,69424.900,69425.000,0.000,0.100,0.100
demo-1781204747242-1028,RR Lyrae,69424.900,69424.900,69424.900,0.000,0.000,0.000
demo-1781204747242-1027,AGN,69424.700,69424.700,69424.900,0.000,0.200,0.200
demo-1781204747226-1026,Cepheid,69408.200,69408.200,69408.200,0.000,0.000,0.000
demo-1781204747226-1025,SN Ia,69408.100,69408.100,69408.200,0.000,0.100,0.100
demo-1781204747226-1024,RR Lyrae,69408.000,69408.000,69408.000,0.000,0.000,0.000
demo-1781204747209-1023,RR Lyrae,69391.500,69391.500,69391.500,0.000,0.000,0.000
demo-1781204747209-1022,RR Lyrae,69391.400,69391.400,69391.500,0.000,0.100,0.100
demo-1781204747209-1021,Mira,69391.400,69391.400,69391.400,0.000,0.000,0.000
demo-1781204747193-1020,AGN,69375.100,69375.100,69375.100,0.000,0.000,0.000
demo-1781204747193-1019,RR Lyrae,69375.000,69375.000,69375.100,0.000,0.100,0.100
demo-1781204747193-1018,Cepheid,69374.900,69374.900,69374.900,0.000,0.000,0.000
demo-1781204747192-1017,RR Lyrae,69374.800,69374.800,69374.900,0.000,0.100,0.100
demo-1781204747176-1016,SN Ia,69358.400,69358.400,69358.400,0.000,0.000,0.000
demo-1781204747176-1015,SN II,69358.300,69358.300,69358.400,0.000,0.100,0.100
demo-1781204747176-1014,Mira,69358.200,69358.200,69358.200,0.000,0.000,0.000
demo-1781204747176-1013,AGN,69358.200,69358.200,69358.200,0.000,0.000,0.000
demo-1781204747159-1012,RR Lyrae,69341.800,69341.800,69341.800,0.000,0.000,0.000
demo-1781204747159-1011,SN Ia,69341.700,69341.700,69341.800,0.000,0.100,0.100
demo-1781204747159-1010,Mira,69341.600,69341.600,69341.700,0.000,0.100,0.100
demo-1781204747159-1009,Unknown,69341.500,69341.500,69341.600,0.000,0.100,0.100
demo-1781204747143-1008,RR Lyrae,69325.000,69325.000,69325.000,0.000,0.000,0.000
demo-1781204747143-1007,RR Lyrae,69324.900,69324.900,69325.000,0.000,0.100,0.100
demo-1781204747142-1006,RR Lyrae,69324.800,69324.800,69324.900,0.000,0.100,0.100
demo-1781204747142-1005,Unknown,69324.800,69324.800,69324.800,0.000,0.000,0.000
demo-1781204747129-1004,SN II,69311.400,69311.400,69311.500,0.000,0.100,0.100
demo-1781204747129-1003,AGN,69311.300,69311.300,69311.400,0.000,0.100,0.100
demo-1781204747129-1002,RR Lyrae,69311.200,69311.200,69311.300,0.000,0.100,0.100
demo-1781204747129-1001,AGN,69311.200,69311.200,69311.200,0.000,0.000,0.000
demo-1781204747126-1000,RR Lyrae,69308.000,69308.000,69308.100,0.000,0.100,0.100
demo-1781204747126-999,AGN,69308.000,69308.000,69308.000,0.000,0.000,0.000
demo-1781204747126-998,Cepheid,69307.900,69307.900,69308.000,0.000,0.100,0.100
demo-1781204747125-997,RR Lyrae,69307.900,69307.900,69307.900,0.000,0.000,0.000
demo-1781204747076-996,Cepheid,69258.600,69258.600,69258.600,0.000,0.000,0.000
demo-1781204747076-995,Mira,69258.500,69258.500,69258.600,0.000,0.100,0.100
demo-1781204747076-994,RR Lyrae,69258.400,69258.400,69258.500,0.000,0.100,0.100
demo-1781204747059-993,Mira,69241.800,69241.800,69241.900,0.000,0.100,0.100
demo-1781204747059-992,LPV,69241.700,69241.700,69241.800,0.000,0.100,0.100
demo-1781204747059-991,RR Lyrae,69241.600,69241.600,69241.700,0.000,0.100,0.100
demo-1781204747043-990,RR Lyrae,69225.400,69225.400,69225.400,0.000,0.000,0.000
demo-1781204747043-989,Mira,69225.300,69225.400,69225.400,0.100,0.000,0.100
demo-1781204747043-988,RR Lyrae,69225.200,69225.200,69225.300,0.000,0.100,0.100
demo-1781204747043-987,Cepheid,69225.200,69225.200,69225.200,0.000,0.000,0.000
demo-1781204747032-986,SN Ia,69214.300,69214.300,69214.400,0.000,0.100,0.100
demo-1781204747032-985,LPV,69214.200,69214.200,69214.300,0.000,0.100,0.100
demo-1781204747032-984,Cepheid,69214.100,69214.100,69214.200,0.000,0.100,0.100
demo-1781204747010-983,Unknown,69192.000,69192.000,69192.000,0.000,0.000,0.000
demo-1781204747009-982,RR Lyrae,69191.900,69191.900,69191.900,0.000,0.000,0.000
demo-1781204747009-981,SN Ia,69191.700,69191.700,69191.900,0.000,0.200,0.200
demo-1781204746993-980,RR Lyrae,69175.100,69175.200,69175.200,0.100,0.000,0.100
demo-1781204746993-979,RR Lyrae,69175.100,69175.100,69175.100,0.000,0.000,0.000
demo-1781204746993-978,AGN,69175.000,69175.000,69175.100,0.000,0.100,0.100
demo-1781204746993-977,RR Lyrae,69174.900,69174.900,69175.000,0.000,0.100,0.100
demo-1781204746976-976,Mira,69158.500,69158.500,69158.500,0.000,0.000,0.000
demo-1781204746976-975,AGN,69158.400,69158.400,69158.500,0.000,0.100,0.100
demo-1781204746976-974,Mira,69158.300,69158.400,69158.400,0.100,0.000,0.100
demo-1781204746959-973,Mira,69141.600,69141.600,69141.700,0.000,0.100,0.100
demo-1781204746959-972,RR Lyrae,69141.500,69141.600,69141.600,0.100,0.000,0.100
demo-1781204746959-971,AGN,69141.500,69141.500,69141.500,0.000,0.000,0.000
demo-1781204746959-970,RR Lyrae,69141.400,69141.400,69141.500,0.000,0.100,0.100
demo-1781204746943-969,Mira,69124.900,69124.900,69124.900,0.000,0.000,0.000
demo-1781204746942-968,AGN,69124.900,69124.900,69124.900,0.000,0.000,0.000
demo-1781204746942-967,Mira,69124.800,69124.800,69124.900,0.000,0.100,0.100
demo-1781204746942-966,LPV,69124.700,69124.700,69124.800,0.000,0.100,0.100
demo-1781204746926-965,LPV,69108.300,69108.300,69108.300,0.000,0.000,0.000
demo-1781204746926-964,RR Lyrae,69108.200,69108.200,69108.300,0.000,0.100,0.100
demo-1781204746926-963,QSO,69108.200,69108.200,69108.200,0.000,0.000,0.000
demo-1781204746926-962,AGN,69108.100,69108.100,69108.200,0.000,0.100,0.100
demo-1781204746910-961,AGN,69091.900,69091.900,69092.000,0.000,0.100,0.100
demo-1781204746909-960,SN II,69091.800,69091.800,69091.900,0.000,0.100,0.100
demo-1781204746909-959,Mira,69091.800,69091.800,69091.800,0.000,0.000,0.000
demo-1781204746909-958,Unknown,69091.700,69091.700,69091.800,0.000,0.100,0.100
demo-1781204746893-957,Mira,69075.100,69075.100,69075.200,0.000,0.100,0.100
demo-1781204746893-956,SN II,69075.000,69075.000,69075.100,0.000,0.100,0.100
demo-1781204746892-955,Unknown,69074.800,69074.800,69075.000,0.000,0.200,0.200
demo-1781204746892-954,Cepheid,69074.800,69074.800,69074.800,0.000,0.000,0.000
demo-1781204746876-953,RR Lyrae,69058.000,69058.100,69058.100,0.100,0.000,0.100
demo-1781204746876-952,Unknown,69058.000,69058.000,69058.000,0.000,0.000,0.000
demo-1781204746876-951,Unknown,69057.900,69057.900,69058.000,0.000,0.100,0.100
demo-1781204746873-950,Cepheid,69055.600,69055.600,69055.600,0.000,0.000,0.000
demo-1781204746873-949,RR Lyrae,69055.400,69055.400,69055.600,0.000,0.200,0.200
demo-1781204746873-948,QSO,69055.400,69055.400,69055.400,0.000,0.000,0.000
demo-1781204746873-947,AGN,69055.300,69055.300,69055.400,0.000,0.100,0.100
demo-1781204746826-946,SN II,69008.500,69008.500,69008.500,0.000,0.000,0.000
demo-1781204746826-945,RR Lyrae,69008.400,69008.400,69008.400,0.000,0.000,0.000
demo-1781204746826-944,Mira,69008.300,69008.300,69008.400,0.000,0.100,0.100
demo-1781204746809-943,AGN,68991.700,68991.700,68991.700,0.000,0.000,0.000
demo-1781204746809-942,Cepheid,68991.600,68991.600,68991.700,0.000,0.100,0.100
demo-1781204746809-941,AGN,68991.400,68991.400,68991.600,0.000,0.200,0.200
demo-1781204746793-940,Unknown,68975.300,68975.300,68975.300,0.000,0.000,0.000
demo-1781204746793-939,Unknown,68975.200,68975.200,68975.300,0.000,0.100,0.100
demo-1781204746793-938,Mira,68975.100,68975.100,68975.200,0.000,0.100,0.100
demo-1781204746793-937,QSO,68974.900,68974.900,68975.100,0.000,0.200,0.200
demo-1781204746776-936,AGN,68958.600,68958.600,68958.600,0.000,0.000,0.000
demo-1781204746776-935,AGN,68958.500,68958.500,68958.500,0.000,0.000,0.000
demo-1781204746776-934,RR Lyrae,68958.500,68958.500,68958.500,0.000,0.000,0.000
demo-1781204746760-933,RR Lyrae,68941.800,68941.800,68942.000,0.000,0.200,0.200
demo-1781204746759-932,Mira,68941.700,68941.700,68941.800,0.000,0.100,0.100
demo-1781204746759-931,RR Lyrae,68941.700,68941.700,68941.700,0.000,0.000,0.000
demo-1781204746743-930,SN II,68925.100,68925.100,68925.100,0.000,0.000,0.000
demo-1781204746743-929,RR Lyrae,68925.000,68925.000,68925.000,0.000,0.000,0.000
demo-1781204746743-928,RR Lyrae,68924.900,68924.900,68925.000,0.000,0.100,0.100
demo-1781204746742-927,Mira,68924.800,68924.800,68924.900,0.000,0.100,0.100
demo-1781204746726-926,RR Lyrae,68908.200,68908.200,68908.300,0.000,0.100,0.100
demo-1781204746726-925,RR Lyrae,68908.200,68908.200,68908.200,0.000,0.000,0.000
demo-1781204746726-924,Mira,68908.100,68908.100,68908.200,0.000,0.100,0.100
demo-1781204746709-923,RR Lyrae,68891.400,68891.400,68891.600,0.000,0.200,0.200
demo-1781204746709-922,RR Lyrae,68891.400,68891.400,68891.400,0.000,0.000,0.000
demo-1781204746709-921,RR Lyrae,68891.400,68891.400,68891.400,0.000,0.000,0.000
demo-1781204746693-920,RR Lyrae,68875.000,68875.000,68875.000,0.000,0.000,0.000
demo-1781204746693-919,RR Lyrae,68874.900,68874.900,68875.000,0.000,0.100,0.100
demo-1781204746692-918,RR Lyrae,68874.800,68874.800,68874.900,0.000,0.100,0.100
demo-1781204746692-917,Unknown,68874.700,68874.700,68874.800,0.000,0.100,0.100
demo-1781204746676-916,AGN,68858.200,68858.200,68858.200,0.000,0.000,0.000
demo-1781204746676-915,AGN,68858.100,68858.100,68858.200,0.000,0.100,0.100
demo-1781204746676-914,Mira,68858.100,68858.100,68858.100,0.000,0.000,0.000
demo-1781204746676-913,Cepheid,68858.000,68858.000,68858.100,0.000,0.100,0.100
demo-1781204746659-912,AGN,68841.800,68841.800,68841.800,0.000,0.000,0.000
demo-1781204746659-911,QSO,68841.700,68841.700,68841.800,0.000,0.100,0.100
demo-1781204746659-910,RR Lyrae,68841.700,68841.700,68841.700,0.000,0.000,0.000
demo-1781204746659-909,RR Lyrae,68841.500,68841.600,68841.700,0.100,0.100,0.200
demo-1781204746644-908,SN Ia,68826.000,68826.000,68826.100,0.000,0.100,0.100
demo-1781204746644-907,RR Lyrae,68826.000,68826.000,68826.000,0.000,0.000,0.000
demo-1781204746644-906,RR Lyrae,68825.800,68825.800,68826.000,0.000,0.200,0.200
demo-1781204746643-905,AGN,68825.700,68825.700,68825.800,0.000,0.100,0.100
demo-1781204746629-904,LPV,68811.400,68811.400,68811.400,0.000,0.000,0.000
demo-1781204746629-903,Mira,68811.200,68811.200,68811.400,0.000,0.200,0.200
demo-1781204746629-902,SN Ia,68811.200,68811.200,68811.200,0.000,0.000,0.000
demo-1781204746629-901,AGN,68811.200,68811.200,68811.200,0.000,0.000,0.000
demo-1781204746626-900,QSO,68808.500,68808.500,68808.600,0.000,0.100,0.100
demo-1781204746626-899,RR Lyrae,68808.400,68808.400,68808.500,0.000,0.100,0.100
demo-1781204746626-898,RR Lyrae,68808.300,68808.400,68808.400,0.100,0.000,0.100
demo-1781204746626-897,Mira,68808.300,68808.300,68808.300,0.000,0.000,0.000
demo-1781204746576-896,RR Lyrae,68758.700,68758.700,68758.800,0.000,0.100,0.100
demo-1781204746576-895,LPV,68758.600,68758.600,68758.700,0.000,0.100,0.100
demo-1781204746576-894,AGN,68758.400,68758.400,68758.600,0.000,0.200,0.200
demo-1781204746560-893,RR Lyrae,68742.400,68742.400,68742.400,0.000,0.000,0.000
demo-1781204746560-892,SN Ia,68742.200,68742.200,68742.400,0.000,0.200,0.200
demo-1781204746560-891,RR Lyrae,68742.100,68742.100,68742.200,0.000,0.100,0.100
demo-1781204746543-890,SN II,68725.600,68725.600,68725.700,0.000,0.100,0.100
demo-1781204746543-889,Cepheid,68725.500,68725.500,68725.600,0.000,0.100,0.100
demo-1781204746543-888,Unknown,68725.300,68725.400,68725.500,0.100,0.100,0.200
demo-1781204746543-887,Mira,68725.200,68725.200,68725.300,0.000,0.100,0.100
demo-1781204746526-886,Mira,68708.200,68708.200,68708.300,0.000,0.100,0.100
demo-1781204746526-885,AGN,68708.100,68708.100,68708.200,0.000,0.100,0.100
demo-1781204746526-884,Unknown,68707.900,68707.900,68708.100,0.000,0.200,0.200
demo-1781204746510-883,AGN,68692.000,68692.000,68692.200,0.000,0.200,0.200
demo-1781204746510-882,RR Lyrae,68691.900,68691.900,68692.000,0.000,0.100,0.100
demo-1781204746509-881,AGN,68691.800,68691.800,68691.900,0.000,0.100,0.100
demo-1781204746493-880,AGN,68675.200,68675.200,68675.300,0.000,0.100,0.100
demo-1781204746493-879,SN Ic,68675.100,68675.100,68675.200,0.000,0.100,0.100
demo-1781204746493-878,RR Lyrae,68675.000,68675.000,68675.100,0.000,0.100,0.100
demo-1781204746493-877,RR Lyrae,68674.900,68674.900,68675.000,0.000,0.100,0.100
demo-1781204746476-876,RR Lyrae,68658.300,68658.300,68658.400,0.000,0.100,0.100
demo-1781204746476-875,Mira,68658.200,68658.200,68658.300,0.000,0.100,0.100
demo-1781204746476-874,Mira,68658.100,68658.100,68658.200,0.000,0.100,0.100
demo-1781204746459-873,RR Lyrae,68641.500,68641.500,68641.600,0.000,0.100,0.100
demo-1781204746459-872,RR Lyrae,68641.500,68641.500,68641.500,0.000,0.000,0.000
demo-1781204746459-871,RR Lyrae,68641.300,68641.300,68641.500,0.000,0.200,0.200
demo-1781204746443-870,Mira,68625.000,68625.000,68625.000,0.000,0.000,0.000
demo-1781204746442-869,AGN,68624.900,68624.900,68624.900,0.000,0.000,0.000
demo-1781204746442-868,SN Ia,68624.700,68624.700,68624.900,0.000,0.200,0.200
demo-1781204746442-867,RR Lyrae,68624.700,68624.700,68624.700,0.000,0.000,0.000
demo-1781204746426-866,RR Lyrae,68608.300,68608.300,68608.300,0.000,0.000,0.000
demo-1781204746426-865,Cepheid,68608.200,68608.200,68608.300,0.000,0.100,0.100
demo-1781204746426-864,LPV,68608.200,68608.200,68608.200,0.000,0.000,0.000
demo-1781204746426-863,RR Lyrae,68608.000,68608.000,68608.100,0.000,0.100,0.100
demo-1781204746409-862,Mira,68591.600,68591.600,68591.700,0.000,0.100,0.100
demo-1781204746409-861,Mira,68591.500,68591.600,68591.600,0.100,0.000,0.100
demo-1781204746409-860,Unknown,68591.500,68591.500,68591.500,0.000,0.000,0.000
demo-1781204746409-859,AGN,68591.400,68591.400,68591.500,0.000,0.100,0.100
demo-1781204746393-858,RR Lyrae,68575.100,68575.100,68575.200,0.000,0.100,0.100
demo-1781204746393-857,Mira,68575.100,68575.100,68575.100,0.000,0.000,0.000
demo-1781204746393-856,SN Ib,68575.000,68575.000,68575.100,0.000,0.100,0.100
demo-1781204746392-855,SN Ic,68574.800,68574.800,68575.000,0.000,0.200,0.200
demo-1781204746380-854,RR Lyrae,68562.900,68562.900,68562.900,0.000,0.000,0.000
demo-1781204746380-853,Mira,68562.800,68562.800,68562.900,0.000,0.100,0.100
demo-1781204746380-852,RR Lyrae,68562.700,68562.700,68562.800,0.000,0.100,0.100
demo-1781204746380-851,Mira,68562.700,68562.700,68562.700,0.000,0.000,0.000
demo-1781204746378-850,RR Lyrae,68560.000,68560.000,68560.000,0.000,0.000,0.000
demo-1781204746378-849,RR Lyrae,68559.900,68559.900,68560.000,0.000,0.100,0.100
demo-1781204746377-848,Unknown,68559.900,68559.900,68559.900,0.000,0.000,0.000
demo-1781204746377-847,Mira,68559.700,68559.800,68559.900,0.100,0.100,0.200
demo-1781204746326-846,Cepheid,68508.500,68508.500,68508.500,0.000,0.000,0.000
demo-1781204746326-845,QSO,68508.300,68508.300,68508.500,0.000,0.200,0.200
demo-1781204746326-844,RR Lyrae,68508.300,68508.300,68508.300,0.000,0.000,0.000
demo-1781204746309-843,QSO,68491.800,68491.800,68491.900,0.000,0.100,0.100
demo-1781204746309-842,Unknown,68491.700,68491.700,68491.700,0.000,0.000,0.000
demo-1781204746309-841,Unknown,68491.600,68491.600,68491.700,0.000,0.100,0.100
demo-1781204746293-840,Mira,68475.300,68475.300,68475.300,0.000,0.000,0.000
demo-1781204746293-839,RR Lyrae,68475.100,68475.100,68475.300,0.000,0.200,0.200
demo-1781204746293-838,Cepheid,68475.100,68475.100,68475.100,0.000,0.000,0.000
demo-1781204746293-837,LPV,68475.000,68475.000,68475.100,0.000,0.100,0.100
demo-1781204746276-836,LPV,68458.400,68458.400,68458.400,0.000,0.000,0.000
demo-1781204746276-835,SN II,68458.300,68458.300,68458.400,0.000,0.100,0.100
demo-1781204746276-834,Mira,68458.200,68458.200,68458.300,0.000,0.100,0.100
demo-1781204746259-833,RR Lyrae,68441.700,68441.800,68441.900,0.100,0.100,0.200
demo-1781204746259-832,AGN,68441.700,68441.700,68441.700,0.000,0.000,0.000
demo-1781204746259-831,RR Lyrae,68441.600,68441.600,68441.700,0.000,0.100,0.100
demo-1781204746243-830,LPV,68425.300,68425.300,68425.300,0.000,0.000,0.000
demo-1781204746243-829,Mira,68425.200,68425.200,68425.300,0.000,0.100,0.100
demo-1781204746243-828,AGN,68425.100,68425.100,68425.200,0.000,0.100,0.100
demo-1781204746243-827,RR Lyrae,68425.000,68425.000,68425.100,0.000,0.100,0.100
demo-1781204746226-826,AGN,68408.300,68408.300,68408.300,0.000,0.000,0.000
demo-1781204746226-825,RR Lyrae,68408.100,68408.100,68408.300,0.000,0.200,0.200
demo-1781204746226-824,SN II,68408.100,68408.100,68408.100,0.000,0.000,0.000
demo-1781204746209-823,Mira,68391.600,68391.600,68391.600,0.000,0.000,0.000
demo-1781204746209-822,RR Lyrae,68391.500,68391.500,68391.600,0.000,0.100,0.100
demo-1781204746209-821,Unknown,68391.500,68391.500,68391.500,0.000,0.000,0.000
demo-1781204746193-820,RR Lyrae,68375.100,68375.100,68375.100,0.000,0.000,0.000
demo-1781204746193-819,RR Lyrae,68375.000,68375.000,68375.100,0.000,0.100,0.100
demo-1781204746193-818,AGN,68374.900,68374.900,68375.000,0.000,0.100,0.100
demo-1781204746192-817,RR Lyrae,68374.800,68374.800,68374.900,0.000,0.100,0.100
demo-1781204746176-816,RR Lyrae,68358.400,68358.400,68358.400,0.000,0.000,0.000
demo-1781204746176-815,RR Lyrae,68358.300,68358.300,68358.400,0.000,0.100,0.100
demo-1781204746176-814,LPV,68358.200,68358.200,68358.300,0.000,0.100,0.100
demo-1781204746176-813,Unknown,68358.200,68358.200,68358.200,0.000,0.000,0.000
demo-1781204746160-812,SN Ia,68341.900,68341.900,68342.000,0.000,0.100,0.100
demo-1781204746159-811,Unknown,68341.800,68341.800,68341.900,0.000,0.100,0.100
demo-1781204746159-810,AGN,68341.800,68341.800,68341.800,0.000,0.000,0.000
demo-1781204746159-809,Mira,68341.600,68341.700,68341.700,0.100,0.000,0.100
demo-1781204746142-808,AGN,68324.500,68324.500,68324.500,0.000,0.000,0.000
demo-1781204746142-807,Mira,68324.400,68324.400,68324.500,0.000,0.100,0.100
demo-1781204746142-806,AGN,68324.300,68324.400,68324.400,0.100,0.000,0.100
demo-1781204746142-805,AGN,68324.100,68324.200,68324.300,0.100,0.100,0.200
demo-1781204746129-804,AGN,68311.800,68311.800,68311.900,0.000,0.100,0.100
demo-1781204746129-803,LPV,68311.700,68311.700,68311.800,0.000,0.100,0.100
demo-1781204746129-802,Mira,68311.600,68311.600,68311.700,0.000,0.100,0.100
demo-1781204746129-801,AGN,68311.500,68311.500,68311.600,0.000,0.100,0.100
demo-1781204746126-800,SN Ia,68308.600,68308.600,68308.700,0.000,0.100,0.100
demo-1781204746126-799,RR Lyrae,68308.600,68308.600,68308.600,0.000,0.000,0.000
demo-1781204746126-798,SN Ia,68308.500,68308.500,68308.500,0.000,0.000,0.000
demo-1781204746126-797,RR Lyrae,68308.300,68308.300,68308.400,0.000,0.100,0.100
demo-1781204746076-796,LPV,68258.300,68258.300,68258.300,0.000,0.000,0.000
demo-1781204746076-795,AGN,68258.200,68258.200,68258.300,0.000,0.100,0.100
demo-1781204746076-794,Unknown,68258.100,68258.100,68258.200,0.000,0.100,0.100
demo-1781204746059-793,RR Lyrae,68241.600,68241.600,68241.700,0.000,0.100,0.100
demo-1781204746059-792,AGN,68241.500,68241.500,68241.600,0.000,0.100,0.100
demo-1781204746059-791,SN Ia,68241.400,68241.400,68241.500,0.000,0.100,0.100
demo-1781204746043-790,Unknown,68225.000,68225.000,68225.100,0.000,0.100,0.100
demo-1781204746043-789,AGN,68224.900,68224.900,68225.000,0.000,0.100,0.100
demo-1781204746042-788,RR Lyrae,68224.800,68224.800,68224.900,0.000,0.100,0.100
demo-1781204746042-787,SN Ia,68224.800,68224.800,68224.800,0.000,0.000,0.000
demo-1781204746032-786,AGN,68214.500,68214.500,68214.600,0.000,0.100,0.100
demo-1781204746032-785,Mira,68214.400,68214.400,68214.500,0.000,0.100,0.100
demo-1781204746032-784,LPV,68214.300,68214.300,68214.400,0.000,0.100,0.100
demo-1781204746009-783,RR Lyrae,68191.700,68191.700,68191.800,0.000,0.100,0.100
demo-1781204746009-782,Mira,68191.600,68191.600,68191.700,0.000,0.100,0.100
demo-1781204746009-781,Cepheid,68191.600,68191.600,68191.600,0.000,0.000,0.000
demo-1781204746009-780,RR Lyrae,68191.500,68191.500,68191.600,0.000,0.100,0.100
demo-1781204745992-779,Unknown,68174.800,68174.800,68174.900,0.000,0.100,0.100
demo-1781204745992-778,Mira,68174.700,68174.700,68174.800,0.000,0.100,0.100
demo-1781204745992-777,Cepheid,68174.700,68174.700,68174.700,0.000,0.000,0.000
demo-1781204745976-776,Mira,68158.500,68158.500,68158.500,0.000,0.000,0.000
demo-1781204745976-775,Mira,68158.400,68158.400,68158.500,0.000,0.100,0.100
demo-1781204745976-774,RR Lyrae,68158.200,68158.200,68158.400,0.000,0.200,0.200
demo-1781204745959-773,QSO,68141.700,68141.700,68141.800,0.000,0.100,0.100
demo-1781204745959-772,SN II,68141.600,68141.600,68141.700,0.000,0.100,0.100
demo-1781204745959-771,AGN,68141.500,68141.500,68141.600,0.000,0.100,0.100
demo-1781204745943-770,LPV,68124.800,68124.800,68125.000,0.000,0.200,0.200
demo-1781204745942-769,RR Lyrae,68124.800,68124.800,68124.800,0.000,0.000,0.000
demo-1781204745942-768,RR Lyrae,68124.800,68124.800,68124.800,0.000,0.000,0.000
demo-1781204745942-767,SN II,68124.600,68124.700,68124.800,0.100,0.100,0.200
demo-1781204745926-766,AGN,68108.200,68108.200,68108.300,0.000,0.100,0.100
demo-1781204745926-765,Unknown,68108.200,68108.200,68108.200,0.000,0.000,0.000
demo-1781204745926-764,AGN,68108.100,68108.100,68108.200,0.000,0.100,0.100
demo-1781204745926-763,SN Ib,68108.000,68108.000,68108.100,0.000,0.100,0.100
demo-1781204745909-762,Mira,68091.700,68091.700,68091.700,0.000,0.000,0.000
demo-1781204745909-761,RR Lyrae,68091.600,68091.600,68091.700,0.000,0.100,0.100
demo-1781204745909-760,AGN,68091.500,68091.500,68091.600,0.000,0.100,0.100
demo-1781204745909-759,Mira,68091.500,68091.500,68091.500,0.000,0.000,0.000
demo-1781204745893-758,RR Lyrae,68075.100,68075.100,68075.100,0.000,0.000,0.000
demo-1781204745893-757,RR Lyrae,68075.000,68075.000,68075.100,0.000,0.100,0.100
demo-1781204745893-756,LPV,68074.900,68074.900,68075.000,0.000,0.100,0.100
demo-1781204745892-755,AGN,68074.800,68074.800,68074.900,0.000,0.100,0.100
demo-1781204745879-754,SN Ia,68061.300,68061.300,68061.300,0.000,0.000,0.000
demo-1781204745879-753,RR Lyrae,68061.300,68061.300,68061.300,0.000,0.000,0.000
demo-1781204745879-752,Cepheid,68061.200,68061.200,68061.300,0.000,0.100,0.100
demo-1781204745879-751,Unknown,68061.100,68061.100,68061.200,0.000,0.100,0.100
demo-1781204745876-750,AGN,68058.700,68058.700,68058.700,0.000,0.000,0.000
demo-1781204745876-749,Mira,68058.600,68058.600,68058.600,0.000,0.000,0.000
demo-1781204745876-748,RR Lyrae,68058.500,68058.500,68058.600,0.000,0.100,0.100
demo-1781204745876-747,AGN,68058.400,68058.500,68058.500,0.100,0.000,0.100
demo-1781204745826-746,AGN,68008.500,68008.500,68008.600,0.000,0.100,0.100
demo-1781204745826-745,RR Lyrae,68008.400,68008.400,68008.500,0.000,0.100,0.100
demo-1781204745826-744,RR Lyrae,68008.400,68008.400,68008.400,0.000,0.000,0.000
demo-1781204745809-743,QSO,67991.700,67991.700,67991.800,0.000,0.100,0.100
demo-1781204745809-742,AGN,67991.600,67991.600,67991.700,0.000,0.100,0.100
demo-1781204745809-741,Mira,67991.500,67991.500,67991.600,0.000,0.100,0.100
demo-1781204745793-740,RR Lyrae,67975.200,67975.200,67975.200,0.000,0.000,0.000
demo-1781204745793-739,SN II,67975.100,67975.100,67975.200,0.000,0.100,0.100
demo-1781204745793-738,Unknown,67975.000,67975.000,67975.100,0.000,0.100,0.100
demo-1781204745793-737,AGN,67974.900,67974.900,67975.000,0.000,0.100,0.100
demo-1781204745776-736,Cepheid,67958.500,67958.500,67958.600,0.000,0.100,0.100
demo-1781204745776-735,AGN,67958.400,67958.400,67958.500,0.000,0.100,0.100
demo-1781204745776-734,AGN,67958.300,67958.300,67958.400,0.000,0.100,0.100
demo-1781204745759-733,Unknown,67941.900,67941.900,67941.900,0.000,0.000,0.000
demo-1781204745759-732,Mira,67941.700,67941.700,67941.900,0.000,0.200,0.200
demo-1781204745759-731,Mira,67941.600,67941.600,67941.700,0.000,0.100,0.100
demo-1781204745743-730,Mira,67925.100,67925.100,67925.200,0.000,0.100,0.100
demo-1781204745743-729,AGN,67925.100,67925.100,67925.100,0.000,0.000,0.000
demo-1781204745743-728,AGN,67924.900,67924.900,67925.100,0.000,0.200,0.200
demo-1781204745742-727,SN II,67924.800,67924.800,67924.900,0.000,0.100,0.100
demo-1781204745726-726,SN II,67907.900,67907.900,67907.900,0.000,0.000,0.000
demo-1781204745725-725,RR Lyrae,67907.800,67907.800,67907.900,0.000,0.100,0.100
demo-1781204745725-724,AGN,67907.800,67907.800,67907.800,0.000,0.000,0.000
demo-1781204745709-723,RR Lyrae,67891.800,67891.800,67891.800,0.000,0.000,0.000
demo-1781204745709-722,SN Ia,67891.700,67891.700,67891.800,0.000,0.100,0.100
demo-1781204745709-721,Unknown,67891.700,67891.700,67891.700,0.000,0.000,0.000
demo-1781204745709-720,AGN,67891.500,67891.500,67891.700,0.000,0.200,0.200
demo-1781204745693-719,LPV,67874.900,67874.900,67875.000,0.000,0.100,0.100
demo-1781204745692-718,Cepheid,67874.800,67874.800,67874.900,0.000,0.100,0.100
demo-1781204745692-717,RR Lyrae,67874.800,67874.800,67874.800,0.000,0.000,0.000
demo-1781204745692-716,SN Ic,67874.700,67874.700,67874.800,0.000,0.100,0.100
demo-1781204745676-715,AGN,67858.200,67858.200,67858.200,0.000,0.000,0.000
demo-1781204745676-714,RR Lyrae,67858.100,67858.100,67858.200,0.000,0.100,0.100
demo-1781204745676-713,AGN,67858.100,67858.100,67858.100,0.000,0.000,0.000
demo-1781204745676-712,LPV,67858.000,67858.000,67858.100,0.000,0.100,0.100
demo-1781204745659-711,Mira,67841.500,67841.500,67841.600,0.000,0.100,0.100
demo-1781204745659-710,Cepheid,67841.500,67841.500,67841.500,0.000,0.000,0.000
demo-1781204745659-709,AGN,67841.400,67841.400,67841.500,0.000,0.100,0.100
demo-1781204745659-708,AGN,67841.300,67841.300,67841.400,0.000,0.100,0.100
demo-1781204745643-707,RR Lyrae,67825.000,67825.000,67825.100,0.000,0.100,0.100
demo-1781204745643-706,RR Lyrae,67824.900,67824.900,67825.000,0.000,0.100,0.100
demo-1781204745643-705,Mira,67824.900,67824.900,67824.900,0.000,0.000,0.000
demo-1781204745642-704,SN II,67824.800,67824.800,67824.900,0.000,0.100,0.100
demo-1781204745630-703,AGN,67812.500,67812.500,67812.600,0.000,0.100,0.100
demo-1781204745630-702,Mira,67812.400,67812.400,67812.500,0.000,0.100,0.100
demo-1781204745630-701,RR Lyrae,67812.400,67812.400,67812.400,0.000,0.000,0.000
demo-1781204745630-700,RR Lyrae,67812.300,67812.300,67812.400,0.000,0.100,0.100
demo-1781204745627-699,Mira,67809.500,67809.500,67809.500,0.000,0.000,0.000
demo-1781204745627-698,AGN,67809.400,67809.400,67809.400,0.000,0.000,0.000
demo-1781204745627-697,RR Lyrae,67809.100,67809.200,67809.300,0.100,0.100,0.200
demo-1781204745576-696,AGN,67758.700,67758.700,67758.800,0.000,0.100,0.100
demo-1781204745576-695,Mira,67758.600,67758.600,67758.700,0.000,0.100,0.100
demo-1781204745576-694,Unknown,67758.400,67758.400,67758.600,0.000,0.200,0.200
demo-1781204745560-693,Mira,67742.000,67742.000,67742.100,0.000,0.100,0.100
demo-1781204745559-692,RR Lyrae,67741.800,67741.800,67742.000,0.000,0.200,0.200
demo-1781204745559-691,RR Lyrae,67741.700,67741.700,67741.800,0.000,0.100,0.100
demo-1781204745543-690,AGN,67725.100,67725.100,67725.200,0.000,0.100,0.100
demo-1781204745543-689,Unknown,67725.000,67725.000,67725.100,0.000,0.100,0.100
demo-1781204745543-688,LPV,67724.900,67724.900,67725.000,0.000,0.100,0.100
demo-1781204745542-687,SN Ia,67724.800,67724.800,67724.900,0.000,0.100,0.100
demo-1781204745526-686,AGN,67708.400,67708.400,67708.400,0.000,0.000,0.000
demo-1781204745526-685,SN Ia,67708.300,67708.300,67708.300,0.000,0.000,0.000
demo-1781204745526-684,SN II,67708.200,67708.200,67708.300,0.000,0.100,0.100
demo-1781204745509-683,RR Lyrae,67691.600,67691.600,67691.700,0.000,0.100,0.100
demo-1781204745509-682,AGN,67691.500,67691.500,67691.600,0.000,0.100,0.100
demo-1781204745509-681,Mira,67691.400,67691.400,67691.500,0.000,0.100,0.100
demo-1781204745493-680,Mira,67675.100,67675.100,67675.100,0.000,0.000,0.000
demo-1781204745493-679,RR Lyrae,67675.000,67675.000,67675.100,0.000,0.100,0.100
demo-1781204745493-678,RR Lyrae,67675.000,67675.000,67675.000,0.000,0.000,0.000
demo-1781204745492-677,RR Lyrae,67674.800,67674.800,67674.900,0.000,0.100,0.100
demo-1781204745476-676,Mira,67658.300,67658.300,67658.300,0.000,0.000,0.000
demo-1781204745476-675,AGN,67658.200,67658.200,67658.300,0.000,0.100,0.100
demo-1781204745476-674,Unknown,67658.100,67658.100,67658.200,0.000,0.100,0.100
demo-1781204745459-673,RR Lyrae,67641.500,67641.500,67641.600,0.000,0.100,0.100
demo-1781204745459-672,Cepheid,67641.500,67641.500,67641.500,0.000,0.000,0.000
demo-1781204745459-671,Mira,67641.500,67641.500,67641.500,0.000,0.000,0.000
demo-1781204745443-670,Mira,67625.100,67625.100,67625.200,0.000,0.100,0.100
demo-1781204745443-669,Mira,67625.100,67625.100,67625.100,0.000,0.000,0.000
demo-1781204745443-668,Cepheid,67625.000,67625.000,67625.100,0.000,0.100,0.100
demo-1781204745443-667,QSO,67624.900,67624.900,67625.000,0.000,0.100,0.100
demo-1781204745426-666,Mira,67608.300,67608.300,67608.400,0.000,0.100,0.100
demo-1781204745426-665,SN Ic,67608.200,67608.200,67608.300,0.000,0.100,0.100
demo-1781204745426-664,RR Lyrae,67608.100,67608.100,67608.200,0.000,0.100,0.100
demo-1781204745426-663,RR Lyrae,67608.000,67608.000,67608.100,0.000,0.100,0.100
demo-1781204745409-662,RR Lyrae,67591.600,67591.600,67591.600,0.000,0.000,0.000
demo-1781204745409-661,Mira,67591.500,67591.500,67591.600,0.000,0.100,0.100
demo-1781204745409-660,RR Lyrae,67591.500,67591.500,67591.500,0.000,0.000,0.000
demo-1781204745409-659,AGN,67591.300,67591.400,67591.500,0.100,0.100,0.200
demo-1781204745393-658,SN II,67575.000,67575.000,67575.100,0.000,0.100,0.100
demo-1781204745393-657,RR Lyrae,67575.000,67575.000,67575.000,0.000,0.000,0.000
demo-1781204745393-656,RR Lyrae,67574.900,67574.900,67575.000,0.000,0.100,0.100
demo-1781204745392-655,Mira,67574.800,67574.800,67574.900,0.000,0.100,0.100
demo-1781204745377-654,AGN,67559.700,67559.700,67559.900,0.000,0.200,0.200
demo-1781204745377-653,Cepheid,67559.700,67559.700,67559.700,0.000,0.000,0.000
demo-1781204745377-652,RR Lyrae,67559.600,67559.600,67559.600,0.000,0.000,0.000
demo-1781204745377-651,RR Lyrae,67559.500,67559.500,67559.500,0.000,0.000,0.000
demo-1781204745374-650,QSO,67556.700,67556.700,67556.700,0.000,0.000,0.000
demo-1781204745374-649,Unknown,67556.600,67556.600,67556.700,0.000,0.100,0.100
demo-1781204745374-648,AGN,67556.500,67556.500,67556.600,0.000,0.100,0.100
demo-1781204745374-647,Cepheid,67556.500,67556.500,67556.500,0.000,0.000,0.000
demo-1781204745326-646,AGN,67508.100,67508.100,67508.100,0.000,0.000,0.000
demo-1781204745326-645,AGN,67508.000,67508.000,67508.100,0.000,0.100,0.100
demo-1781204745326-644,SN II,67507.900,67507.900,67508.000,0.000,0.100,0.100
demo-1781204745310-643,Mira,67491.900,67491.900,67492.000,0.000,0.100,0.100
demo-1781204745309-642,Mira,67491.900,67491.900,67491.900,0.000,0.000,0.000
demo-1781204745309-641,Unknown,67491.700,67491.700,67491.900,0.000,0.200,0.200
demo-1781204745293-640,SN II,67475.100,67475.100,67475.200,0.000,0.100,0.100
demo-1781204745293-639,RR Lyrae,67475.100,67475.100,67475.100,0.000,0.000,0.000
demo-1781204745293-638,QSO,67474.900,67475.000,67475.100,0.100,0.100,0.200
demo-1781204745293-637,SN Ia,67474.800,67474.800,67474.900,0.000,0.100,0.100
demo-1781204745275-636,RR Lyrae,67457.300,67457.300,67457.300,0.000,0.000,0.000
demo-1781204745275-635,RR Lyrae,67457.200,67457.200,67457.300,0.000,0.100,0.100
demo-1781204745275-634,AGN,67457.100,67457.100,67457.200,0.000,0.100,0.100
demo-1781204745258-633,Mira,67440.600,67440.600,67440.700,0.000,0.100,0.100
demo-1781204745258-632,LPV,67440.500,67440.600,67440.600,0.100,0.000,0.100
demo-1781204745258-631,RR Lyrae,67440.500,67440.500,67440.500,0.000,0.000,0.000
demo-1781204745243-630,RR Lyrae,67425.100,67425.100,67425.100,0.000,0.000,0.000
demo-1781204745243-629,Mira,67425.000,67425.000,67425.000,0.000,0.000,0.000
demo-1781204745243-628,SN Ic,67424.900,67424.900,67425.000,0.000,0.100,0.100
demo-1781204745242-627,SN Ia,67424.800,67424.800,67424.900,0.000,0.100,0.100
demo-1781204745226-626,QSO,67408.100,67408.100,67408.100,0.000,0.000,0.000
demo-1781204745226-625,RR Lyrae,67408.000,67408.000,67408.000,0.000,0.000,0.000
demo-1781204745226-624,RR Lyrae,67408.000,67408.000,67408.000,0.000,0.000,0.000
demo-1781204745209-623,LPV,67391.500,67391.500,67391.600,0.000,0.100,0.100
demo-1781204745209-622,AGN,67391.500,67391.500,67391.500,0.000,0.000,0.000
demo-1781204745209-621,AGN,67391.500,67391.500,67391.500,0.000,0.000,0.000
demo-1781204745209-620,Unknown,67391.400,67391.400,67391.500,0.000,0.100,0.100
demo-1781204745192-619,RR Lyrae,67374.500,67374.500,67374.600,0.000,0.100,0.100
demo-1781204745192-618,AGN,67374.500,67374.500,67374.500,0.000,0.000,0.000
demo-1781204745192-617,LPV,67374.400,67374.400,67374.500,0.000,0.100,0.100
demo-1781204745176-616,RR Lyrae,67358.500,67358.500,67358.600,0.000,0.100,0.100
demo-1781204745176-615,RR Lyrae,67358.400,67358.400,67358.500,0.000,0.100,0.100
demo-1781204745176-614,AGN,67358.400,67358.400,67358.400,0.000,0.000,0.000
demo-1781204745176-613,RR Lyrae,67358.300,67358.300,67358.400,0.000,0.100,0.100
demo-1781204745159-612,RR Lyrae,67341.600,67341.600,67341.700,0.000,0.100,0.100
demo-1781204745159-611,RR Lyrae,67341.600,67341.600,67341.600,0.000,0.000,0.000
demo-1781204745159-610,SN II,67341.500,67341.500,67341.600,0.000,0.100,0.100
demo-1781204745159-609,LPV,67341.300,67341.300,67341.400,0.000,0.100,0.100
demo-1781204745143-608,Unknown,67324.900,67324.900,67325.000,0.000,0.100,0.100
demo-1781204745142-607,SN Ia,67324.900,67324.900,67324.900,0.000,0.000,0.000
demo-1781204745142-606,LPV,67324.800,67324.800,67324.900,0.000,0.100,0.100
demo-1781204745142-605,Cepheid,67324.700,67324.700,67324.800,0.000,0.100,0.100
demo-1781204745135-604,AGN,67317.700,67317.700,67317.700,0.000,0.000,0.000
demo-1781204745135-603,Mira,67317.600,67317.600,67317.700,0.000,0.100,0.100
demo-1781204745135-602,SN Ib,67317.600,67317.600,67317.600,0.000,0.000,0.000
demo-1781204745135-601,Cepheid,67317.500,67317.500,67317.600,0.000,0.100,0.100
demo-1781204745128-600,QSO,67310.200,67310.200,67310.200,0.000,0.000,0.000
demo-1781204745128-599,AGN,67310.200,67310.200,67310.200,0.000,0.000,0.000
demo-1781204745128-598,RR Lyrae,67310.100,67310.100,67310.200,0.000,0.100,0.100
demo-1781204745128-597,RR Lyrae,67310.000,67310.000,67310.100,0.000,0.100,0.100
demo-1781204745076-596,RR Lyrae,67258.500,67258.500,67258.600,0.000,0.100,0.100
demo-1781204745076-595,RR Lyrae,67258.500,67258.500,67258.500,0.000,0.000,0.000
demo-1781204745076-594,LPV,67258.300,67258.300,67258.500,0.000,0.200,0.200
demo-1781204745059-593,AGN,67241.800,67241.800,67241.900,0.000,0.100,0.100
demo-1781204745059-592,AGN,67241.700,67241.700,67241.800,0.000,0.100,0.100
demo-1781204745059-591,RR Lyrae,67241.500,67241.500,67241.700,0.000,0.200,0.200
demo-1781204745043-590,SN II,67225.200,67225.200,67225.200,0.000,0.000,0.000
demo-1781204745043-589,AGN,67225.200,67225.200,67225.200,0.000,0.000,0.000
demo-1781204745043-588,Mira,67225.100,67225.100,67225.200,0.000,0.100,0.100
demo-1781204745043-587,AGN,67225.000,67225.000,67225.100,0.000,0.100,0.100
demo-1781204745032-586,RR Lyrae,67214.500,67214.500,67214.600,0.000,0.100,0.100
demo-1781204745032-585,RR Lyrae,67214.500,67214.500,67214.500,0.000,0.000,0.000
demo-1781204745032-584,QSO,67214.400,67214.400,67214.500,0.000,0.100,0.100
demo-1781204745010-583,RR Lyrae,67191.900,67191.900,67192.000,0.000,0.100,0.100
demo-1781204745009-582,LPV,67191.800,67191.800,67191.900,0.000,0.100,0.100
demo-1781204745009-581,TDE,67191.600,67191.700,67191.800,0.100,0.100,0.200
demo-1781204744993-580,AGN,67174.900,67174.900,67175.000,0.000,0.100,0.100
demo-1781204744993-579,Unknown,67174.900,67174.900,67174.900,0.000,0.000,0.000
demo-1781204744992-578,AGN,67174.800,67174.800,67174.900,0.000,0.100,0.100
demo-1781204744992-577,QSO,67174.800,67174.800,67174.800,0.000,0.000,0.000
demo-1781204744976-576,Mira,67158.200,67158.200,67158.300,0.000,0.100,0.100
demo-1781204744976-575,SN Ia,67158.200,67158.200,67158.200,0.000,0.000,0.000
demo-1781204744976-574,Cepheid,67158.000,67158.000,67158.200,0.000,0.200,0.200
demo-1781204744959-573,SN Ia,67141.500,67141.500,67141.500,0.000,0.000,0.000
demo-1781204744959-572,Unknown,67141.400,67141.400,67141.500,0.000,0.100,0.100
demo-1781204744959-571,AGN,67141.300,67141.300,67141.400,0.000,0.100,0.100
demo-1781204744943-570,RR Lyrae,67124.900,67124.900,67125.000,0.000,0.100,0.100
demo-1781204744942-569,SN II,67124.800,67124.800,67124.900,0.000,0.100,0.100
demo-1781204744942-568,SN Ia,67124.700,67124.700,67124.800,0.000,0.100,0.100
demo-1781204744942-567,RR Lyrae,67124.600,67124.700,67124.700,0.100,0.000,0.100
demo-1781204744926-566,Unknown,67108.000,67108.000,67108.000,0.000,0.000,0.000
demo-1781204744926-565,AGN,67107.900,67107.900,67108.000,0.000,0.100,0.100
demo-1781204744925-564,RR Lyrae,67107.800,67107.800,67107.900,0.000,0.100,0.100
demo-1781204744925-563,AGN,67107.600,67107.800,67107.800,0.200,0.000,0.200
demo-1781204744909-562,RR Lyrae,67091.800,67091.800,67091.800,0.000,0.000,0.000
demo-1781204744909-561,LPV,67091.700,67091.700,67091.800,0.000,0.100,0.100
demo-1781204744909-560,SN Ia,67091.600,67091.600,67091.700,0.000,0.100,0.100
demo-1781204744909-559,QSO,67091.500,67091.500,67091.600,0.000,0.100,0.100
demo-1781204744893-558,AGN,67075.000,67075.000,67075.100,0.000,0.100,0.100
demo-1781204744893-557,Unknown,67075.000,67075.000,67075.000,0.000,0.000,0.000
demo-1781204744893-556,AGN,67074.900,67074.900,67075.000,0.000,0.100,0.100
demo-1781204744893-555,Mira,67074.900,67074.900,67074.900,0.000,0.000,0.000
demo-1781204744879-554,Cepheid,67061.100,67061.100,67061.100,0.000,0.000,0.000
demo-1781204744879-553,RR Lyrae,67061.100,67061.100,67061.100,0.000,0.000,0.000
demo-1781204744879-552,Mira,67061.000,67061.000,67061.100,0.000,0.100,0.100
demo-1781204744879-551,Unknown,67060.900,67060.900,67061.000,0.000,0.100,0.100
demo-1781204744876-550,Unknown,67058.200,67058.300,67058.300,0.100,0.000,0.100
demo-1781204744876-549,RR Lyrae,67058.100,67058.100,67058.200,0.000,0.100,0.100
demo-1781204744876-548,Mira,67058.100,67058.100,67058.100,0.000,0.000,0.000
demo-1781204744876-547,Mira,67058.000,67058.000,67058.100,0.000,0.100,0.100
demo-1781204744826-546,Cepheid,67008.700,67008.700,67008.900,0.000,0.200,0.200
demo-1781204744826-545,RR Lyrae,67008.700,67008.700,67008.700,0.000,0.000,0.000
demo-1781204744826-544,LPV,67008.500,67008.500,67008.600,0.000,0.100,0.100
demo-1781204744809-543,SN II,66991.800,66991.800,66991.900,0.000,0.100,0.100
demo-1781204744809-542,SN Ia,66991.700,66991.700,66991.800,0.000,0.100,0.100
demo-1781204744809-541,LPV,66991.600,66991.600,66991.700,0.000,0.100,0.100
demo-1781204744793-540,Mira,66975.300,66975.300,66975.300,0.000,0.000,0.000
demo-1781204744793-539,SN II,66975.200,66975.200,66975.200,0.000,0.000,0.000
demo-1781204744793-538,RR Lyrae,66975.100,66975.100,66975.200,0.000,0.100,0.100
demo-1781204744793-537,SN Ib,66975.000,66975.000,66975.100,0.000,0.100,0.100
demo-1781204744776-536,RR Lyrae,66958.500,66958.500,66958.600,0.000,0.100,0.100
demo-1781204744776-535,Mira,66958.500,66958.500,66958.500,0.000,0.000,0.000
demo-1781204744776-534,Unknown,66958.300,66958.300,66958.500,0.000,0.200,0.200
demo-1781204744759-533,QSO,66941.500,66941.500,66941.600,0.000,0.100,0.100
demo-1781204744759-532,RR Lyrae,66941.400,66941.400,66941.500,0.000,0.100,0.100
demo-1781204744759-531,Mira,66941.300,66941.400,66941.400,0.100,0.000,0.100
demo-1781204744743-530,SN II,66924.900,66924.900,66925.000,0.000,0.100,0.100
demo-1781204744742-529,RR Lyrae,66924.800,66924.800,66924.900,0.000,0.100,0.100
demo-1781204744742-528,SN Ic,66924.800,66924.800,66924.800,0.000,0.000,0.000
demo-1781204744742-527,SN II,66924.700,66924.700,66924.800,0.000,0.100,0.100
demo-1781204744726-526,SN Ia,66908.100,66908.100,66908.200,0.000,0.100,0.100
demo-1781204744726-525,RR Lyrae,66908.000,66908.000,66908.100,0.000,0.100,0.100
demo-1781204744726-524,RR Lyrae,66908.000,66908.000,66908.000,0.000,0.000,0.000
demo-1781204744709-523,Mira,66891.600,66891.600,66891.600,0.000,0.000,0.000
demo-1781204744709-522,QSO,66891.500,66891.500,66891.600,0.000,0.100,0.100
demo-1781204744709-521,RR Lyrae,66891.400,66891.400,66891.500,0.000,0.100,0.100
demo-1781204744693-520,Mira,66874.900,66874.900,66875.000,0.000,0.100,0.100
demo-1781204744693-519,Mira,66874.800,66874.800,66874.900,0.000,0.100,0.100
demo-1781204744692-518,Mira,66874.800,66874.800,66874.800,0.000,0.000,0.000
demo-1781204744692-517,AGN,66874.700,66874.700,66874.800,0.000,0.100,0.100
demo-1781204744676-516,RR Lyrae,66858.100,66858.100,66858.200,0.000,0.100,0.100
demo-1781204744676-515,Cepheid,66858.100,66858.100,66858.100,0.000,0.000,0.000
demo-1781204744676-514,AGN,66858.100,66858.100,66858.100,0.000,0.000,0.000
demo-1781204744676-513,AGN,66858.000,66858.000,66858.100,0.000,0.100,0.100
demo-1781204744659-512,LPV,66841.200,66841.200,66841.400,0.000,0.200,0.200
demo-1781204744659-511,RR Lyrae,66841.200,66841.200,66841.200,0.000,0.000,0.000
demo-1781204744659-510,Mira,66841.200,66841.200,66841.200,0.000,0.000,0.000
demo-1781204744659-509,Mira,66841.100,66841.100,66841.200,0.000,0.100,0.100
demo-1781204744643-508,RR Lyrae,66825.400,66825.400,66825.600,0.000,0.200,0.200
demo-1781204744643-507,RR Lyrae,66825.400,66825.400,66825.400,0.000,0.000,0.000
demo-1781204744643-506,RR Lyrae,66825.300,66825.300,66825.400,0.000,0.100,0.100
demo-1781204744643-505,AGN,66825.200,66825.200,66825.300,0.000,0.100,0.100
demo-1781204744626-504,Mira,66808.600,66808.600,66808.700,0.000,0.100,0.100
demo-1781204744626-503,SN Ia,66808.500,66808.500,66808.600,0.000,0.100,0.100
demo-1781204744626-502,SN Ia,66808.500,66808.500,66808.500,0.000,0.000,0.000
demo-1781204744626-501,RR Lyrae,66808.400,66808.400,66808.500,0.000,0.100,0.100
demo-1781204744624-500,AGN,66805.900,66805.900,66806.000,0.000,0.100,0.100
demo-1781204744623-499,Mira,66805.800,66805.800,66805.900,0.000,0.100,0.100
demo-1781204744623-498,RR Lyrae,66805.700,66805.700,66805.800,0.000,0.100,0.100
demo-1781204744623-497,RR Lyrae,66805.700,66805.700,66805.700,0.000,0.000,0.000
demo-1781204744576-496,SN Ia,66758.500,66758.500,66758.500,0.000,0.000,0.000
demo-1781204744576-495,Unknown,66758.400,66758.400,66758.500,0.000,0.100,0.100
demo-1781204744576-494,Cepheid,66758.300,66758.300,66758.400,0.000,0.100,0.100
demo-1781204744560-493,AGN,66742.000,66742.000,66742.100,0.000,0.100,0.100
demo-1781204744560-492,AGN,66741.900,66741.900,66742.000,0.000,0.100,0.100
demo-1781204744559-491,RR Lyrae,66741.800,66741.800,66741.900,0.000,0.100,0.100
demo-1781204744543-490,SN II,66725.300,66725.300,66725.400,0.000,0.100,0.100
demo-1781204744543-489,RR Lyrae,66725.200,66725.200,66725.300,0.000,0.100,0.100
demo-1781204744543-488,RR Lyrae,66725.200,66725.200,66725.200,0.000,0.000,0.000
demo-1781204744543-487,Unknown,66725.000,66725.000,66725.100,0.000,0.100,0.100
demo-1781204744526-486,RR Lyrae,66708.600,66708.600,66708.700,0.000,0.100,0.100
demo-1781204744526-485,AGN,66708.500,66708.500,66708.600,0.000,0.100,0.100
demo-1781204744526-484,RR Lyrae,66708.400,66708.400,66708.500,0.000,0.100,0.100
demo-1781204744510-483,AGN,66691.900,66691.900,66692.000,0.000,0.100,0.100
demo-1781204744509-482,Mira,66691.900,66691.900,66691.900,0.000,0.000,0.000
demo-1781204744509-481,AGN,66691.800,66691.800,66691.900,0.000,0.100,0.100
demo-1781204744493-480,Mira,66675.200,66675.200,66675.300,0.000,0.100,0.100
demo-1781204744493-479,SN II,66675.000,66675.000,66675.200,0.000,0.200,0.200
demo-1781204744493-478,SN Ia,66675.000,66675.000,66675.000,0.000,0.000,0.000
demo-1781204744493-477,RR Lyrae,66675.000,66675.000,66675.000,0.000,0.000,0.000
demo-1781204744476-476,RR Lyrae,66658.200,66658.200,66658.300,0.000,0.100,0.100
demo-1781204744476-475,AGN,66658.200,66658.200,66658.200,0.000,0.000,0.000
demo-1781204744476-474,AGN,66658.100,66658.100,66658.200,0.000,0.100,0.100
demo-1781204744458-473,SN Ib,66640.600,66640.600,66640.700,0.000,0.100,0.100
demo-1781204744458-472,AGN,66640.600,66640.600,66640.600,0.000,0.000,0.000
demo-1781204744458-471,SN II,66640.400,66640.400,66640.600,0.000,0.200,0.200
demo-1781204744442-470,Mira,66624.800,66624.800,66624.800,0.000,0.000,0.000
demo-1781204744442-469,Unknown,66624.800,66624.800,66624.800,0.000,0.000,0.000
demo-1781204744442-468,LPV,66624.700,66624.700,66624.800,0.000,0.100,0.100
demo-1781204744442-467,QSO,66624.600,66624.600,66624.700,0.000,0.100,0.100
demo-1781204744426-466,AGN,66608.100,66608.100,66608.100,0.000,0.000,0.000
demo-1781204744426-465,RR Lyrae,66608.000,66608.000,66608.100,0.000,0.100,0.100
demo-1781204744426-464,RR Lyrae,66607.900,66608.000,66608.000,0.100,0.000,0.100
demo-1781204744409-463,RR Lyrae,66591.400,66591.400,66591.500,0.000,0.100,0.100
demo-1781204744409-462,SN Ia,66591.400,66591.400,66591.400,0.000,0.000,0.000
demo-1781204744409-461,AGN,66591.300,66591.300,66591.400,0.000,0.100,0.100
demo-1781204744409-460,AGN,66591.200,66591.200,66591.300,0.000,0.100,0.100
demo-1781204744392-459,QSO,66574.900,66574.900,66574.900,0.000,0.000,0.000
demo-1781204744392-458,Mira,66574.800,66574.800,66574.800,0.000,0.000,0.000
demo-1781204744392-457,RR Lyrae,66574.600,66574.600,66574.800,0.000,0.200,0.200
demo-1781204744376-456,RR Lyrae,66558.200,66558.300,66558.400,0.100,0.100,0.200
demo-1781204744376-455,RR Lyrae,66558.200,66558.200,66558.200,0.000,0.000,0.000
demo-1781204744376-454,LPV,66558.100,66558.100,66558.200,0.000,0.100,0.100
demo-1781204744372-453,Mira,66554.800,66554.800,66554.900,0.000,0.100,0.100
demo-1781204744372-452,SN II,66554.700,66554.700,66554.800,0.000,0.100,0.100
demo-1781204744372-451,RR Lyrae,66554.700,66554.700,66554.700,0.000,0.000,0.000
demo-1781204744370-450,RR Lyrae,66552.000,66552.000,66552.000,0.000,0.000,0.000
demo-1781204744370-449,RR Lyrae,66551.900,66551.900,66552.000,0.000,0.100,0.100
demo-1781204744370-448,AGN,66551.900,66551.900,66551.900,0.000,0.000,0.000
demo-1781204744369-447,LPV,66551.800,66551.800,66551.900,0.000,0.100,0.100
demo-1781204744325-446,AGN,66507.400,66507.400,66507.400,0.000,0.000,0.000
demo-1781204744325-445,SN Ia,66507.300,66507.300,66507.400,0.000,0.100,0.100
demo-1781204744325-444,AGN,66507.200,66507.200,66507.300,0.000,0.100,0.100
demo-1781204744309-443,Mira,66491.700,66491.700,66491.700,0.000,0.000,0.000
demo-1781204744309-442,Unknown,66491.500,66491.500,66491.700,0.000,0.200,0.200
demo-1781204744309-441,RR Lyrae,66491.400,66491.400,66491.500,0.000,0.100,0.100
demo-1781204744293-440,Unknown,66475.100,66475.100,66475.200,0.000,0.100,0.100
demo-1781204744293-439,AGN,66475.000,66475.000,66475.100,0.000,0.100,0.100
demo-1781204744293-438,AGN,66475.000,66475.000,66475.000,0.000,0.000,0.000
demo-1781204744293-437,SN Ib,66474.900,66474.900,66475.000,0.000,0.100,0.100
demo-1781204744276-436,AGN,66458.400,66458.400,66458.400,0.000,0.000,0.000
demo-1781204744276-435,LPV,66458.200,66458.200,66458.400,0.000,0.200,0.200
demo-1781204744276-434,SN Ia,66458.100,66458.100,66458.200,0.000,0.100,0.100
demo-1781204744259-433,RR Lyrae,66441.800,66441.800,66441.800,0.000,0.000,0.000
demo-1781204744259-432,RR Lyrae,66441.700,66441.700,66441.800,0.000,0.100,0.100
demo-1781204744259-431,Unknown,66441.600,66441.600,66441.700,0.000,0.100,0.100
demo-1781204744243-430,RR Lyrae,66425.300,66425.300,66425.400,0.000,0.100,0.100
demo-1781204744243-429,AGN,66425.200,66425.200,66425.300,0.000,0.100,0.100
demo-1781204744243-428,Mira,66425.200,66425.200,66425.200,0.000,0.000,0.000
demo-1781204744243-427,Mira,66425.000,66425.000,66425.100,0.000,0.100,0.100
demo-1781204744226-426,SN Ia,66408.100,66408.100,66408.200,0.000,0.100,0.100
demo-1781204744226-425,SN II,66408.000,66408.100,66408.100,0.100,0.000,0.100
demo-1781204744226-424,RR Lyrae,66408.000,66408.000,66408.000,0.000,0.000,0.000
demo-1781204744209-423,SN II,66391.400,66391.400,66391.400,0.000,0.000,0.000
demo-1781204744209-422,Cepheid,66391.300,66391.300,66391.400,0.000,0.100,0.100
demo-1781204744209-421,LPV,66391.200,66391.200,66391.300,0.000,0.100,0.100
demo-1781204744193-420,Unknown,66374.900,66374.900,66375.000,0.000,0.100,0.100
demo-1781204744192-419,AGN,66374.800,66374.800,66374.900,0.000,0.100,0.100
demo-1781204744192-418,RR Lyrae,66374.800,66374.800,66374.800,0.000,0.000,0.000
demo-1781204744192-417,Mira,66374.700,66374.700,66374.800,0.000,0.100,0.100
demo-1781204744176-416,Cepheid,66358.200,66358.200,66358.300,0.000,0.100,0.100
demo-1781204744176-415,Unknown,66358.200,66358.200,66358.200,0.000,0.000,0.000
demo-1781204744176-414,AGN,66358.100,66358.100,66358.200,0.000,0.100,0.100
demo-1781204744159-413,SN Ib,66341.300,66341.300,66341.400,0.000,0.100,0.100
demo-1781204744159-412,Mira,66341.300,66341.300,66341.300,0.000,0.000,0.000
demo-1781204744159-411,LPV,66341.200,66341.200,66341.300,0.000,0.100,0.100
demo-1781204744143-410,SN II,66325.100,66325.100,66325.100,0.000,0.000,0.000
demo-1781204744143-409,Cepheid,66325.000,66325.000,66325.100,0.000,0.100,0.100
demo-1781204744143-408,Mira,66325.000,66325.000,66325.000,0.000,0.000,0.000
demo-1781204744142-407,SN Ia,66324.900,66324.900,66325.000,0.000,0.100,0.100
demo-1781204744126-406,SN Ic,66308.500,66308.500,66308.500,0.000,0.000,0.000
demo-1781204744126-405,Mira,66308.500,66308.500,66308.500,0.000,0.000,0.000
demo-1781204744126-404,RR Lyrae,66308.300,66308.300,66308.400,0.000,0.100,0.100
demo-1781204744122-403,Mira,66304.100,66304.100,66304.200,0.000,0.100,0.100
demo-1781204744122-402,AGN,66304.100,66304.100,66304.100,0.000,0.000,0.000
demo-1781204744122-401,AGN,66304.000,66304.000,66304.000,0.000,0.000,0.000
demo-1781204744116-400,SN Ia,66298.100,66298.100,66298.100,0.000,0.000,0.000
demo-1781204744116-399,QSO,66298.000,66298.100,66298.100,0.100,0.000,0.100
demo-1781204744116-398,SN II,66298.000,66298.000,66298.000,0.000,0.000,0.000
demo-1781204744116-397,RR Lyrae,66297.900,66298.000,66298.000,0.100,0.000,0.100
demo-1781204744076-396,Unknown,66258.200,66258.200,66258.300,0.000,0.100,0.100
demo-1781204744076-395,QSO,66258.100,66258.100,66258.200,0.000,0.100,0.100
demo-1781204744076-394,AGN,66258.000,66258.000,66258.100,0.000,0.100,0.100
demo-1781204744059-393,AGN,66241.600,66241.600,66241.600,0.000,0.000,0.000
demo-1781204744059-392,RR Lyrae,66241.400,66241.400,66241.600,0.000,0.200,0.200
demo-1781204744059-391,RR Lyrae,66241.400,66241.400,66241.400,0.000,0.000,0.000
demo-1781204744043-390,RR Lyrae,66224.900,66224.900,66224.900,0.000,0.000,0.000
demo-1781204744042-389,AGN,66224.800,66224.800,66224.900,0.000,0.100,0.100
demo-1781204744042-388,RR Lyrae,66224.700,66224.700,66224.800,0.000,0.100,0.100
demo-1781204744042-387,SN Ic,66224.600,66224.600,66224.700,0.000,0.100,0.100
demo-1781204744029-386,RR Lyrae,66211.700,66211.700,66211.800,0.000,0.100,0.100
demo-1781204744029-385,AGN,66211.600,66211.600,66211.700,0.000,0.100,0.100
demo-1781204744029-384,AGN,66211.500,66211.500,66211.600,0.000,0.100,0.100
demo-1781204744009-383,Unknown,66191.700,66191.700,66191.800,0.000,0.100,0.100
demo-1781204744009-382,SN II,66191.600,66191.600,66191.700,0.000,0.100,0.100
demo-1781204744009-381,AGN,66191.500,66191.500,66191.600,0.000,0.100,0.100
demo-1781204743993-380,Unknown,66175.200,66175.200,66175.300,0.000,0.100,0.100
demo-1781204743993-379,AGN,66175.200,66175.200,66175.200,0.000,0.000,0.000
demo-1781204743993-378,AGN,66175.100,66175.100,66175.200,0.000,0.100,0.100
demo-1781204743993-377,RR Lyrae,66175.000,66175.000,66175.100,0.000,0.100,0.100
demo-1781204743976-376,Cepheid,66158.400,66158.400,66158.400,0.000,0.000,0.000
demo-1781204743976-375,RR Lyrae,66158.300,66158.300,66158.400,0.000,0.100,0.100
demo-1781204743976-374,SN Ia,66158.200,66158.200,66158.300,0.000,0.100,0.100
demo-1781204743959-373,RR Lyrae,66141.600,66141.600,66141.700,0.000,0.100,0.100
demo-1781204743959-372,Mira,66141.500,66141.500,66141.600,0.000,0.100,0.100
demo-1781204743959-371,Mira,66141.400,66141.400,66141.500,0.000,0.100,0.100
demo-1781204743943-370,SN II,66124.900,66124.900,66125.000,0.000,0.100,0.100
demo-1781204743942-369,Mira,66124.900,66124.900,66124.900,0.000,0.000,0.000
demo-1781204743942-368,RR Lyrae,66124.800,66124.800,66124.900,0.000,0.100,0.100
demo-1781204743942-367,SN Ia,66124.700,66124.700,66124.800,0.000,0.100,0.100
demo-1781204743926-366,QSO,66108.200,66108.200,66108.200,0.000,0.000,0.000
demo-1781204743926-365,RR Lyrae,66108.100,66108.100,66108.200,0.000,0.100,0.100
demo-1781204743926-364,AGN,66108.100,66108.100,66108.100,0.000,0.000,0.000
demo-1781204743909-363,Mira,66091.400,66091.400,66091.400,0.000,0.000,0.000
demo-1781204743909-362,AGN,66091.300,66091.300,66091.400,0.000,0.100,0.100
demo-1781204743909-361,RR Lyrae,66091.200,66091.200,66091.300,0.000,0.100,0.100
demo-1781204743892-360,Mira,66074.800,66074.800,66074.800,0.000,0.000,0.000
demo-1781204743892-359,LPV,66074.800,66074.800,66074.800,0.000,0.000,0.000
demo-1781204743892-358,SN Ic,66074.600,66074.700,66074.800,0.100,0.100,0.200
demo-1781204743892-357,SN II,66074.600,66074.600,66074.600,0.000,0.000,0.000
demo-1781204743875-356,AGN,66057.200,66057.200,66057.300,0.000,0.100,0.100
demo-1781204743875-355,RR Lyrae,66057.200,66057.200,66057.200,0.000,0.000,0.000
demo-1781204743875-354,LPV,66057.100,66057.100,66057.200,0.000,0.100,0.100
demo-1781204743870-353,Mira,66052.400,66052.400,66052.500,0.000,0.100,0.100
demo-1781204743870-352,AGN,66052.300,66052.300,66052.400,0.000,0.100,0.100
demo-1781204743870-351,SN Ic,66052.300,66052.300,66052.300,0.000,0.000,0.000
demo-1781204743868-350,RR Lyrae,66049.900,66049.900,66049.900,0.000,0.000,0.000
demo-1781204743867-349,SN Ia,66049.800,66049.800,66049.900,0.000,0.100,0.100
demo-1781204743867-348,LPV,66049.800,66049.800,66049.800,0.000,0.000,0.000
demo-1781204743867-347,AGN,66049.600,66049.600,66049.800,0.000,0.200,0.200
demo-1781204743826-346,RR Lyrae,66008.300,66008.300,66008.400,0.000,0.100,0.100
demo-1781204743826-345,RR Lyrae,66008.300,66008.300,66008.300,0.000,0.000,0.000
demo-1781204743826-344,AGN,66008.200,66008.200,66008.300,0.000,0.100,0.100
demo-1781204743809-343,SN Ib,65991.800,65991.800,65991.900,0.000,0.100,0.100
demo-1781204743809-342,Unknown,65991.700,65991.700,65991.800,0.000,0.100,0.100
demo-1781204743809-341,AGN,65991.600,65991.600,65991.700,0.000,0.100,0.100
demo-1781204743793-340,SN Ia,65975.300,65975.300,65975.400,0.000,0.100,0.100
demo-1781204743793-339,SN Ia,65975.200,65975.200,65975.300,0.000,0.100,0.100
demo-1781204743793-338,SN II,65975.100,65975.100,65975.200,0.000,0.100,0.100
demo-1781204743793-337,AGN,65974.900,65975.000,65975.100,0.100,0.100,0.200
demo-1781204743776-336,RR Lyrae,65958.300,65958.300,65958.300,0.000,0.000,0.000
demo-1781204743776-335,Cepheid,65958.200,65958.300,65958.300,0.100,0.000,0.100
demo-1781204743776-334,Mira,65958.100,65958.100,65958.200,0.000,0.100,0.100
demo-1781204743759-333,RR Lyrae,65941.600,65941.600,65941.600,0.000,0.000,0.000
demo-1781204743759-332,Mira,65941.500,65941.500,65941.600,0.000,0.100,0.100
demo-1781204743759-331,Mira,65941.400,65941.400,65941.500,0.000,0.100,0.100
demo-1781204743743-330,AGN,65925.000,65925.000,65925.100,0.000,0.100,0.100
demo-1781204743743-329,Cepheid,65925.000,65925.000,65925.000,0.000,0.000,0.000
demo-1781204743743-328,AGN,65924.800,65924.800,65924.900,0.000,0.100,0.100
demo-1781204743742-327,Cepheid,65924.700,65924.700,65924.800,0.000,0.100,0.100
demo-1781204743726-326,AGN,65908.300,65908.300,65908.300,0.000,0.000,0.000
demo-1781204743726-325,SN Ia,65908.200,65908.200,65908.300,0.000,0.100,0.100
demo-1781204743726-324,AGN,65908.100,65908.100,65908.200,0.000,0.100,0.100
demo-1781204743709-323,SN Ic,65891.800,65891.800,65891.800,0.000,0.000,0.000
demo-1781204743709-322,SN II,65891.700,65891.700,65891.800,0.000,0.100,0.100
demo-1781204743709-321,AGN,65891.500,65891.500,65891.700,0.000,0.200,0.200
demo-1781204743693-320,AGN,65875.000,65875.000,65875.000,0.000,0.000,0.000
demo-1781204743693-319,Cepheid,65874.900,65875.000,65875.000,0.100,0.000,0.100
demo-1781204743693-318,LPV,65874.900,65874.900,65874.900,0.000,0.000,0.000
demo-1781204743692-317,AGN,65874.800,65874.800,65874.800,0.000,0.000,0.000
demo-1781204743676-316,Mira,65858.200,65858.200,65858.200,0.000,0.000,0.000
demo-1781204743676-315,SN II,65858.100,65858.100,65858.200,0.000,0.100,0.100
demo-1781204743676-314,Cepheid,65858.100,65858.100,65858.100,0.000,0.000,0.000
demo-1781204743659-313,Unknown,65841.500,65841.500,65841.500,0.000,0.000,0.000
demo-1781204743659-312,LPV,65841.400,65841.400,65841.500,0.000,0.100,0.100
demo-1781204743659-311,LPV,65841.300,65841.300,65841.400,0.000,0.100,0.100
demo-1781204743642-310,LPV,65824.800,65824.800,65824.900,0.000,0.100,0.100
demo-1781204743642-309,QSO,65824.800,65824.800,65824.800,0.000,0.000,0.000
demo-1781204743642-308,RR Lyrae,65824.700,65824.700,65824.700,0.000,0.000,0.000
demo-1781204743642-307,LPV,65824.600,65824.600,65824.700,0.000,0.100,0.100
demo-1781204743626-306,RR Lyrae,65808.100,65808.100,65808.100,0.000,0.000,0.000
demo-1781204743626-305,SN Ic,65808.000,65808.000,65808.100,0.000,0.100,0.100
demo-1781204743626-304,LPV,65808.000,65808.000,65808.000,0.000,0.000,0.000
demo-1781204743614-303,Unknown,65796.000,65796.000,65796.100,0.000,0.100,0.100
demo-1781204743614-302,Unknown,65795.900,65796.000,65796.000,0.100,0.000,0.100
demo-1781204743614-301,SN Ia,65795.900,65795.900,65795.900,0.000,0.000,0.000
demo-1781204743611-300,RR Lyrae,65793.600,65793.600,65793.600,0.000,0.000,0.000
demo-1781204743611-299,Unknown,65793.500,65793.500,65793.500,0.000,0.000,0.000
demo-1781204743611-298,AGN,65793.400,65793.400,65793.500,0.000,0.100,0.100
demo-1781204743611-297,RR Lyrae,65793.300,65793.300,65793.400,0.000,0.100,0.100
demo-1781204743576-296,RR Lyrae,65758.800,65758.800,65758.900,0.000,0.100,0.100
demo-1781204743576-295,AGN,65758.700,65758.700,65758.800,0.000,0.100,0.100
demo-1781204743576-294,AGN,65758.500,65758.500,65758.700,0.000,0.200,0.200
demo-1781204743559-293,RR Lyrae,65741.100,65741.100,65741.200,0.000,0.100,0.100
demo-1781204743559-292,QSO,65741.000,65741.000,65741.100,0.000,0.100,0.100
demo-1781204743558-291,RR Lyrae,65740.800,65740.800,65740.900,0.000,0.100,0.100
demo-1781204743544-290,RR Lyrae,65726.100,65726.100,65726.100,0.000,0.000,0.000
demo-1781204743544-289,RR Lyrae,65726.000,65726.000,65726.100,0.000,0.100,0.100
demo-1781204743543-288,Unknown,65725.800,65725.800,65726.000,0.000,0.200,0.200
demo-1781204743543-287,Mira,65725.500,65725.500,65725.800,0.000,0.300,0.300
demo-1781204743527-286,AGN,65709.600,65709.600,65709.600,0.000,0.000,0.000
demo-1781204743527-285,RR Lyrae,65709.300,65709.300,65709.600,0.000,0.300,0.300
demo-1781204743527-284,RR Lyrae,65709.100,65709.100,65709.300,0.000,0.200,0.200
demo-1781204743510-283,RR Lyrae,65691.900,65691.900,65692.100,0.000,0.200,0.200
demo-1781204743509-282,AGN,65691.700,65691.700,65691.900,0.000,0.200,0.200
demo-1781204743509-281,Mira,65691.600,65691.600,65691.700,0.000,0.100,0.100
demo-1781204743494-280,RR Lyrae,65676.100,65676.100,65676.200,0.000,0.100,0.100
demo-1781204743494-279,AGN,65676.000,65676.000,65676.100,0.000,0.100,0.100
demo-1781204743494-278,RR Lyrae,65675.900,65675.900,65676.000,0.000,0.100,0.100
demo-1781204743493-277,Mira,65675.400,65675.400,65675.800,0.000,0.400,0.400
demo-1781204743476-276,AGN,65658.500,65658.500,65658.600,0.000,0.100,0.100
demo-1781204743476-275,Unknown,65658.400,65658.400,65658.500,0.000,0.100,0.100
demo-1781204743476-274,RR Lyrae,65658.300,65658.300,65658.400,0.000,0.100,0.100
demo-1781204743459-273,AGN,65641.300,65641.300,65641.500,0.000,0.200,0.200
demo-1781204743459-272,AGN,65641.200,65641.200,65641.300,0.000,0.100,0.100
demo-1781204743459-271,RR Lyrae,65641.100,65641.100,65641.200,0.000,0.100,0.100
demo-1781204743443-270,Mira,65625.300,65625.300,65625.500,0.000,0.200,0.200
demo-1781204743443-269,RR Lyrae,65625.100,65625.100,65625.200,0.000,0.100,0.100
demo-1781204743443-268,Mira,65625.000,65625.000,65625.100,0.000,0.100,0.100
demo-1781204743442-267,RR Lyrae,65624.800,65624.800,65625.000,0.000,0.200,0.200
demo-1781204743426-266,RR Lyrae,65608.500,65608.500,65608.600,0.000,0.100,0.100
demo-1781204743426-265,Mira,65608.400,65608.500,65608.500,0.100,0.000,0.100
demo-1781204743426-264,QSO,65608.300,65608.300,65608.400,0.000,0.100,0.100
demo-1781204743409-263,AGN,65591.400,65591.400,65591.500,0.000,0.100,0.100
demo-1781204743409-262,Cepheid,65591.300,65591.300,65591.400,0.000,0.100,0.100
demo-1781204743409-261,Unknown,65591.300,65591.300,65591.300,0.000,0.000,0.000
demo-1781204743392-260,Mira,65574.900,65574.900,65574.900,0.000,0.000,0.000
demo-1781204743392-259,QSO,65574.700,65574.700,65574.900,0.000,0.200,0.200
demo-1781204743392-258,RR Lyrae,65574.600,65574.600,65574.700,0.000,0.100,0.100
demo-1781204743392-257,SN II,65574.600,65574.600,65574.600,0.000,0.000,0.000
demo-1781204743376-256,Unknown,65558.100,65558.100,65558.100,0.000,0.000,0.000
demo-1781204743376-255,Mira,65558.000,65558.000,65558.100,0.000,0.100,0.100
demo-1781204743376-254,SN Ia,65557.900,65557.900,65558.000,0.000,0.100,0.100
demo-1781204743363-253,AGN,65545.600,65545.600,65545.800,0.000,0.200,0.200
demo-1781204743363-252,RR Lyrae,65545.600,65545.600,65545.600,0.000,0.000,0.000
demo-1781204743363-251,AGN,65545.600,65545.600,65545.600,0.000,0.000,0.000
demo-1781204743361-250,Kilonova,65543.300,65543.300,65543.400,0.000,0.100,0.100
demo-1781204743361-249,Mira,65543.200,65543.200,65543.300,0.000,0.100,0.100
demo-1781204743361-248,RR Lyrae,65543.200,65543.200,65543.200,0.000,0.000,0.000
demo-1781204743361-247,RR Lyrae,65543.100,65543.100,65543.200,0.000,0.100,0.100
demo-1781204743327-246,Unknown,65509.200,65509.200,65509.300,0.000,0.100,0.100
demo-1781204743327-245,AGN,65509.000,65509.000,65509.200,0.000,0.200,0.200
demo-1781204743326-244,RR Lyrae,65508.700,65508.700,65509.000,0.000,0.300,0.300
demo-1781204743309-243,AGN,65491.600,65491.600,65491.700,0.000,0.100,0.100
demo-1781204743309-242,SN II,65491.500,65491.500,65491.600,0.000,0.100,0.100
demo-1781204743309-241,QSO,65491.400,65491.400,65491.500,0.000,0.100,0.100
demo-1781204743309-240,SN II,65491.100,65491.200,65491.400,0.100,0.200,0.300
demo-1781204743293-239,AGN,65475.600,65475.600,65475.700,0.000,0.100,0.100
demo-1781204743293-238,AGN,65475.500,65475.500,65475.600,0.000,0.100,0.100
demo-1781204743293-237,Mira,65475.200,65475.200,65475.400,0.000,0.200,0.200
demo-1781204743277-236,Mira,65459.500,65459.500,65459.500,0.000,0.000,0.000
demo-1781204743277-235,RR Lyrae,65459.300,65459.300,65459.500,0.000,0.200,0.200
demo-1781204743277-234,LPV,65459.000,65459.100,65459.200,0.100,0.100,0.200
demo-1781204743259-233,RR Lyrae,65441.500,65441.500,65441.600,0.000,0.100,0.100
demo-1781204743259-232,LPV,65441.400,65441.400,65441.500,0.000,0.100,0.100
demo-1781204743259-231,AGN,65441.300,65441.300,65441.400,0.000,0.100,0.100
demo-1781204743243-230,Unknown,65424.900,65424.900,65425.000,0.000,0.100,0.100
demo-1781204743242-229,AGN,65424.800,65424.800,65424.900,0.000,0.100,0.100
demo-1781204743242-228,AGN,65424.700,65424.700,65424.800,0.000,0.100,0.100
demo-1781204743242-227,Mira,65424.600,65424.600,65424.700,0.000,0.100,0.100
demo-1781204743226-226,LPV,65408.100,65408.100,65408.200,0.000,0.100,0.100
demo-1781204743226-225,RR Lyrae,65408.000,65408.000,65408.100,0.000,0.100,0.100
demo-1781204743226-224,RR Lyrae,65408.000,65408.000,65408.000,0.000,0.000,0.000
demo-1781204743209-223,Mira,65391.500,65391.500,65391.600,0.000,0.100,0.100
demo-1781204743209-222,AGN,65391.400,65391.400,65391.500,0.000,0.100,0.100
demo-1781204743209-221,RR Lyrae,65391.200,65391.300,65391.400,0.100,0.100,0.200
demo-1781204743193-220,RR Lyrae,65375.000,65375.000,65375.100,0.000,0.100,0.100
demo-1781204743193-219,SN Ia,65375.000,65375.000,65375.000,0.000,0.000,0.000
demo-1781204743193-218,SN Ia,65374.900,65374.900,65375.000,0.000,0.100,0.100
demo-1781204743192-217,AGN,65374.800,65374.800,65374.800,0.000,0.000,0.000
demo-1781204743176-216,AGN,65358.100,65358.100,65358.200,0.000,0.100,0.100
demo-1781204743176-215,RR Lyrae,65357.900,65357.900,65358.100,0.000,0.200,0.200
demo-1781204743175-214,Cepheid,65357.900,65357.900,65357.900,0.000,0.000,0.000
demo-1781204743159-213,RR Lyrae,65341.300,65341.400,65341.400,0.100,0.000,0.100
demo-1781204743159-212,Unknown,65341.300,65341.300,65341.300,0.000,0.000,0.000
demo-1781204743159-211,RR Lyrae,65341.100,65341.100,65341.300,0.000,0.200,0.200
demo-1781204743142-210,LPV,65324.700,65324.700,65324.800,0.000,0.100,0.100
demo-1781204743142-209,Mira,65324.600,65324.600,65324.700,0.000,0.100,0.100
demo-1781204743142-208,AGN,65324.600,65324.600,65324.600,0.000,0.000,0.000
demo-1781204743142-207,Unknown,65324.600,65324.600,65324.600,0.000,0.000,0.000
demo-1781204743126-206,RR Lyrae,65308.000,65308.000,65308.000,0.000,0.000,0.000
demo-1781204743126-205,RR Lyrae,65307.900,65307.900,65308.000,0.000,0.100,0.100
demo-1781204743125-204,Unknown,65307.800,65307.800,65307.900,0.000,0.100,0.100
demo-1781204743113-203,QSO,65295.500,65295.500,65295.600,0.000,0.100,0.100
demo-1781204743113-202,Unknown,65295.500,65295.500,65295.500,0.000,0.000,0.000
demo-1781204743113-201,SN Ia,65295.400,65295.400,65295.500,0.000,0.100,0.100
demo-1781204743111-200,Cepheid,65293.100,65293.100,65293.200,0.000,0.100,0.100
demo-1781204743111-199,RR Lyrae,65293.100,65293.100,65293.100,0.000,0.000,0.000
demo-1781204743111-198,AGN,65293.000,65293.000,65293.100,0.000,0.100,0.100
demo-1781204743111-197,AGN,65292.900,65292.900,65293.000,0.000,0.100,0.100
demo-1781204743077-196,LPV,65259.500,65259.600,65259.700,0.100,0.100,0.200
demo-1781204743077-195,Mira,65259.300,65259.300,65259.500,0.000,0.200,0.200
demo-1781204743077-194,AGN,65259.000,65259.000,65259.300,0.000,0.300,0.300
demo-1781204743059-193,Mira,65241.500,65241.500,65241.600,0.000,0.100,0.100
demo-1781204743059-192,RR Lyrae,65241.400,65241.400,65241.500,0.000,0.100,0.100
demo-1781204743059-191,AGN,65241.100,65241.100,65241.400,0.000,0.300,0.300
demo-1781204743044-190,SN II,65226.000,65226.000,65226.100,0.000,0.100,0.100
demo-1781204743043-189,RR Lyrae,65225.900,65225.900,65225.900,0.000,0.000,0.000
demo-1781204743043-188,LPV,65225.700,65225.700,65225.800,0.000,0.100,0.100
demo-1781204743043-187,AGN,65225.400,65225.400,65225.600,0.000,0.200,0.200
demo-1781204743027-186,AGN,65209.300,65209.300,65209.400,0.000,0.100,0.100
demo-1781204743027-185,SN II,65209.200,65209.200,65209.300,0.000,0.100,0.100
demo-1781204743027-184,RR Lyrae,65208.900,65209.000,65209.200,0.100,0.200,0.300
demo-1781204743010-183,AGN,65192.400,65192.400,65192.600,0.000,0.200,0.200
demo-1781204743010-182,Mira,65192.300,65192.300,65192.400,0.000,0.100,0.100
demo-1781204743010-181,RR Lyrae,65192.000,65192.100,65192.300,0.100,0.200,0.300
demo-1781204742993-180,Mira,65174.900,65174.900,65175.000,0.000,0.100,0.100
demo-1781204742992-179,SN Ib,65174.900,65174.900,65174.900,0.000,0.000,0.000
demo-1781204742992-178,RR Lyrae,65174.700,65174.700,65174.900,0.000,0.200,0.200
demo-1781204742992-177,Mira,65174.600,65174.600,65174.700,0.000,0.100,0.100
demo-1781204742976-176,AGN,65158.800,65158.800,65158.900,0.000,0.100,0.100
demo-1781204742976-175,Mira,65158.800,65158.800,65158.800,0.000,0.000,0.000
demo-1781204742976-174,RR Lyrae,65158.500,65158.500,65158.700,0.000,0.200,0.200
demo-1781204742959-173,LPV,65141.400,65141.400,65141.500,0.000,0.100,0.100
demo-1781204742959-172,AGN,65141.300,65141.300,65141.400,0.000,0.100,0.100
demo-1781204742959-171,AGN,65141.200,65141.300,65141.300,0.100,0.000,0.100
demo-1781204742942-170,Mira,65124.900,65124.900,65125.000,0.000,0.100,0.100
demo-1781204742942-169,RR Lyrae,65124.700,65124.700,65124.900,0.000,0.200,0.200
demo-1781204742942-168,RR Lyrae,65124.700,65124.700,65124.700,0.000,0.000,0.000
demo-1781204742942-167,Mira,65124.600,65124.600,65124.600,0.000,0.000,0.000
demo-1781204742926-166,AGN,65108.200,65108.200,65108.300,0.000,0.100,0.100
demo-1781204742926-165,SN Ia,65108.100,65108.100,65108.200,0.000,0.100,0.100
demo-1781204742926-164,QSO,65107.900,65107.900,65108.000,0.000,0.100,0.100
demo-1781204742909-163,Mira,65091.500,65091.500,65091.600,0.000,0.100,0.100
demo-1781204742909-162,Mira,65091.400,65091.400,65091.500,0.000,0.100,0.100
demo-1781204742909-161,SN II,65091.300,65091.300,65091.400,0.000,0.100,0.100
demo-1781204742892-160,RR Lyrae,65074.700,65074.700,65074.800,0.000,0.100,0.100
demo-1781204742892-159,AGN,65074.600,65074.600,65074.700,0.000,0.100,0.100
demo-1781204742892-158,AGN,65074.600,65074.600,65074.600,0.000,0.000,0.000
demo-1781204742892-157,Mira,65074.500,65074.500,65074.600,0.000,0.100,0.100
demo-1781204742876-156,Mira,65058.300,65058.300,65058.300,0.000,0.000,0.000
demo-1781204742876-155,RR Lyrae,65058.200,65058.200,65058.300,0.000,0.100,0.100
demo-1781204742876-154,Mira,65058.000,65058.000,65058.200,0.000,0.200,0.200
demo-1781204742859-153,SN Ia,65041.800,65041.800,65041.800,0.000,0.000,0.000
demo-1781204742859-152,Mira,65041.600,65041.700,65041.800,0.100,0.100,0.200
demo-1781204742859-151,Mira,65041.500,65041.500,65041.600,0.000,0.100,0.100
demo-1781204742859-150,Cepheid,65041.400,65041.400,65041.500,0.000,0.100,0.100
demo-1781204742854-149,RR Lyrae,65036.500,65036.500,65036.600,0.000,0.100,0.100
demo-1781204742854-148,RR Lyrae,65036.400,65036.400,65036.500,0.000,0.100,0.100
demo-1781204742854-147,AGN,65036.300,65036.300,65036.400,0.000,0.100,0.100
demo-1781204742826-146,SN Ia,65008.100,65008.100,65008.300,0.000,0.200,0.200
demo-1781204742826-145,AGN,65008.000,65008.000,65008.100,0.000,0.100,0.100
demo-1781204742825-144,AGN,65007.700,65007.700,65008.000,0.000,0.300,0.300
demo-1781204742810-143,Mira,64992.500,64992.500,64992.600,0.000,0.100,0.100
demo-1781204742810-142,Mira,64992.300,64992.400,64992.500,0.100,0.100,0.200
demo-1781204742810-141,AGN,64992.000,64992.100,64992.300,0.100,0.200,0.300
demo-1781204742793-140,SN II,64975.600,64975.700,64975.700,0.100,0.000,0.100
demo-1781204742793-139,LPV,64975.500,64975.500,64975.600,0.000,0.100,0.100
demo-1781204742793-138,RR Lyrae,64975.400,64975.400,64975.500,0.000,0.100,0.100
demo-1781204742793-137,SN II,64975.100,64975.100,64975.300,0.000,0.200,0.200
demo-1781204742777-136,Cepheid,64959.300,64959.400,64959.600,0.100,0.200,0.300
demo-1781204742777-135,Mira,64959.000,64959.000,64959.300,0.000,0.300,0.300
demo-1781204742776-134,SN Ia,64958.700,64958.700,64959.000,0.000,0.300,0.300
demo-1781204742759-133,RR Lyrae,64941.400,64941.400,64941.500,0.000,0.100,0.100
demo-1781204742759-132,Cepheid,64941.300,64941.300,64941.400,0.000,0.100,0.100
demo-1781204742759-131,AGN,64941.200,64941.200,64941.300,0.000,0.100,0.100
demo-1781204742743-130,RR Lyrae,64924.900,64924.900,64925.000,0.000,0.100,0.100
demo-1781204742742-129,RR Lyrae,64924.800,64924.800,64924.900,0.000,0.100,0.100
demo-1781204742742-128,RR Lyrae,64924.700,64924.700,64924.700,0.000,0.000,0.000
demo-1781204742742-127,RR Lyrae,64924.600,64924.600,64924.600,0.000,0.000,0.000
demo-1781204742726-126,RR Lyrae,64908.200,64908.200,64908.200,0.000,0.000,0.000
demo-1781204742726-125,Mira,64908.100,64908.100,64908.200,0.000,0.100,0.100
demo-1781204742726-124,AGN,64908.000,64908.000,64908.100,0.000,0.100,0.100
demo-1781204742709-123,LPV,64891.600,64891.600,64891.600,0.000,0.000,0.000
demo-1781204742709-122,LPV,64891.500,64891.500,64891.600,0.000,0.100,0.100
demo-1781204742709-121,Mira,64891.300,64891.300,64891.500,0.000,0.200,0.200
demo-1781204742693-120,RR Lyrae,64874.800,64874.800,64875.000,0.000,0.200,0.200
demo-1781204742692-119,Mira,64874.800,64874.800,64874.800,0.000,0.000,0.000
demo-1781204742692-118,SN II,64874.700,64874.700,64874.800,0.000,0.100,0.100
demo-1781204742692-117,SN Ia,64874.500,64874.500,64874.700,0.000,0.200,0.200
demo-1781204742676-116,RR Lyrae,64858.100,64858.100,64858.200,0.000,0.100,0.100
demo-1781204742676-115,RR Lyrae,64857.900,64857.900,64858.100,0.000,0.200,0.200
demo-1781204742675-114,RR Lyrae,64857.800,64857.800,64857.900,0.000,0.100,0.100
demo-1781204742659-113,Mira,64840.900,64840.900,64841.100,0.000,0.200,0.200
demo-1781204742658-112,Unknown,64840.800,64840.800,64840.900,0.000,0.100,0.100
demo-1781204742658-111,AGN,64840.800,64840.800,64840.800,0.000,0.000,0.000
demo-1781204742642-110,SN Ia,64824.800,64824.800,64825.100,0.000,0.300,0.300
demo-1781204742642-109,Mira,64824.800,64824.800,64824.800,0.000,0.000,0.000
demo-1781204742642-108,AGN,64824.700,64824.700,64824.800,0.000,0.100,0.100
demo-1781204742642-107,RR Lyrae,64824.500,64824.500,64824.700,0.000,0.200,0.200
demo-1781204742625-106,Mira,64807.900,64807.900,64807.900,0.000,0.000,0.000
demo-1781204742625-105,AGN,64807.800,64807.800,64807.900,0.000,0.100,0.100
demo-1781204742625-104,RR Lyrae,64807.700,64807.700,64807.800,0.000,0.100,0.100
demo-1781204742609-103,SN Ia,64791.500,64791.500,64791.500,0.000,0.000,0.000
demo-1781204742609-102,AGN,64791.300,64791.300,64791.400,0.000,0.100,0.100
demo-1781204742609-101,Mira,64791.300,64791.300,64791.300,0.000,0.000,0.000
demo-1781204742597-100,Unknown,64779.400,64779.400,64779.500,0.000,0.100,0.100
demo-1781204742597-99,Mira,64779.400,64779.400,64779.400,0.000,0.000,0.000
demo-1781204742597-98,AGN,64779.400,64779.400,64779.400,0.000,0.000,0.000
demo-1781204742597-97,Unknown,64779.200,64779.200,64779.400,0.000,0.200,0.200
demo-1781204742576-96,QSO,64758.000,64758.000,64758.000,0.000,0.000,0.000
demo-1781204742575-95,SN Ic,64757.800,64757.800,64758.000,0.000,0.200,0.200
demo-1781204742575-94,RR Lyrae,64757.700,64757.700,64757.800,0.000,0.100,0.100
demo-1781204742559-93,AGN,64741.200,64741.200,64741.300,0.000,0.100,0.100
demo-1781204742559-92,Unknown,64741.200,64741.200,64741.200,0.000,0.000,0.000
demo-1781204742559-91,Mira,64741.000,64741.000,64741.200,0.000,0.200,0.200
demo-1781204742542-90,RR Lyrae,64724.500,64724.500,64724.600,0.000,0.100,0.100
demo-1781204742542-89,RR Lyrae,64724.500,64724.500,64724.500,0.000,0.000,0.000
demo-1781204742542-88,SN II,64724.400,64724.400,64724.500,0.000,0.100,0.100
demo-1781204742542-87,SN Ia,64724.300,64724.300,64724.400,0.000,0.100,0.100
demo-1781204742526-86,LPV,64707.900,64707.900,64707.900,0.000,0.000,0.000
demo-1781204742525-85,RR Lyrae,64707.800,64707.800,64707.900,0.000,0.100,0.100
demo-1781204742525-84,Mira,64707.800,64707.800,64707.800,0.000,0.000,0.000
demo-1781204742509-83,LPV,64691.600,64691.600,64691.700,0.000,0.100,0.100
demo-1781204742509-82,RR Lyrae,64691.500,64691.500,64691.500,0.000,0.000,0.000
demo-1781204742509-81,RR Lyrae,64691.400,64691.400,64691.500,0.000,0.100,0.100
demo-1781204742492-80,AGN,64674.600,64674.600,64674.700,0.000,0.100,0.100
demo-1781204742492-79,RR Lyrae,64674.500,64674.500,64674.600,0.000,0.100,0.100
demo-1781204742492-78,SN Ia,64674.500,64674.500,64674.500,0.000,0.000,0.000
demo-1781204742492-77,RR Lyrae,64674.300,64674.300,64674.500,0.000,0.200,0.200
demo-1781204742476-76,RR Lyrae,64657.900,64657.900,64658.000,0.000,0.100,0.100
demo-1781204742475-75,AGN,64657.900,64657.900,64657.900,0.000,0.000,0.000
demo-1781204742475-74,AGN,64657.800,64657.800,64657.800,0.000,0.000,0.000
demo-1781204742459-73,RR Lyrae,64641.200,64641.200,64641.200,0.000,0.000,0.000
demo-1781204742459-72,RR Lyrae,64641.100,64641.100,64641.200,0.000,0.100,0.100
demo-1781204742459-71,AGN,64641.000,64641.000,64641.100,0.000,0.100,0.100
demo-1781204742442-70,SN Ia,64624.600,64624.600,64624.700,0.000,0.100,0.100
demo-1781204742442-69,SN II,64624.500,64624.500,64624.600,0.000,0.100,0.100
demo-1781204742442-68,AGN,64624.500,64624.500,64624.500,0.000,0.000,0.000
demo-1781204742442-67,SN Ia,64624.400,64624.400,64624.500,0.000,0.100,0.100
demo-1781204742426-66,LPV,64607.900,64607.900,64608.000,0.000,0.100,0.100
demo-1781204742425-65,SN Ia,64607.800,64607.800,64607.900,0.000,0.100,0.100
demo-1781204742425-64,RR Lyrae,64607.700,64607.700,64607.800,0.000,0.100,0.100
demo-1781204742409-63,AGN,64591.300,64591.300,64591.300,0.000,0.000,0.000
demo-1781204742409-62,Mira,64591.200,64591.200,64591.300,0.000,0.100,0.100
demo-1781204742409-61,LPV,64591.100,64591.100,64591.200,0.000,0.100,0.100
demo-1781204742409-60,RR Lyrae,64591.000,64591.000,64591.100,0.000,0.100,0.100
demo-1781204742392-59,RR Lyrae,64574.500,64574.500,64574.500,0.000,0.000,0.000
demo-1781204742392-58,SN Ia,64574.500,64574.500,64574.500,0.000,0.000,0.000
demo-1781204742392-57,RR Lyrae,64574.300,64574.400,64574.500,0.100,0.100,0.200
demo-1781204742376-56,RR Lyrae,64558.100,64558.100,64558.200,0.000,0.100,0.100
demo-1781204742376-55,QSO,64558.000,64558.000,64558.100,0.000,0.100,0.100
demo-1781204742375-54,LPV,64557.800,64557.800,64558.000,0.000,0.200,0.200
demo-1781204742359-53,Unknown,64541.300,64541.300,64541.400,0.000,0.100,0.100
demo-1781204742359-52,AGN,64541.300,64541.300,64541.300,0.000,0.000,0.000
demo-1781204742359-51,RR Lyrae,64541.100,64541.200,64541.300,0.100,0.100,0.200
demo-1781204742345-50,SN Ia,64527.600,64527.600,64527.700,0.000,0.100,0.100
demo-1781204742345-49,RR Lyrae,64527.600,64527.600,64527.600,0.000,0.000,0.000
demo-1781204742345-48,Mira,64527.500,64527.500,64527.600,0.000,0.100,0.100
demo-1781204742345-47,SN Ic,64527.400,64527.400,64527.500,0.000,0.100,0.100
demo-1781204742325-46,RR Lyrae,64507.900,64507.900,64507.900,0.000,0.000,0.000
demo-1781204742325-45,Mira,64507.700,64507.800,64507.900,0.100,0.100,0.200
demo-1781204742325-44,SN Ia,64507.700,64507.700,64507.700,0.000,0.000,0.000
demo-1781204742309-43,LPV,64491.200,64491.200,64491.200,0.000,0.000,0.000
demo-1781204742309-42,AGN,64491.100,64491.100,64491.200,0.000,0.100,0.100
demo-1781204742309-41,SN II,64491.000,64491.000,64491.100,0.000,0.100,0.100
demo-1781204742292-40,RR Lyrae,64474.600,64474.600,64474.700,0.000,0.100,0.100
demo-1781204742292-39,SN Ia,64474.600,64474.600,64474.600,0.000,0.000,0.000
demo-1781204742292-38,Unknown,64474.500,64474.500,64474.600,0.000,0.100,0.100
demo-1781204742292-37,Cepheid,64474.300,64474.400,64474.500,0.100,0.100,0.200
demo-1781204742276-36,RR Lyrae,64458.100,64458.100,64458.100,0.000,0.000,0.000
demo-1781204742276-35,Cepheid,64458.000,64458.000,64458.100,0.000,0.100,0.100
demo-1781204742276-34,AGN,64457.900,64457.900,64458.000,0.000,0.100,0.100
demo-1781204742259-33,SN Ia,64441.600,64441.600,64441.600,0.000,0.000,0.000
demo-1781204742259-32,AGN,64441.400,64441.400,64441.600,0.000,0.200,0.200
demo-1781204742259-31,RR Lyrae,64441.200,64441.200,64441.300,0.000,0.100,0.100
demo-1781204742242-30,Unknown,64424.800,64424.800,64424.800,0.000,0.000,0.000
demo-1781204742242-29,RR Lyrae,64424.600,64424.600,64424.700,0.000,0.100,0.100
demo-1781204742242-28,Mira,64424.500,64424.500,64424.600,0.000,0.100,0.100
demo-1781204742242-27,SN II,64424.500,64424.500,64424.500,0.000,0.000,0.000
demo-1781204742226-26,Mira,64407.900,64407.900,64408.000,0.000,0.100,0.100
demo-1781204742225-25,AGN,64407.900,64407.900,64407.900,0.000,0.000,0.000
demo-1781204742225-24,Unknown,64407.700,64407.700,64407.900,0.000,0.200,0.200
demo-1781204742209-23,RR Lyrae,64391.500,64391.500,64391.600,0.000,0.100,0.100
demo-1781204742209-22,AGN,64391.400,64391.400,64391.500,0.000,0.100,0.100
demo-1781204742209-21,AGN,64391.300,64391.300,64391.400,0.000,0.100,0.100
demo-1781204742192-20,RR Lyrae,64374.700,64374.700,64374.800,0.000,0.100,0.100
demo-1781204742192-19,RR Lyrae,64374.700,64374.700,64374.700,0.000,0.000,0.000
demo-1781204742192-18,LPV,64374.600,64374.600,64374.600,0.000,0.000,0.000
demo-1781204742192-17,Mira,64374.400,64374.400,64374.600,0.000,0.200,0.200
demo-1781204742176-16,RR Lyrae,64358.400,64358.400,64358.500,0.000,0.100,0.100
demo-1781204742176-15,AGN,64358.300,64358.300,64358.400,0.000,0.100,0.100
demo-1781204742176-14,Unknown,64358.100,64358.100,64358.200,0.000,0.100,0.100
demo-1781204742159-13,RR Lyrae,64341.600,64341.600,64341.800,0.000,0.200,0.200
demo-1781204742159-12,AGN,64341.500,64341.500,64341.600,0.000,0.100,0.100
demo-1781204742159-11,SN Ic,64341.400,64341.400,64341.500,0.000,0.100,0.100
demo-1781204742143-10,RR Lyrae,64325.000,64325.000,64325.000,0.000,0.000,0.000
demo-1781204742142-9,RR Lyrae,64324.800,64324.800,64324.900,0.000,0.100,0.100
demo-1781204742142-8,RR Lyrae,64324.700,64324.700,64324.700,0.000,0.000,0.000
demo-1781204742142-7,RR Lyrae,64324.500,64324.500,64324.600,0.000,0.100,0.100
demo-1781204742128-6,AGN,64310.200,64310.200,64310.300,0.000,0.100,0.100
demo-1781204742128-5,Unknown,64310.100,64310.100,64310.200,0.000,0.100,0.100
demo-1781204742127-4,AGN,64309.900,64309.900,64310.100,0.000,0.200,0.200
demo-1781204742122-3,QSO,64304.300,64304.300,64304.400,0.000,0.100,0.100
demo-1781204742121-2,Unknown,64304.000,64304.100,64304.300,0.100,0.200,0.300
demo-1781204742109-1,AGN,64291.300,64291.800,64303.700,0.500,11.900,12.400